Code;Nom;Longitude;Latitude;Num_dept;Cours_deau;Departement
V294201001;L'Ain à Chazey-sur-Ain;5.2334923;45.906423056;01;L'Ain;AIN
V271201001;L'Ain à Pont-d'Ain;5.336198092;46.047408267;01;L'Ain;AIN
V292402001;L'Albarine à Chaley;5.533970079;45.953904649;01;L'Albarine;AIN
V293401001;L'Albarine à Saint-Denis-en-Bugey [Pont Saint Denis];5.331709625;45.954757013;01;L'Albarine;AIN
V292401001;L'Albarine à Saint-Rambert-en-Bugey;5.439340194;45.94801973;01;L'Albarine;AIN
V041501001;L'Allondon à Saint-Genis-Pouilly;6.014197508;46.239256376;01;L'Allondon;AIN
V041504001;L'Allondon à Échenevex [Naz-Dessous];6.028608342;46.298583152;01;L'Allondon;AIN
V251521001;L'Ange à Brion;5.553444025;46.171877928;01;L'Ange;AIN
V145431201;L'Arène à Chazey-Bons;5.654502898;45.820620655;01;L'Arène;AIN
V251501002;L'Oignin à Maillat [Pontet];5.539029882;46.1342078;01;L'Oignin;AIN
V251501001;L'Oignin à Maillat [Pontet] - Village;5.539474869;46.128981327;01;L'Oignin;AIN
U440502001;La Chalaronne à Châtillon-sur-Chalaronne;4.957533859;46.117265136;01;La Chalaronne;AIN
U440501001;La Chalaronne à Villars-les-Dombes;5.028446513;45.998314215;01;La Chalaronne;AIN
U400000101;La Reyssouze [Source] à Journans;5.330753535;46.143007226;01;La Reyssouze;AIN
U401402101;La Reyssouze à Bourg-en-Bresse [Baudières];5.233608207;46.202957525;01;La Reyssouze;AIN
U401402001;La Reyssouze à Bourg-en-Bresse [Majornas];5.222298789;46.227058678;01;La Reyssouze;AIN
U403000301;La Reyssouze à Cras-sur-Reyssouze [Digue des Puthods];5.168896186;46.302153841;01;La Reyssouze;AIN
U401401001;La Reyssouze à Montagnat;5.289964753;46.171511591;01;La Reyssouze;AIN
U403000201;La Reyssouze à Montrevel-en-Bresse [TEST INTEGRATION AQUASYS];5.129951572;46.336996018;01;;AIN
U405401101;La Reyssouze à Pont-de-Vaux [Barrage des aiguilles] - Amont;4.931706351;46.435942399;01;La Reyssouze;AIN
U405401102;La Reyssouze à Pont-de-Vaux [Barrage des aiguilles] - Aval;4.931706351;46.435942399;01;La Reyssouze;AIN
U405401201;La Reyssouze à Pont-de-Vaux [Blancherie];4.936430988;46.431018561;01;La Reyssouze;AIN
U405401001;La Reyssouze à Saint-Julien-sur-Reyssouze;5.108671397;46.400607013;01;La Reyssouze;AIN
U470001001;La Saône à Trévoux;4.773170497;45.939988602;01;La Saône;AIN
V101581001;La Semine à Châtillon-en-Michaille [Coz];5.800454684;46.149838689;01;La Semine;AIN
V101582001;La Semine à Saint-Germain-de-Joux [Les Marionnettes];5.738727802;46.182483546;01;La Semine;AIN
V300561001;La Sereine à Montluel;5.057738124;45.853261796;01;La Sereine;AIN
V294521001;La Toison à Rignieux-le-Franc;5.196009322;45.93935539;01;La Toison;AIN
V101503001;La Valserine à Chézery-Forens [Chézery];5.86571257;46.221759013;01;La Valserine;AIN
V101503003;La Valserine à Chézery-Forens [Chézery] - Station vitesse;5.864814022;46.219896033;01;La Valserine;AIN
V101502001;La Valserine à Chézery-Forens [Les Hirondelles];5.891832778;46.244568634;01;La Valserine;AIN
V101582601;La Valserine à Lancrans - Station partenaire CNR;5.817333478;46.132652471;01;La Valserine;AIN
V101582501;La Valserine à Lancrans [Le Viret];5.82151635;46.125024715;01;La Valserine;AIN
V101582401;La Valserine à Lancrans [Moulin de Métral];5.824552233;46.120561029;01;La Valserine;AIN
V101501001;La Valserine à Lélex [Niaizet];5.921921494;46.282474777;01;La Valserine;AIN
U423402002;La Veyle à Biziat [gourt des parties] - Amont;4.951800512;46.23611255;01;La Veyle;AIN
U423402001;La Veyle à Biziat [gourt des parties] - Aval;4.950840959;46.237236258;01;La Veyle;AIN
U420401001;La Veyle à Lent;5.198749522;46.119578372;01;La Veyle;AIN
U423401001;La Veyle à Vonnas [Vonnas];4.980969303;46.225428252;01;La Veyle;AIN
V144002001;La dérivation de Belley à Brens - CNR;5.699357223;45.71059006;01;Dérivation de Belley;AIN
V144002002;La dérivation de Belley à Brens - DREAL;5.699444509;45.710533908;01;Dérivation de Belley;AIN
V144002003;La dérivation de Belley à Brens - Le Rhône à LA BALME;5.708785093;45.716643866;01;Dérivation de Belley;AIN
V146431001;Le Furans à Arbignieu [Pont de Peyzieu];5.665901001;45.716621461;01;Le Furans;AIN
V146431101;Le Furans à Chazey-Bons;5.67590395;45.786319188;01;Le Furans;AIN
V145431002;Le Furans à Pugieu [Pont du Martinet];5.642406646;45.820879185;01;Le Furans;AIN
V145431001;Le Furans à Pugieu [Pont du Martinet] - Ancienne;5.640059733;45.821384591;01;Le Furans;AIN
V145431301;Le Furans à Rossillon;5.571946544;45.84203328;01;Le Furans;AIN
V145431401;Le Furans à Rossillon;5.583908903;45.835761942;01;Le Furans;AIN
V161000401;Le Gland à Prémeyzel;5.627559685;45.669699616;01;Le Gland;AIN
V142501001;Le Groin à Artemare [Cerveyrieu];5.685831498;45.874843213;01;Le Groin;AIN
U402000101;Le Jugnon à Viriat [Bretonière];5.230265946;46.2484647;01;Le Jugnon;AIN
V041541001;Le Lion à Prévessin-Moëns [Vesegnin];6.058178262;46.262395533;01;Le Lion;AIN
V300911001;Le Longevent à Pérouges [Meximieux];5.185875767;45.889960488;01;Le Longevent;AIN
U423501001;Le Renon à Neuville-les-Dames;4.996907877;46.157087217;01;Le Renon;AIN
V126402401;Le Rhône à Anglefort [Entrant Chautagne];5.82548015;45.934449353;01;Le Rhône;AIN
V113000101;Le Rhône à Corbonod - CNR;5.832380668;45.967931835;01;Le Rhône;AIN
V113000102;Le Rhône à Corbonod - DREAL;5.832380668;45.967931835;01;Le Rhône;AIN
V163002001;Le Rhône à Lagnieu - CNR;5.340434628;45.881379741;01;Le Rhône;AIN
V163002002;Le Rhône à Lagnieu - DREAL Rhône Alpes;5.340233187;45.880888424;01;Le Rhône;AIN
V163002003;Le Rhône à Lagnieu - Le Rhône à SAULT-BRÉNAZ CNR;5.402072125;45.859599905;01;Le Rhône;AIN
V100001001;Le Rhône à Pougny - CNR;5.963664346;46.143957314;01;Le Rhône;AIN
V100001002;Le Rhône à Pougny - DREAL Rhône Alpes;5.964334247;46.137640984;01;Le Rhône;AIN
V102002001;Le Rhône à Surjoux;5.810166537;46.020999732;01;Le Rhône;AIN
V102002002;Le Rhône à Surjoux - Bognes CNR;5.807816235;46.039358298;01;Le Rhône;AIN
U344502001;Le Sevron à Bény;5.280759767;46.315599405;01;Le Sevron;AIN
U344641201;Le Sevron à Saint-Étienne-du-Bois [Pont du Chatelet];5.288179754;46.290650139;01;Le Sevron;AIN
U343434001;Le Solnan à Domsure;5.276820044;46.437399835;01;Le Solnan;AIN
U343432001;Le Solnan à Verjon [Village];5.349974049;46.344858355;01;Le Solnan;AIN
U343432002;Le Solnan à Verjon [Village] - Source;5.358238945;46.342552597;01;Le Solnan;AIN
V281581201;Le Suran à Germagnat;5.441078752;46.309448083;01;Le Suran;AIN
V281404001;Le Suran à Germagnat [Lasserra];5.443956354;46.30460257;01;Le Suran;AIN
V281404002;Le Suran à Germagnat [Lasserra] - Ancienne;5.446434569;46.301882683;01;Le Suran;AIN
V281404003;Le Suran à Germagnat [Lasserra] - Germagnat Intermédiaire;5.445307304;46.304538968;01;Le Suran;AIN
V281402001;Le Suran à Neuville-sur-Ain [La Planche];5.390159369;46.112240931;01;Le Suran;AIN
V281403001;Le Suran à Pont-d'Ain;5.331274674;46.064673887;01;Le Suran;AIN
V281403002;Le Suran à Pont-d'Ain - Station intermédiaire Pont-SNCF;5.331286841;46.064655619;01;Le Suran;AIN
V281401001;Le Suran à Simandre-sur-Suran;5.417717786;46.224748177;01;Le Suran;AIN
V141401001;Le Séran à Belmont-Luthézieu [Bavosière];5.6725646;45.881627001;01;Le Séran;AIN
V143000301;Le Séran à Ceyzérieu;5.747023998;45.833131545;01;Le Séran;AIN
V143000501;Le Séran à Talissieu;5.720895348;45.855467615;01;Le Séran;AIN
U421601001;Le Vieux Jonc à Buellas [Corgenon];5.141201476;46.192824866;01;Le Vieux Jonc;AIN
V145431801;Le ruisseau Pointay à Rossillon;5.585746103;45.837070071;01;Ruisseau Pointay;AIN
V143000401;Le ruisseau de Farillieu à Magnieu;5.742430697;45.782396934;01;Ruisseau de Farillieu;AIN
V144621301;[L'Ousson] à Belley;5.704678753;45.760067065;01;;AIN
V244403201;[La Source Bleue] à Dortan;5.662501253;46.310055503;01;;AIN
V145431501;[Source des Hotteaux] à Rossillon;5.583421082;45.83822778;01;;AIN
V145431601;[Source des Hotteaux] à Rossillon;5.58377794;45.838068796;01;;AIN
V145431701;[Source des Hotteaux] à Rossillon;5.583747688;45.838433769;01;;AIN
V281581001;[résurgence] à Neuville-sur-Ain [Bourbou];5.38998307;46.107595992;01;;AIN
H732201001;L'Ailette à Chaillevois;3.52396383;49.500041;02;L'Ailette;AISNE
H730201001;L'Ailette à Chamouille;3.66559421;49.464095599;02;L'Ailette;AISNE
H730202001;L'Ailette à Chavignon;3.543677209;49.48136654;02;L'Ailette;AISNE
H730203001;L'Ailette à Colligis-Crandelain [Crandelain] - - Fermée;3.626553453;49.4607945;02;L'Ailette;AISNE
H632101101;L'Aisne [partielle] à Berry-au-Bac;3.900402917;49.401050557;02;L'Aisne;AISNE
H652101001;L'Aisne à Cuffies [Vauxrot];3.328048301;49.404261717;02;L'Aisne;AISNE
H162000301;L'Aisne à Cuffies [Vauxrot] - Barrage (amont);3.329179298;49.395718389;02;L'Aisne;AISNE
H162000302;L'Aisne à Cuffies [Vauxrot] - Barrage (aval);3.328559987;49.395795561;02;L'Aisne;AISNE
H162000201;L'Aisne à Fontenoy - Barrage (amont);3.206099092;49.399401313;02;L'Aisne;AISNE
H162000202;L'Aisne à Fontenoy - Barrage (aval);3.205479781;49.39946277;02;L'Aisne;AISNE
H632102001;L'Aisne à Pontavert;3.820629731;49.40387413;02;L'Aisne;AISNE
H650102002;L'Aisne à Soissons - La passerelle des Anglais (mire historique);3.331268058;49.381623518;02;L'Aisne;AISNE
H650102001;L'Aisne à Soissons - Le mail (station US);3.329727656;49.387004436;02;L'Aisne;AISNE
H166000201;L'Aisne à Vic-sur-Aisne - Barrage (amont);3.111388362;49.40200386;02;L'Aisne;AISNE
H166000202;L'Aisne à Vic-sur-Aisne - Barrage (aval);3.111266201;49.401884784;02;L'Aisne;AISNE
E100601001;L'Escaut à Vendhuile;3.207558715;50.013494784;02;Rivière Escaut;AISNE
H705343001;L'Iron à Iron;3.659119904;49.957416497;02;l'Iron;AISNE
H720101001;L'Oise à Condren;3.280962989;49.625003278;02;L'Oise;AISNE
H704102501;L'Oise à Flavigny-le-Grand-et-Beaurain;3.66518872;49.89443572;02;L'Oise;AISNE
H004000101;L'Oise à Guise - hauteur de l'Oise a Guise;49.8976718;3.6304581;02;L'Oise;AISNE
H702101002;L'Oise à Hirson - déversoir;4.078367987;49.924267777;02;L'Oise;AISNE
H702101001;L'Oise à Hirson - mire historique;4.078275874;49.924162118;02;L'Oise;AISNE
H704101001;L'Oise à Monceau-sur-Oise;3.69971916;49.898685401;02;L'Oise;AISNE
H706101001;L'Oise à Origny-Sainte-Benoite;3.481800108;49.839592661;02;L'Oise;AISNE
H706101002;L'Oise à Origny-Sainte-Benoite - + rigole;3.481800108;49.839592661;02;L'Oise;AISNE
H004000201;L'Oise à Proisy - barrage de Proisy;49.9020632;3.742611;02;L'Oise;AISNE
H002001101;L'Oise à Étréaupont - Hauteur de l'Oise a Etréaupont;49.9048593;3.9137358;02;L'Oise;AISNE
H552201001;L'Ourcq à Chouy;3.249307198;49.194286799;02;L'Ourcq;AISNE
H012000201;La Brune à Hary - Hauteur de la Brune;49.7868314;3.9346643;02;Rivière Brune;AISNE
H651301001;La Crise à Soissons;3.323401081;49.363888382;02;La Crise;AISNE
F620000301;La Marne à Azy-sur-Marne - Barrage (amont) [VNF];3.376504132;49.001674997;02;La Marne;AISNE
F620000302;La Marne à Azy-sur-Marne - Barrage (aval) [VNF];3.375785355;49.001161192;02;La Marne;AISNE
F620000201;La Marne à Château-Thierry;3.403097363;49.044438358;02;La Marne;AISNE
H550301001;La Savières à Longpont;3.234051638;49.275883468;02;La Savieres;AISNE
H010002201;La Serre à Chaourse - hauteur de la Serre;49.7039967;3.9962315;02;La Serre;AISNE
H710202001;La Serre à Montcornet;4.014892934;49.698327419;02;La Serre;AISNE
H010002301;La Serre à Montigny-sous-Marle - Barrage de Montigny sous Marle;49.7423813;3.7902558;02;La Serre;AISNE
H714201001;La Serre à Mortiers;3.666938657;49.684547151;02;La Serre;AISNE
H716201001;La Serre à Pont-à-Bucy;3.483904746;49.692260143;02;La Serre;AISNE
H710201001;La Serre à Rozoy-sur-Serre;4.128931934;49.712456015;02;La Serre;AISNE
H715301001;La Souche à Froidmont-Cohartille - Fermée;3.717282419;49.692806897;02;La Souche;AISNE
H715301204;La Souche à Froidmont-Cohartille [RN2];3.710257838;49.689948371;02;La Souche;AISNE
H715301203;La Souche à Froidmont-Cohartille [RN2] - Fermée;3.692091402;49.679878331;02;La Souche;AISNE
H715301202;La Souche à Froidmont-Cohartille [RN2] - débitmétrique - Fermée;3.710233237;49.689909872;02;La Souche;AISNE
H631302001;La Suippe à Orainville;4.023253919;49.383821397;02;La Suippe;AISNE
H643201001;La Vesle à Braine;3.527082387;49.337094694;02;La Vesle;AISNE
H643201101;La Vesle à Chassemy;3.479724527;49.374524324;02;La Vesle;AISNE
H632101203;La rigole d'alimentation de Berry-au-Bac à Berry-au-Bac - Débitmètre;3.898659544;49.398405972;02;Rigole d'Alimentation de Berry-au-Bac;AISNE
H632101201;La rigole d'alimentation de Berry-au-Bac à Berry-au-Bac - Fermée;3.911336264;49.401660847;02;Rigole d'Alimentation de Berry-au-Bac;AISNE
H632101202;La rigole d'alimentation de Berry-au-Bac à Berry-au-Bac - Fermée;3.903906926;49.39979294;02;Rigole d'Alimentation de Berry-au-Bac;AISNE
H632101204;La rigole d'alimentation de Berry-au-Bac à Berry-au-Bac - secours CT;3.898659559;49.398405932;02;Rigole d'Alimentation de Berry-au-Bac;AISNE
H705311001;Le Morteau au Nouvion-en-Thiérache [Moulin Lointain];3.751619211;50.00939479;02;Le Morteau;AISNE
H005000301;Le Noirrieu [ruisseau] à Étreux;3.654565766;49.991164011;02;Le Noirrieu;AISNE
H005000101;Le Noirrieu à la Neuville-lès-Dorengt;3.673103276;49.977975924;02;Le Noirrieu;AISNE
H001000301;Le Petit Gland à Any-Martin-Rieux - Hauteur du petit Gland;49.8763278;4.1935661;02;Le Petit Gland;AISNE
H530202001;Le Surmelin à Mézy-Moulins - - Fermée;3.516276611;49.059983585;02;Le Surmelin;AISNE
F619000101;Le Surmelin à Saint-Eugène;3.531462464;49.025073927;02;Le Surmelin;AISNE
H703301001;Le Ton à Origny-en-Thiérache;4.014788758;49.895810971;02;Le Ton;AISNE
H003000201;Le Ton à Étréaupont - hauteur du Ton à Etréaupont;49.9017734;3.9139921;02;Le Ton;AISNE
H013000101;Le Vilpion à Marle - Hauteur du Vilpion;49.7423184;3.7647895;02;Le Vilpion;AISNE
H011001201;Le Vilpion à Thiernu;3.791216259;49.760554906;02;Le Vilpion;AISNE
H652353201;Le ru de Retz à Ambleny [Pont Cheminet];3.188693417;49.380065654;02;Ru de Retz;AISNE
H143000201;Le ruisseau de Fayau à Aizelles - Hauteur du Fayau dans le camping du moulin;49.490133;3.8088708;02;Ruisseau de Fayau;AISNE
H715321001;Le ruisseau des Barentons à Barenton-Bugny;3.647231768;49.635617035;02;Ruisseau des Barentons;AISNE
H715322001;Le ruisseau des Barentons à Chambry;3.655033483;49.592134199;02;Ruisseau des Barentons;AISNE
K181031001;L'Acolin à la Chapelle-aux-Chasses - Ancienne;3.536490738;46.672322412;03;l'Acolin;ALLIER
K313000201;L'Allier à Billy - [HS];3.424110244;46.235790686;03;l'Allier;ALLIER
K340081001;L'Allier à Châtel-de-Neuvre;3.316919408;46.402193665;03;l'Allier;ALLIER
K345081001;L'Allier à Moulins;3.325950839;46.56111743;03;l'Allier;ALLIER
K303081001;L'Allier à Saint-Yorre;3.459087447;46.062037526;03;l'Allier;ALLIER
K315301001;L'Andelot à Loriges;3.338924615;46.271254786;03;;ALLIER
K531301001;L'Aumance à Cosne-d'Allier - Ancienne;2.844419947;46.478922645;03;l'Aumance;ALLIER
K538302001;L'Aumance à Hérisson;2.713049024;46.507807119;03;l'Aumance;ALLIER
K538302101;L'Aumance à Hérisson - Pont de la Roche - Ancienne;2.67411042;46.529061572;03;l'Aumance;ALLIER
K536322001;L'Oeil à Cosne-d'Allier;2.827672081;46.474315303;03;l'il;ALLIER
K534321001;L'Oeil à Malicorne - Beaufrancon;2.754887808;46.313079545;03;l'il;ALLIER
K536322201;L'Oeil à Villefranche-d'Allier - Fouctière - [HS];2.825980483;46.416251082;03;l'il;ALLIER
K151000101;La Besbre à Châtel-Montagne [EDF];3.687844622;46.086431153;03;la Besbre;ALLIER
K156302101;La Besbre à Dompierre-sur-Besbre - Champ Bonnet [Ancienne];3.673194009;46.49836952;03;la Besbre;ALLIER
K154000401;La Besbre à Lapalisse - Moulin Marin [HS];3.629415795;46.264157253;03;la Besbre;ALLIER
K156302001;La Besbre à Saint-Pourçain-sur-Besbre;3.654197355;46.47680517;03;la Besbre;ALLIER
K153301001;La Besbre à Saint-Prix;3.645737239;46.226784734;03;la Besbre;ALLIER
K360301001;La Bieudre à Pouzy-Mésangy - RD 1 - Ancienne échelle;3.004882292;46.707054293;03;la Bieudre;ALLIER
K360301002;La Bieudre à Pouzy-Mésangy - RD 234 - Nouvelle échelle;3.009490466;46.711375982;03;la Bieudre;ALLIER
K337301001;La Bouble à Chareil-Cintrat;3.226816238;46.263185826;03;la Bouble;ALLIER
K333000101;La Bouble à Louroux-de-Bouble;2.962940722;46.232672357;03;la Bouble;ALLIER
K333000103;La Bouble à Louroux-de-Bouble - A supprimer;2.962940722;46.232672357;03;la Bouble;ALLIER
K333000102;La Bouble à Louroux-de-Bouble - Ancienne;2.96284989;46.232672328;03;la Bouble;ALLIER
K353301001;La Burge à Agonges [Le Vieux Cheval];3.136210287;46.630122608;03;la Burge;ALLIER
K355301001;La Burge à Aubigny - Hors service;3.147743162;46.684701027;03;la Burge;ALLIER
K534591001;La Chaux à Colombier - [HS];2.785110247;46.267792413;03;la Chaux;ALLIER
K143601001;La Loddes au Donjon - [HS];3.796683551;46.350442046;03;;ALLIER
K523401001;La Magieure à Vaux;2.576397484;46.417443827;03;la Magieure;ALLIER
K346401001;La Queune à Neuvy;3.289675607;46.578791648;03;la Queune;ALLIER
K338201001;La Sioule à Saint-Pourçain-sur-Sioule;3.296513016;46.309256416;03;la Sioule;ALLIER
K338201003;La Sioule à Saint-Pourçain-sur-Sioule - Auberge des Aubrelles - Fermée;3.29312791;46.31529839;03;la Sioule;ALLIER
K338201002;La Sioule à Saint-Pourçain-sur-Sioule - La Moutte - Ancienne;3.294189421;46.314530247;03;la Sioule;ALLIER
K332201001;La Sioule à Ébreuil;3.094394151;46.116305496;03;la Sioule;ALLIER
K542401001;La Sologne à Ainay-le-Château - Ancienne;2.685899067;46.708839677;03;la Sologne;ALLIER
K508301001;La Tartasse à la Petite-Marche - Saint-Pardoux -Ancienne;2.581961712;46.175305298;03;la Tartasse;ALLIER
K154000301;La Têche à Varennes-sur-Tèche;3.614340542;46.32887767;03;la Têche;ALLIER
K141401001;La Vouzance à Saint-Léger-sur-Vouzance;3.940307014;46.415465008;03;la Vouzance;ALLIER
K533311001;Le Bandais à Vieure;2.901754551;46.508051319;03;le Bandais;ALLIER
K152401001;Le Barbenan au Breuil;3.687728054;46.193993974;03;le Barbenan;ALLIER
K505000101;Le Boron à Saint-Marcel-en-Marcillat - Pont Rameau;2.568090032;46.142601318;03;le Boron;ALLIER
K337471001;Le Boublon à Fourilles - Fermée;3.198221226;46.24359969;03;le Boublon;ALLIER
K522090001;Le Cher à Lavault-Sainte-Anne - Ancienne;2.602512496;46.312334737;03;le Cher;ALLIER
K522090003;Le Cher à Montluçon;2.602483136;46.344995169;03;le Cher;ALLIER
K522090002;Le Cher à Saint-Victor - Ancienne;2.603702147;46.393886406;03;le Cher;ALLIER
K520090010;Le Cher à Teillet-Argenty - Barrage de Rochebut;2.535712029;46.242600128;03;le Cher;ALLIER
K520090201;Le Cher à Teillet-Argenty [EDF - QNR];2.534815494;46.241487758;03;le Cher;ALLIER
K307401001;Le Jolan à Cusset - [HS];3.453240014;46.137097193;03;le Jolan;ALLIER
K312000101;Le Mourgon à Saint-Germain-des-Fossés - Passerelle;3.432971941;46.204965816;03;le Mourgon;ALLIER
K150000201;Le Sapey à la Chabanne - Moulin Voir [HS];3.737289043;46.033893794;03;le Sapey;ALLIER
K308000101;Le Sichon à Cusset [Allée Mesdames];3.443401676;46.134677656;03;le Sichon;ALLIER
K306031001;Le Sichon à Cusset [Moulin Vidot] - [HS];3.474836082;46.119413114;03;le Sichon;ALLIER
K305310001;Le Sichon à Ferrières-sur-Sichon;3.646212393;46.023904407;03;le Sichon;ALLIER
K313000301;Le Valençon à Varennes-sur-Allier [Le Moulin Vaque];3.421437838;46.310717848;03;le Valençon;ALLIER
K537681001;Le ruisseau de Noël à Venas - [HS];2.747679421;46.481316333;03;le Ris de Noël;ALLIER
X142000101;L'Asse à Beynes [EDF - Clue de Chabrières];6.25296986;44.013884135;04;L'Asse;ALPES-DE-HAUTE-PROVENCE
X144000401;L'Asse à Oraison [Pont d'Oraison] - Pont d'Oraison;5.909512833;43.879107903;04;L'Asse;ALPES-DE-HAUTE-PROVENCE
X211401001;L'Issole à Saint-André-les-Alpes [Mourefrey] - DREAL;6.502636065;43.994716368;04;L'Issole;ALPES-DE-HAUTE-PROVENCE
X211401002;L'Issole à Saint-André-les-Alpes [Mourefrey] - EDF;6.50261241;43.994734052;04;L'Issole;ALPES-DE-HAUTE-PROVENCE
X203521001;L'Ivoire à Allons;6.562549259;44.008479074;04;L'Ivoire;ALPES-DE-HAUTE-PROVENCE
X045401001;L'Ubaye au Lauzet-Ubaye [Roche-Rousse];6.39901426;44.449458363;04;L'Ubaye;ALPES-DE-HAUTE-PROVENCE
X045401002;L'Ubaye au Lauzet-Ubaye [Roche-Rousse] - EDF;6.39901426;44.449458363;04;L'Ubaye;ALPES-DE-HAUTE-PROVENCE
X045631001;L'Ubaye au Lauzet-Ubaye [tunnel];6.423163309;44.43722505;04;L'Ubaye;ALPES-DE-HAUTE-PROVENCE
X043401001;L'Ubaye à Barcelonnette [Abattoir];6.651689553;44.384303029;04;L'Ubaye;ALPES-DE-HAUTE-PROVENCE
X123000101;La Bléone à Digne-les-Bains;6.229409283;44.089463505;04;La Bléone;ALPES-DE-HAUTE-PROVENCE
X123000102;La Bléone à Digne-les-Bains;6.229115581;44.089346854;04;La Bléone;ALPES-DE-HAUTE-PROVENCE
X123000201;La Bléone à Digne-les-Bains [Amont ville] - Pont des Arches;6.233072135;44.110376987;04;La Bléone;ALPES-DE-HAUTE-PROVENCE
X125000201;La Bléone à Malijai;6.030403788;44.043675467;04;La Bléone;ALPES-DE-HAUTE-PROVENCE
X201521001;La Chasse à Villars-Colmars [La Moulière];6.570573459;44.210961374;04;La Chasse;ALPES-DE-HAUTE-PROVENCE
X113000101;La Durance à Oraison [Escale - EDF QNR];6.012548591;44.086466188;04;La Durance;ALPES-DE-HAUTE-PROVENCE
X111501001;La Durance à Salignac [Usine EDF];5.977232566;44.137260431;04;La Durance;ALPES-DE-HAUTE-PROVENCE
X107000201;La Durance à Sisteron [Pont D951 dit Pont de la Baume];5.945508842;44.19932389;04;La Durance;ALPES-DE-HAUTE-PROVENCE
X062000101;La Durance à Valernes [Pont de Fombeton];5.921982564;44.249270296;04;La Durance;ALPES-DE-HAUTE-PROVENCE
X131001001;La Durance à la Brillanne [ancienne prise];5.893977756;43.934661493;04;La Durance;ALPES-DE-HAUTE-PROVENCE
X200203001;La Lance à Colmars;6.62520395;44.178985034;04;La Lance;ALPES-DE-HAUTE-PROVENCE
Y603561001;La Vaïre à Annot [Pont des Scaffarels];6.686495704;43.955528244;04;La Vaïre;ALPES-DE-HAUTE-PROVENCE
Y603562001;La Vaïre à Thorame-Haute [Méailles];6.619487113;44.042745601;04;La Vaïre;ALPES-DE-HAUTE-PROVENCE
X231501001;Le Bau à Rougon [Pont de la D 952];6.37801502;43.792139832;04;Le Bau;ALPES-DE-HAUTE-PROVENCE
X122501001;Le Bès à la Javie [Esclangon-Péroure];6.275708475;44.217343056;04;Le Bès;ALPES-DE-HAUTE-PROVENCE
X200601001;Le Chadoulin à Allos;6.629377339;44.239189914;04;Le Chadoulin;ALPES-DE-HAUTE-PROVENCE
X341401001;Le Coulon à Oppedette;5.584492314;43.918773933;04;Le Coulon;ALPES-DE-HAUTE-PROVENCE
X110000501;Le Jabron à Saint-Vincent-sur-Jabron [EDF Piedguichard];5.777427839;44.164688544;04;Le Jabron;ALPES-DE-HAUTE-PROVENCE
X110000301;Le Jabron à Sisteron;5.945095614;44.161751589;04;Le Jabron;ALPES-DE-HAUTE-PROVENCE
X152000102;Le Largue à Saint-Maime - Station SPCGD (Pont RD 13);5.804098365;43.898553958;04;Le Largue;ALPES-DE-HAUTE-PROVENCE
X152000101;Le Largue à Villeneuve - Notre-Dame de la roche;5.837510644;43.897033127;04;Le Largue;ALPES-DE-HAUTE-PROVENCE
X133501001;Le Lauzon à Villeneuve;5.886185914;43.91169647;04;Le Lauzon;ALPES-DE-HAUTE-PROVENCE
X123000301;Le Mardaric à Digne-les-Bains;6.243617118;44.096843023;04;Le Mardaric;ALPES-DE-HAUTE-PROVENCE
X041541001;Le Riou Mounal à Saint-Paul-sur-Ubaye [Col de Vars];6.700853332;44.531734106;04;Riou Mounal;ALPES-DE-HAUTE-PROVENCE
X042622001;Le Riou Versant à Jausiers [Le Moulin];6.758947893;44.401002944;04;Riou Versant;ALPES-DE-HAUTE-PROVENCE
X042601001;Le Riou Versant à Jausiers [Restefond];6.787510436;44.363488845;04;Riou Versant;ALPES-DE-HAUTE-PROVENCE
X112000501;Le Vanson à Sourribes [Pont de Sourribes] - Pont de Sourribes;6.015493521;44.147209796;04;Le Vanson;ALPES-DE-HAUTE-PROVENCE
X112000301;Le Vanson à Volonne;6.002985983;44.138482995;04;Le Vanson;ALPES-DE-HAUTE-PROVENCE
Y604201001;Le Var à Entrevaux [Pont-levis];6.810133942;43.949350406;04;Le Var;ALPES-DE-HAUTE-PROVENCE
Y600203501;Le Var à Saint-Benoît [Amont confluence Coulomp];6.759616022;43.971251073;04;Le Var;ALPES-DE-HAUTE-PROVENCE
X200202001;Le Verdon à Allos [La Foux];6.56906359;44.293328845;04;Le Verdon;ALPES-DE-HAUTE-PROVENCE
X200064001;Le Verdon à Colmars [EDF];6.616951981;44.198034989;04;Le Verdon;ALPES-DE-HAUTE-PROVENCE
X200064003;Le Verdon à Colmars [EDF];6.626703576;44.182665705;04;Le Verdon;ALPES-DE-HAUTE-PROVENCE
X200064002;Le Verdon à Colmars [EDF] - Pont Sainte-Anne - Piscine municipale;6.625746892;44.182193469;04;Le Verdon;ALPES-DE-HAUTE-PROVENCE
X220202201;Le Verdon à Demandolx [Castillon EDF - QNR];6.537494568;43.878639746;04;Le Verdon;ALPES-DE-HAUTE-PROVENCE
X220202001;Le Verdon à Saint-André-les-Alpes [Pont de Meouilles];6.517955023;43.960887939;04;Le Verdon;ALPES-DE-HAUTE-PROVENCE
X260201001;Le Verdon à Sainte-Croix-du-Verdon;6.134141921;43.736833745;04;Le Verdon;ALPES-DE-HAUTE-PROVENCE
X203201001;Le Verdon à la Mure-Argens [EDF - camping];6.559200054;44.006038212;04;Le Verdon;ALPES-DE-HAUTE-PROVENCE
X042501001;Le ruisseau du Parpaillon à la Condamine-Châtelard [Sainte-Anne];6.694941563;44.481654072;04;Ruisseau du Parpaillon;ALPES-DE-HAUTE-PROVENCE
X070000201;Le torrent Sasse à Clamensane;6.057939941;44.31510079;04;Torrent Sasse;ALPES-DE-HAUTE-PROVENCE
X071000501;Le torrent Sasse à Clamensane - Stèle;6.102130724;44.31840814;04;Torrent Sasse;ALPES-DE-HAUTE-PROVENCE
X071000601;Le torrent Sasse à Clamensane [Amont Reynier] - Pont de Reynier;6.107594455;44.319311401;04;Torrent Sasse;ALPES-DE-HAUTE-PROVENCE
X072000201;Le torrent Sasse à Valernes [La Barque];5.923874044;44.249742369;04;Torrent Sasse;ALPES-DE-HAUTE-PROVENCE
X071000401;Le torrent Sasse à Valernes [Pont de Valernes] - Pont de Valernes;5.965659984;44.257530135;04;Torrent Sasse;ALPES-DE-HAUTE-PROVENCE
X071000201;Le torrent de Syriez à la Motte-du-Caire;6.009435754;44.329753176;04;Torrent de Syriez;ALPES-DE-HAUTE-PROVENCE
X123000401;Le torrent des Eaux Chaudes à Digne-les-Bains;6.234248962;44.09038456;04;Torrent des Eaux Chaudes;ALPES-DE-HAUTE-PROVENCE
X001561301;La Durance à Briançon [aval - EDF];6.624926345;44.886522408;05;La Durance;HAUTES-ALPES
X031001001;La Durance à Embrun [La Clapière];6.498009964;44.555356405;05;La Durance;HAUTES-ALPES
X031001002;La Durance à Embrun [La Clapière] - EDF;6.498009964;44.555356405;05;La Durance;HAUTES-ALPES
X050551301;La Durance à Espinasses [Serre-Ponçon EDF QNR];6.272764047;44.470913176;05;La Durance;HAUTES-ALPES
X061000201;La Durance à Monêtier-Allemont;5.94520804;44.380464956;05;La Durance;HAUTES-ALPES
X001001002;La Durance à Val-des-Prés [Les Alberts];6.679418537;44.924487799;05;La Durance;HAUTES-ALPES
X001001001;La Durance à Val-des-Prés [Les Alberts] - La Vachette;6.674825306;44.917248091;05;La Durance;HAUTES-ALPES
X051591001;La Durance à Valserres [Pont de l'Archidiacre];6.111700052;44.475687233;05;La Durance;HAUTES-ALPES
X013001001;La Durance à l'Argentière-la-Bessée;6.559183105;44.776533696;05;La Durance;HAUTES-ALPES
X001501001;La Guisane au Monêtier-les-Bains [Le Casset];6.482715336;44.986281843;05;La Guisane;HAUTES-ALPES
X001501002;La Guisane au Monêtier-les-Bains [Le Casset] - Pisciculture;6.486530909;44.983669278;05;La Guisane;HAUTES-ALPES
X001502001;La Guisane à Saint-Chaffrey [Chantemerle];6.585391411;44.933456318;05;La Guisane;HAUTES-ALPES
X105000302;La Méouge à Châteauneuf-de-Chabre [Pommet - EDF];5.795952118;44.276385528;05;La Méouge;HAUTES-ALPES
W221641001;La Ribière à Agnières-en-Dévoluy [La Combe];5.880885601;44.695445396;05;La Ribière;HAUTES-ALPES
W221642001;La Ribière à Saint-Disdier [Moulin de Nayrette];5.898889304;44.730260711;05;La Ribière;HAUTES-ALPES
X102691601;La Sigouste à Montmaur - Chateau Beylon;5.887798068;44.576717351;05;La Sigouste;HAUTES-ALPES
W221504001;La Souloise à Saint-Disdier [Les Roures];5.895330165;44.735020519;05;La Souloise;HAUTES-ALPES
W221502001;La Souloise à Saint-Disdier [Pont de la Baume];5.884718776;44.751396597;05;La Souloise;HAUTES-ALPES
W221503001;La Souloise à Saint-Étienne-en-Dévoluy [2];5.938667397;44.692965195;05;La Souloise;HAUTES-ALPES
W221503002;La Souloise à Saint-Étienne-en-Dévoluy [2];5.937883675;44.693331444;05;La Souloise;HAUTES-ALPES
X104000301;Le Buëch à Laragne-Montéglin;5.821691703;44.307853682;05;Le Buëch;HAUTES-ALPES
X103402303;Le Buëch à Serres [Village] - Centre-Ville EDF;5.717311715;44.428835058;05;Le Buëch;HAUTES-ALPES
X103402304;Le Buëch à Serres [Village] - Centre-Ville EDF;5.717311715;44.428835058;05;Le Buëch;HAUTES-ALPES
X103402302;Le Buëch à Serres [Village] - Centre-ville SPC;5.717736853;44.428788541;05;Le Buëch;HAUTES-ALPES
X103402301;Le Buëch à Serres [Village] - Pont de Pierre;5.713397991;44.432147107;05;Le Buëch;HAUTES-ALPES
X103402001;Le Buëch à Serres [les Chambons - QNR] - EDF;5.713127315;44.441179013;05;Le Buëch;HAUTES-ALPES
X030501001;Le Couleau à Saint-Clément-sur-Durance [Moulin];6.566507677;44.641884282;05;Le Couleau;HAUTES-ALPES
W202203001;Le Drac [le Drac] à Chabottes [Pont de Chabottes];6.173312143;44.649681004;05;Le Drac;HAUTES-ALPES
W200201001;Le Drac [noir] à Orcières [Merlette];6.337871772;44.685725849;05;Le Drac;HAUTES-ALPES
W200202101;Le Drac à Orcières [Les Tourengs];6.286414153;44.681184379;05;Le Drac;HAUTES-ALPES
W202201001;Le Drac à Saint-Jean-Saint-Nicolas [Les Ricous];6.25683615;44.679759415;05;Le Drac;HAUTES-ALPES
W202202101;Le Drac à Saint-Jean-Saint-Nicolas [Pont du Fossé];6.22821003;44.666508562;05;Le Drac;HAUTES-ALPES
X023000202;Le Guil à Château-Ville-Vieille [Pont de la Chapelue - EDF];6.761617629;44.719456702;05;Le Guil;HAUTES-ALPES
X102691501;Le Petit Buëch à Veynes;5.82528557;44.52816816;05;Le Petit Buëch;HAUTES-ALPES
X102691801;Le Petit Buëch à la Bâtie-Montsaléon;5.724632196;44.447983841;05;Le Petit Buëch;HAUTES-ALPES
X001561001;Le Petit Tabuc au Monêtier-les-Bains [Grand Pré];6.463838663;44.97921996;05;Le Petit Tabuc;HAUTES-ALPES
X104582001;Le Riou [source] à Saint-Genis [Jubéo];5.794927236;44.389827361;05;Le Riou;HAUTES-ALPES
X000501001;Le ruisseau de Cristol à Névache;6.603499205;45.016565723;05;Ruisseau de Cristol;HAUTES-ALPES
W203000301;Le ruisseau des Granges à Saint-Julien-en-Champsaur - Buissard;6.136868883;44.651640018;05;Ruisseau des Granges;HAUTES-ALPES
W201501001;Le torrent Drac de Champoléon à Champoléon [Gondouins];6.25501457;44.725048039;05;Torrent Drac de Champoléon;HAUTES-ALPES
W201502001;Le torrent Drac de Champoléon à Champoléon [Pont de Corbière];6.263858646;44.689039693;05;Torrent Drac de Champoléon;HAUTES-ALPES
W202581001;Le torrent d'Ancelle à Ancelle;6.209389928;44.622285032;05;Torrent d'Ancelle;HAUTES-ALPES
W202581301;Le torrent d'Ancelle à Forest-Saint-Julien - Pont de frappe;6.143118097;44.638542451;05;Torrent d'Ancelle;HAUTES-ALPES
X031541001;Le torrent de Crévoux à Baratier;6.609831019;44.549520427;05;Torrent de Crévoux;HAUTES-ALPES
X102691001;Le torrent de Glaisette à Veynes [Route de Glaise];5.823363516;44.543873353;05;Torrent de Glaisette;HAUTES-ALPES
W201631001;Le torrent de Mal Cros à Champoléon;6.199119365;44.732732418;05;Torrent de Mal Cros;HAUTES-ALPES
X102691701;Le torrent de Maraise au Saix;5.829207581;44.466462446;05;Torrent de Maraise;HAUTES-ALPES
W210701001;Le torrent de Navette à la Chapelle-en-Valgaudémar [Oulles du Diable];6.196977473;44.813375102;05;Torrent de Navette;HAUTES-ALPES
X014502001;Le torrent de Pra Reboul à Saint-Crépin [L'Adroit];6.622699302;44.73700221;05;Torrent de Pra Reboul;HAUTES-ALPES
X050551001;Le torrent de Reyssas à Puy-Saint-Eusèbe;6.399517507;44.583952594;05;Torrent de Reyssas;HAUTES-ALPES
X050541001;Le torrent de Réallon à Réallon;6.374391288;44.586101918;05;Torrent de Réallon;HAUTES-ALPES
X010501001;Le torrent de la Cerveyrette à Cervières;6.705837494;44.866905317;05;Torrent de la Cerveyrette;HAUTES-ALPES
X022561001;Le torrent de la Rivière à Arvieux [L'Eychaillon];6.698366709;44.803746865;05;Torrent de la Rivière;HAUTES-ALPES
X032501001;Le torrent des Vachères aux Orres [Les Ribes];6.568646644;44.512254823;05;Torrent des Vachères;HAUTES-ALPES
X001512001;Le torrent du Rif au Monêtier-les-Bains [Le Lauzet];6.463453685;45.015705166;05;Torrent du Rif;HAUTES-ALPES
X001511001;Le torrent du Rif au Monêtier-les-Bains [Pont de l'Alpe];6.46518289;45.017570975;05;Torrent du Rif;HAUTES-ALPES
Y643401001;L'Esteron au Broc [La Clave];7.156740112;43.846296719;06;L'Esteron;ALPES-MARITIMES
Y641000201;L'Esteron à Aiglun;6.913766131;43.853643382;06;L'Esteron;ALPES-MARITIMES
Y640000401;L'Esteron à Gars;6.807343323;43.863469704;06;L'Esteron;ALPES-MARITIMES
Y643402001;L'Esteron à Gilette [Pont de la Cerise];7.118465335;43.853904292;06;L'Esteron;ALPES-MARITIMES
Y640000301;L'Esteron à Saint-Auban [Aval confluence Faye] - Aval confluence Faye;6.731246957;43.849208419;06;L'Esteron;ALPES-MARITIMES
Y640000201;L'Esteron à Saint-Auban [Aval village Soleilhas];6.683809281;43.839752545;06;L'Esteron;ALPES-MARITIMES
Y642401001;L'Esteron à Sigale [Pont du Coude];6.956427456;43.864914511;06;L'Esteron;ALPES-MARITIMES
Y560541001;La Bouillide à Valbonne;7.045021236;43.617034687;06;La Bouillide;ALPES-MARITIMES
Y560521002;La Brague à Biot - Passerelle;7.098639384;43.623204726;06;La Brague;ALPES-MARITIMES
Y560521001;La Brague à Biot - Plan Saint Jean;7.098765418;43.623245371;06;La Brague;ALPES-MARITIMES
Y560521003;La Brague à Biot - Pont Vieux;7.098650608;43.623250561;06;La Brague;ALPES-MARITIMES
Y560522001;La Brague à Châteauneuf-Grasse [Plascassier];6.988656709;43.641399633;06;La Brague;ALPES-MARITIMES
Y560524001;La Brague à Opio [La Tour d'Opio];6.985450156;43.665392329;06;La Brague;ALPES-MARITIMES
Y560523001;La Brague à Valbonne [Le Trou de Beget];7.049580954;43.634884026;06;La Brague;ALPES-MARITIMES
Y560581201;La Brague à Valbonne [Pont Veirière];7.049188481;43.634676369;06;La Brague;ALPES-MARITIMES
Y663501001;La Bévéra à Sospel [Pont D 2204];7.45119483;43.877698665;06;La Bévéra;ALPES-MARITIMES
Y562511001;La Cagne [surverse] à Vence;7.116910968;43.758445293;06;La Cagne;ALPES-MARITIMES
Y562502001;La Cagne à Cagnes-sur-Mer;7.154117249;43.655723787;06;La Cagne;ALPES-MARITIMES
Y562511401;La Cagne à Cagnes-sur-Mer - Cagnes Bellaud;7.150236093;43.668886865;06;La Cagne;ALPES-MARITIMES
Y562511201;La Cagne à Cagnes-sur-Mer [Pont des Salles];7.142165896;43.699997294;06;La Cagne;ALPES-MARITIMES
Y562501001;La Cagne à Saint-Jeannet;7.124586192;43.755406402;06;La Cagne;ALPES-MARITIMES
Y562511301;La Cagne à Saint-Jeannet;7.121731474;43.756336444;06;La Cagne;ALPES-MARITIMES
Y553571901;La Grande Frayère à Cannes [Aéroport CM];6.96207326;43.548583357;06;La Grande Frayère;ALPES-MARITIMES
Y553571401;La Grande Frayère à Cannes [Palais des victoires];6.961940736;43.551907723;06;La Grande Frayère;ALPES-MARITIMES
Y553571801;La Grande Frayère à Cannes [Restos du Coeur];6.968208154;43.559999686;06;La Grande Frayère;ALPES-MARITIMES
X240501001;La Lane à Valderoure [Malamaire];6.664341306;43.789590526;06;La Lane;ALPES-MARITIMES
Y553571701;La Mourachonne à Grasse [Grand Vallon];6.947500203;43.653254314;06;La Mourachonne;ALPES-MARITIMES
Y553542001;La Mourachonne à Grasse [La Paoute];6.952949828;43.63415504;06;La Mourachonne;ALPES-MARITIMES
Y553571601;La Mourachonne à Mouans-Sartoux;6.939813132;43.608350877;06;La Mourachonne;ALPES-MARITIMES
Y553571001;La Mourachonne à Mouans-Sartoux [source de La Foux];6.951221283;43.617001591;06;La Mourachonne;ALPES-MARITIMES
Y553541001;La Mourachonne à Pégomas;6.930315157;43.593910853;06;La Mourachonne;ALPES-MARITIMES
Y553571501;La Mourachonne à Pégomas [SMIAGE];6.930279332;43.593868163;06;La Mourachonne;ALPES-MARITIMES
Y662000301;La Roya à Breil-sur-Roya [EDF];7.516675304;43.911657332;06;La Roya;ALPES-MARITIMES
Y661405001;La Roya à Fontan;7.563345686;44.013538244;06;La Roya;ALPES-MARITIMES
Y661405101;La Roya à Fontan [Village];7.554355342;44.002655818;06;La Roya;ALPES-MARITIMES
Y662000401;La Roya à Saorge [Pont Mondi];7.540589379;43.975406466;06;La Roya;ALPES-MARITIMES
Y660000201;La Roya à Tende [Pont de Scara];7.588636648;44.09877841;06;La Roya;ALPES-MARITIMES
Y660000301;La Roya à Tende [Pont du Bourg Neuf];7.594075516;44.083530038;06;La Roya;ALPES-MARITIMES
Y661401001;La Roya à Tende [Saint-Dalmas-de-Tende];7.589488632;44.051777277;06;La Roya;ALPES-MARITIMES
Y661401002;La Roya à Tende [Saint-Dalmas-de-Tende] - Amont - EDF;7.589227833;44.054762222;06;La Roya;ALPES-MARITIMES
Y661401004;La Roya à Tende [Saint-Dalmas-de-Tende] - PONT Ste ANNE;7.589488632;44.051777277;06;La Roya;ALPES-MARITIMES
Y661401003;La Roya à Tende [Saint-Dalmas-de-Tende] - Station Amont DREAL;7.589488632;44.051777277;06;La Roya;ALPES-MARITIMES
Y553401001;La Siagne à Auribeau-sur-Siagne [Le Gabre];6.898063908;43.607355501;06;La Siagne;ALPES-MARITIMES
Y551601201;La Siagne à Escragnolles;6.809293303;43.723982931;06;La Siagne;ALPES-MARITIMES
Y551601202;La Siagne à Escragnolles;6.809293303;43.723982931;06;La Siagne;ALPES-MARITIMES
Y551601203;La Siagne à Escragnolles;6.805577215;43.716910065;06;La Siagne;ALPES-MARITIMES
Y553571201;La Siagne à Mandelieu-la-Napoule [Basse Siagne];6.943242818;43.551057147;06;La Siagne;ALPES-MARITIMES
Y553404001;La Siagne à Mandelieu-la-Napoule [La Tour];6.945418991;43.565132527;06;La Siagne;ALPES-MARITIMES
Y553403001;"La Siagne à Pégomas - Parc ""Berges de Cabrol""";6.927524979;43.589431521;06;La Siagne;ALPES-MARITIMES
Y553403002;La Siagne à Pégomas - Pont RD109;6.92769523;43.589233115;06;La Siagne;ALPES-MARITIMES
Y553402001;La Siagne à Pégomas [Les Sausserons];6.916981161;43.593539992;06;La Siagne;ALPES-MARITIMES
Y553571301;La Siagne à Pégomas [SMIAGE];6.927838901;43.589332081;06;La Siagne;ALPES-MARITIMES
Y622402001;La Tinée à Massoins [Le Bancairon, usine];7.096147841;44.127249235;06;La Tinée;ALPES-MARITIMES
Y622401001;La Tinée à Saint-Sauveur-sur-Tinée [Route Chapelle Sainte-Blaise];7.105457711;44.084478277;06;La Tinée;ALPES-MARITIMES
Y620581301;La Tinée à Saint-Étienne-de-Tinée [EDF - Pont de la Belloire];6.933298965;44.250446342;06;La Tinée;ALPES-MARITIMES
Y623402001;La Tinée à Tournefort [Pont de la Lune];7.165154436;43.938085849;06;La Tinée;ALPES-MARITIMES
Y623402301;La Tinée à Tournefort [Vieux Pont];7.159497048;43.947972622;06;La Tinée;ALPES-MARITIMES
Y623402401;La Tinée à la Tour [Pont de la Lune EDF - QNR];7.165107315;43.938123695;06;La Tinée;ALPES-MARITIMES
Y560581401;La Valmasque à Antibes [Chemin de la Valmasque];7.103333532;43.617600325;06;La Valmasque;ALPES-MARITIMES
Y560581301;La Valmasque à Antibes [Pont Bus-Tram];7.071360313;43.611893291;06;La Valmasque;ALPES-MARITIMES
Y560561001;La Valmasque à Biot;7.103171619;43.617573917;06;La Valmasque;ALPES-MARITIMES
Y633405001;La Vésubie à Levens [Plan du Var];7.212158291;43.862265245;06;La Vésubie;ALPES-MARITIMES
Y633404001;La Vésubie à Utelle [Pont du Cros];7.231298235;43.878709876;06;La Vésubie;ALPES-MARITIMES
Y633403001;La Vésubie à Utelle [Saint-Jean-la-Rivière];7.272099983;43.936215257;06;La Vésubie;ALPES-MARITIMES
Y633402001;La Vésubie à Utelle [Sainte-Thérèse];7.272086874;43.936206757;06;La Vésubie;ALPES-MARITIMES
Y643581001;Le Bouyon à Bouyon [La Clave];7.142260728;43.840657027;06;Le Bouyon;ALPES-MARITIMES
Y643583001;Le Bouyon à Bouyon [prise usine];7.107085771;43.817414639;06;Le Bouyon;ALPES-MARITIMES
Y643582001;Le Bouyon à Bézaudun-les-Alpes [La Gravière];7.086992678;43.811574168;06;Le Bouyon;ALPES-MARITIMES
Y611501001;Le Cians à Rigaud [Cadiera];6.976701348;44.034909736;06;Le Cians;ALPES-MARITIMES
Y561621901;Le Loup [Loup à Bramafan] à Courmes;6.992626445;43.752616725;06;Le Loup;ALPES-MARITIMES
Y561622101;Le Loup à Cipières [Pont de Cipières];6.948936769;43.789245467;06;Le Loup;ALPES-MARITIMES
Y561507001;Le Loup à Cipières [Prise de Bramafan];6.990167933;43.762327128;06;Le Loup;ALPES-MARITIMES
Y561622001;Le Loup à Courmes [Bramafan];6.992753572;43.752604654;06;Le Loup;ALPES-MARITIMES
Y561621401;Le Loup à Gourdon [EDF - Loup amont];6.993255208;43.752239741;06;Le Loup;ALPES-MARITIMES
Y561508001;Le Loup à Gourdon [Le Revest];6.995577337;43.747937805;06;Le Loup;ALPES-MARITIMES
Y561621701;Le Loup à Gourdon [Pont du Loup];6.992113074;43.71980776;06;Le Loup;ALPES-MARITIMES
Y561504001;Le Loup à Gréolières [Le Foulon];6.973808777;43.783810902;06;Le Loup;ALPES-MARITIMES
Y561506001;Le Loup à Gréolières [source du Foulon, surverse];6.97326287;43.786155439;06;Le Loup;ALPES-MARITIMES
Y561621601;Le Loup à Roquefort-les-Pins [Pont RD 6];7.072033107;43.685974439;06;Le Loup;ALPES-MARITIMES
Y561621602;Le Loup à Roquefort-les-Pins [Pont RD 6];7.072033107;43.685974439;06;Le Loup;ALPES-MARITIMES
Y561621603;Le Loup à Roquefort-les-Pins [Pont RD 6];7.072033107;43.685974439;06;Le Loup;ALPES-MARITIMES
Y561505001;Le Loup à Tourrettes-sur-Loup;6.992022872;43.719984207;06;Le Loup;ALPES-MARITIMES
Y561501001;Le Loup à Tourrettes-sur-Loup [Les Vallettes];7.006488787;43.697710734;06;Le Loup;ALPES-MARITIMES
Y561621502;Le Loup à Villeneuve-Loubet [Ferrayonnes];7.129727817;43.656396166;06;Le Loup;ALPES-MARITIMES
Y561621501;Le Loup à Villeneuve-Loubet [Ferrayonnes] - LOUP15BIS;7.129861927;43.65644662;06;Le Loup;ALPES-MARITIMES
Y561503001;Le Loup à Villeneuve-Loubet [Moulin du Loup];7.13735508;43.648218007;06;Le Loup;ALPES-MARITIMES
Y561621801;Le Loup à Villeneuve-Loubet [Pont des Bugadières];7.121202148;43.657147875;06;Le Loup;ALPES-MARITIMES
Y651701401;Le Paillon de Contes à Contes;7.314135189;43.809489041;06;Le Paillon de Contes;ALPES-MARITIMES
Y652000501;Le Paillon à la Trinité;7.301492226;43.734546531;06;Le Paillon;ALPES-MARITIMES
Y553551001;Le Riou Blanquet [source] à Grasse;6.922805927;43.661112773;06;Riou Blanquet;ALPES-MARITIMES
Y553572501;Le Riou [Frayère d'Auribeau] à Auribeau-sur-Siagne [Pierranchon];6.914506669;43.603042601;06;Le Riou;ALPES-MARITIMES
Y553572301;Le Vallon Saint Antoine à Auribeau-sur-Siagne [Valcluse];6.921286593;43.614987386;06;Vallon Saint Antoine;ALPES-MARITIMES
Y561621001;Le Vallon de Mardaric à Villeneuve-Loubet;7.104589874;43.657813215;06;Vallon de Mardaric;ALPES-MARITIMES
Y561622201;Le Vallon de Mardaric à Villeneuve-Loubet;7.093377151;43.656613321;06;Vallon de Mardaric;ALPES-MARITIMES
Y620581001;Le Vallon de Saint-Dalmas à Saint-Dalmas-le-Selvage;6.861741302;44.281527977;06;Vallon de St-Dalmas;ALPES-MARITIMES
Y642513001;Le Vallon de Végay [source basse] à Aiglun;6.930764794;43.8402083;06;Vallon de Végay;ALPES-MARITIMES
Y642511001;Le Vallon de Végay [source haute] à Aiglun;6.933141875;43.838392592;06;Vallon de Végay;ALPES-MARITIMES
Y642512001;Le Vallon de Végay [source moyenne] à Aiglun;6.931767113;43.839217068;06;Vallon de Végay;ALPES-MARITIMES
Y642514001;Le Vallon de Végay à Aiglun [Vascognes];6.924327785;43.84997303;06;Vallon de Végay;ALPES-MARITIMES
Y560146001;Le Vallon des Combes à Biot [Le Plan];7.103421492;43.622276666;06;Vallon des Combes;ALPES-MARITIMES
Y561531001;Le Vallon des Combes à Courmes;7.004382883;43.753524807;06;Vallon des Combes;ALPES-MARITIMES
Y560581001;Le Vallon des Horts à Antibes [Les Moulières];7.115322239;43.614942703;06;Vallon des Horts;ALPES-MARITIMES
Y560581501;Le Vallon des Horts à Biot - Digue des Horts;7.110108658;43.620722455;06;Vallon des Horts;ALPES-MARITIMES
Y601201001;Le Vallon du Pous à Guillaumes [Pont des Roberts];6.859067969;44.07607765;06;Vallon du Pous;ALPES-MARITIMES
Y643583201;Le Var à Bonson [Digue Bonson];7.194384785;43.847005137;06;Le Var;ALPES-MARITIMES
Y644202001;Le Var à Carros [Pont de la Manda];7.203791548;43.764225796;06;;ALPES-MARITIMES
Y600203401;Le Var à Entraunes [Amont prise hydroélectrique Saint Roch];6.74901946;44.222379782;06;Le Var;ALPES-MARITIMES
Y600201001;Le Var à Entraunes [Esteing];6.753497532;44.230779944;06;Le Var;ALPES-MARITIMES
Y600202001;Le Var à Entraunes [Le Pessas];6.747965795;44.187454519;06;Le Var;ALPES-MARITIMES
Y600203601;Le Var à Guillaumes [Pont de Sauze];6.852160269;44.093786933;06;Le Var;ALPES-MARITIMES
Y624000101;Le Var à Malaussène [La Mescla EDF - QNR];7.194969151;43.90801506;06;Le Var;ALPES-MARITIMES
Y624000201;Le Var à Malaussène [La Mescla EDF];7.194969151;43.90801506;06;Le Var;ALPES-MARITIMES
Y612501201;Le Var à Malaussène [Pont Auguste Dubois];7.119242553;43.933280532;06;Le Var;ALPES-MARITIMES
Y612201001;Le Var à Malaussène [Usine hyd. de la Courbaisse];7.165437274;43.918744169;06;Le Var;ALPES-MARITIMES
Y644201001;Le Var à Nice [Pont Napoléon III] - Amont;7.200064845;43.664923435;06;Le Var;ALPES-MARITIMES
Y644201002;Le Var à Nice [Pont Napoléon III] - Aval;7.200026997;43.664068874;06;Le Var;ALPES-MARITIMES
Y610000201;Le Var à Puget-Théniers [Var Puget];6.89576709;43.954754991;06;Le Var;ALPES-MARITIMES
Y600203001;Le Var à Villeneuve-d'Entraunes [Pont d'Enaux];6.790538718;44.122107383;06;Le Var;ALPES-MARITIMES
Y551403001;Le canal de la Siagne [apport canal] à Saint-Cézaire-sur-Siagne;6.762480125;43.66842974;06;Canal de la Siagne;ALPES-MARITIMES
Y551402001;Le canal de la Siagne [source] à Saint-Cézaire-sur-Siagne;6.761871561;43.667288736;06;Canal de la Siagne;ALPES-MARITIMES
Y651701001;Le ruisseau de Caïnéa [source] à Lucéram;7.354481365;43.881522184;06;Ruisseau de Caïnéa;ALPES-MARITIMES
Y600203301;Le ruisseau de Sanguinière [Le ruisseau de Sanguinières] à Entraunes [Aval confluence vallon de Garets];6.757975381;44.245104548;06;Ruisseau de Sanguinière;ALPES-MARITIMES
Y661405201;Le torrent de Bieugne à Tende;7.587991974;44.050408263;06;Torrent de Bieugne;ALPES-MARITIMES
Y651701301;Paillon de l'Escarène à l'Escarène [L'Escarène];7.357724124;43.83422201;06;Paillon de l'Escarène;ALPES-MARITIMES
Y550541201;Riou de l'Argentière à Mandelieu-la-Napoule;6.920233254;43.525092837;06;Riou de l'Argentière;ALPES-MARITIMES
Y553572401;[Béal] à Cannes [Béal Aval];6.957348914;43.560932207;06;;ALPES-MARITIMES
Y553572701;[Béal] à la Roquette-sur-Siagne [Cravesan];6.948408485;43.579005571;06;;ALPES-MARITIMES
Y612501001;[Le vallon de Fraissinet [source]] à Ascros;7.013540944;43.932554481;06;;ALPES-MARITIMES
Y553572001;[Vallon de Bigaud] à Mougins [Scène 55];6.997912202;43.58449807;06;;ALPES-MARITIMES
Y553572201;[Vallon de Picourenc] à Peymeinade;6.889247266;43.632991118;06;;ALPES-MARITIMES
Y553572601;[Vallon des Ribes] à Grasse;6.906192259;43.652148314;06;;ALPES-MARITIMES
Y553572101;[Vallon du Coudouron] à Mougins [Pont Romain];6.965171436;43.595543873;06;;ALPES-MARITIMES
K201082001;L'Allier à Laveyrune - Rogleton;3.897474235;44.613343006;07;l'Allier;ARDECHE
K201082002;L'Allier à Laveyrune - Rogleton 1 Ancienne;3.897912605;44.613168386;07;l'Allier;ARDECHE
V500403001;L'Ardèche à Meyras;4.270036021;44.670132921;07;L'Ardèche;ARDECHE
V500621701;L'Ardèche à Meyras [Neyrac-les-Bains] - Pont de Neyrac;4.258459947;44.672622242;07;L'Ardèche;ARDECHE
V501404001;L'Ardèche à Pont-de-Labeaume;4.290804443;44.66625498;07;L'Ardèche;ARDECHE
V501404002;L'Ardèche à Pont-de-Labeaume - DIREN;4.290379313;44.666256028;07;L'Ardèche;ARDECHE
V500402001;L'Ardèche à Pont-de-Labeaume [Pont de Rolandy];4.285163419;44.667860326;07;L'Ardèche;ARDECHE
V506401001;L'Ardèche à Saint-Martin-d'Ardèche [Sauze];4.551117902;44.314003861;07;L'Ardèche;ARDECHE
V506401002;L'Ardèche à Saint-Martin-d'Ardèche [Sauze] - Échelle Annonce de Crues (EAC);4.567394289;44.300784456;07;L'Ardèche;ARDECHE
V500621601;L'Ardèche à Thueyts - Pont de Vernède;4.214443084;44.669952283;07;L'Ardèche;ARDECHE
V501403001;L'Ardèche à Ucel;4.395445211;44.626798269;07;L'Ardèche;ARDECHE
V505401001;L'Ardèche à Vallon-Pont-d'Arc;4.384968403;44.39863706;07;L'Ardèche;ARDECHE
V501401001;L'Ardèche à Vogüé;4.409780481;44.542564938;07;L'Ardèche;ARDECHE
V501401002;L'Ardèche à Vogüé - Échelle Annonce de Crues (EAC);4.4126694;44.550145113;07;L'Ardèche;ARDECHE
V353000101;L'Ay à Ardoix [Pont de Rau];4.769828561;45.191519092;07;L'Ay;ARDECHE
V353000301;L'Ay à Satillieu - La Bergère;4.620636092;45.152221694;07;L'Ay;ARDECHE
V353000302;L'Ay à Satillieu - La Bergère;4.620642749;45.15221335;07;L'Ay;ARDECHE
V370000301;L'Aygueneyre à Rochepaule [SMBVD];4.49457631;45.059202431;07;L'Aygueneyre;ARDECHE
V372401101;L'Eal à Empurany [SMBVD];4.617831343;45.015021241;07;L'Eal;ARDECHE
V402501201;L'Embroye à Charmes-sur-Rhône;4.826242165;44.873054398;07;L'Embroye;ARDECHE
V402501001;L'Embroye à Toulaud;4.784317711;44.88450373;07;L'Embroye;ARDECHE
V412401001;L'Eyrieux au Cheylard;4.427979681;44.912754844;07;L'Eyrieux;ARDECHE
V412401002;L'Eyrieux au Cheylard - Échelle Annonce de Crues (EAC);4.427232074;44.912165369;07;L'Eyrieux;ARDECHE
V415401001;L'Eyrieux aux Ollières-sur-Eyrieux;4.615584556;44.811280632;07;L'Eyrieux;ARDECHE
V415401002;L'Eyrieux aux Ollières-sur-Eyrieux - Echelle EAC;4.615424548;44.804559049;07;L'Eyrieux;ARDECHE
V414521101;L'Eyrieux à Beauvène [Pont de Chervil];4.525183418;44.882538522;07;L'Eyrieux;ARDECHE
V417401001;L'Eyrieux à Saint-Fortunat-sur-Eyrieux;4.672039289;44.825149508;07;L'Eyrieux;ARDECHE
V417402101;L'Eyrieux à Saint-Fortunat-sur-Eyrieux [Pontpierre];4.706893207;44.815739436;07;L'Eyrieux;ARDECHE
V412401101;L'Eyrieux à Saint-Martin-de-Valamas - La Condamine;4.393006504;44.937812156;07;L'Eyrieux;ARDECHE
V430000101;L'Ouvèze au Pouzin;4.734174937;44.759303143;07;L'Ouvèze;ARDECHE
V503502301;La Baume à Ribes [Pont des Malines] - Échelle Annonce de Crues (EAC);4.208400811;44.515789457;07;La Baume;ARDECHE
V503502001;La Baume à Rosières;4.251388748;44.481612602;07;La Baume;ARDECHE
V503502002;La Baume à Rosières - Joyeuse - Échelle Annonce de Crues (EAC);4.246438934;44.481007667;07;La Baume;ARDECHE
V503501001;La Baume à Saint-Alban-Auriolles;4.30875933;44.448480957;07;La Baume;ARDECHE
V503502201;La Baume à Saint-Alban-Auriolles [Peyroche];4.328539012;44.448883548;07;La Baume;ARDECHE
V504881501;La Borne à Saint-Laurent-les-Bains [EDF - Pont de Nicoulaud];3.948842891;44.573993376;07;La Borne;ARDECHE
V350401001;La Cance à Annonay;4.671912208;45.235942964;07;La Cance;ARDECHE
V350401201;La Cance à Annonay [Galléliaure];4.63533695;45.235071826;07;La Cance;ARDECHE
V352401001;La Cance à Sarras;4.786558451;45.206032312;07;La Cance;ARDECHE
V373000201;La Daronne à Colombier-le-Vieux [SMBVD];4.731293545;45.072863459;07;La Daronne;ARDECHE
V351701401;La Deume à Annonay - échelle de crue - Pont de Faya;4.669232784;45.243192517;07;La Deume;ARDECHE
V351701301;La Deume à Saint-Marcel-lès-Annonay;4.601079315;45.289778836;07;La Deume;ARDECHE
V500621501;La Fontolière à Chirols;4.283773361;44.68749363;07;La Fontolière;ARDECHE
V500621001;La Fontolière à Meyras [Pont de Pourtalou];4.288658655;44.670628909;07;La Fontolière;ARDECHE
V542521401;La Ganière à Banne;4.09693418;44.336333461;07;La Ganière;ARDECHE
V414521001;La Glueyre à Gluiras [Tisonèche];4.518380938;44.829601169;07;La Glueyre;ARDECHE
V502641001;La Ligne à Labeaume [Gourami];4.328246845;44.491031583;07;La Ligne;ARDECHE
K001002010;La Loire à Cros-de-Géorand [DREAL CVL] - Barrage de la Palisse;4.08997603;44.785861483;07;la Loire;ARDECHE
K003002010;La Loire à Issarlès - Pont de La Borie (Amont) - DREAL CVL;4.048012094;44.819733925;07;la Loire;ARDECHE
K003002011;La Loire à Issarlès - Pont de la Borie (Aval) - DREAL CVL;4.047532068;44.819819728;07;la Loire;ARDECHE
K002000101;La Loire à Issarlès [Pont de la Borie EDF - QNR];4.048583972;44.819623041;07;la Loire;ARDECHE
K001872302;La Loire à Usclades-et-Rieutord - EDF;4.155712103;44.766764546;07;la Loire;ARDECHE
K001872303;La Loire à Usclades-et-Rieutord - EDF;4.155658938;44.76680996;07;la Loire;ARDECHE
K001872301;La Loire à Usclades-et-Rieutord - Rieutord - DREAL CVL;4.155658938;44.76680996;07;la Loire;ARDECHE
V371402501;La Sumène à Lamastre [SMBVD];4.570913246;44.983396763;07;La Sumène;ARDECHE
V373000401;La Vivance à Saint-Félicien [SMBVD];4.63314556;45.088803647;07;La Vivance;ARDECHE
V501521001;La Volane à Vals-les-Bains;4.367167832;44.65969212;07;La Volane;ARDECHE
V504881301;Le Chassezac à Berrias-et-Casteljau [Chaulet] - Chaulet;4.216055994;44.406427621;07;Le Chassezac;ARDECHE
V504881401;Le Chassezac à Chambonas [Les Bertronnes - EDF];4.117021348;44.424437628;07;Le Chassezac;ARDECHE
V504503002;Le Chassezac à Gravières - Chambonas - Échelle Annonce de Crues (EAC);4.126457024;44.41359665;07;Le Chassezac;ARDECHE
V504503001;Le Chassezac à Gravières - Les Salelles;4.090752858;44.426594622;07;Le Chassezac;ARDECHE
V371402601;Le Condoie à Lamastre [SMBVD];4.580684056;44.983355621;07;Le Condoie;ARDECHE
V370000201;Le Doux [SMBVD] à Désaignes;4.529799223;44.98880975;07;Le Doux;ARDECHE
V372401001;Le Doux à Colombier-le-Vieux;4.732468345;45.058470961;07;Le Doux;ARDECHE
V371402001;Le Doux à Lamastre;4.577808105;44.987841566;07;Le Doux;ARDECHE
V374401001;Le Doux à Tournon-sur-Rhône;4.78087229;45.066965971;07;Le Doux;ARDECHE
V370000401;Le Douzet à Labatie-d'Andaure [SMBVD];4.488092766;45.017505791;07;Le Douzet;ARDECHE
V374401301;Le Duzon à Saint-Barthélemy-le-Plain [SMBVD];4.76549904;45.037320465;07;Le Duzon;ARDECHE
K001872010;Le Gage à Cros-de-Géorand [DREAL CVL] - Barrage du Peyron;4.096823591;44.799858259;07;le Gage;ARDECHE
V371402701;Le Grozon à Lamastre [SMBVD];4.585553508;44.984946043;07;Le Grozon;ARDECHE
V500621401;Le Lignon à Jaujac - Echelle d'Annonce de Crue;4.254574492;44.637580683;07;Le Lignon;ARDECHE
K202000101;Le Masméjan à Saint-Étienne-de-Lugdarès [Huédour];3.927520758;44.648468776;07;le Masméjan;ARDECHE
V430000301;Le Rhône au Pouzin;4.750895446;44.755912276;07;Le Rhône;ARDECHE
V457001001;Le Rhône à Bourg-Saint-Andéol;4.64714156;44.368248853;07;Le Rhône;ARDECHE
V453001002;Le Rhône à Viviers;4.701586939;44.481743722;07;Le Rhône;ARDECHE
V453001001;Le Rhône à Viviers - CNR;4.700907395;44.481313001;07;Le Rhône;ARDECHE
V417402001;Le Rhône à la Voulte-sur-Rhône;4.779404498;44.795321026;07;Le Rhône;ARDECHE
V351701001;Le Ternay à Savas [Ternay];4.636551426;45.309777454;07;Le Ternay;ARDECHE
V374401401;Le ruisseau d'Ormèze à Colombier-le-Jeune [SMBVD];4.746913492;45.024324066;07;Ruisseau d'Ormèze;ARDECHE
V362000101;Le ruisseau d'Ozon à Cheminas - Le Pavé;4.746734783;45.144878585;07;Ruisseau d'Ozon;ARDECHE
V372401201;Le ruisseau de Choisine à Colombier-le-Vieux [SMBVD];4.707063704;45.051845716;07;Ruisseau de Choisine;ARDECHE
V504881001;Le ruisseau de Fontaines à Saint-Alban-Auriolles;4.309438834;44.425172742;07;Ruisseau de Fontaines;ARDECHE
V373000301;Le ruisseau de Jointine à Étables [SMBVD];4.733584239;45.076393981;07;Ruisseau de Jointine;ARDECHE
V371402401;Le ruisseau de Sialle à Désaignes [SMBVD];4.518868323;44.993115879;07;Ruisseau de Sialle;ARDECHE
H615302001;L'Agron à Champigneulle;4.930044169;49.351204539;08;L'Agron;ARDENNES
H615302002;L'Agron à Verpel;4.931003061;49.386372468;08;L'Agron;ARDENNES
H616201001;L'Aire à Chevières;4.903247318;49.334069053;08;L'Aire;ARDENNES
H630101001;L'Aisne à Asfeld;4.122671246;49.481890076;08;L'Aisne;ARDENNES
H622102001;L'Aisne à Biermes;4.397408768;49.493056104;08;L'Aisne;ARDENNES
H108000101;L'Aisne à Condé-lès-Autry;4.839602209;49.243269972;08;L'Aisne;ARDENNES
H622101001;L'Aisne à Givry;4.538602338;49.491462874;08;L'Aisne;ARDENNES
H620101001;L'Aisne à Mouron;4.782841618;49.308086498;08;L'Aisne;ARDENNES
H621101001;L'Aisne à Rilly-sur-Aisne;4.645237333;49.491581476;08;L'Aisne;ARDENNES
H620102001;L'Aisne à Vouziers;4.703742022;49.403857683;08;L'Aisne;ARDENNES
B517201001;La Bar à Cheveuges;4.882921052;49.660373067;08;La Bar;ARDENNES
B466010101;La Chiers à Brévilly;5.084206019;49.668721571;08;La Chiers;ARDENNES
B463101001;La Chiers à Carignan;5.158859906;49.629367897;08;La Chiers;ARDENNES
H623311001;La Draize à Justine-Herbigny;4.324086834;49.601117365;08;La Draize;ARDENNES
H125000201;La Foivre à Écordal;49.5280465;4.5776882;08;La Foivre;ARDENNES
H125000202;La Foivre à Écordal - Hauteur du Foivre;49.5280665;4.5776604;08;La Foivre;ARDENNES
B732201001;La Houille à Landrichamps;4.826520214;50.084369331;08;La Houille;ARDENNES
B560010101;La Meuse à Aiglemont;4.752270876;49.774218453;08;La Meuse;ARDENNES
B540001001;La Meuse à Charleville-Mézières;4.715855889;49.75966562;08;La Meuse;ARDENNES
B720000003;La Meuse à Chooz - Chooz Petit;4.809672784;50.101866633;08;La Meuse;ARDENNES
B720000002;La Meuse à Chooz - Ile Graviat;4.806642899;50.092335449;08;La Meuse;ARDENNES
B720000001;La Meuse à Chooz - Trou du Diable;4.782579717;50.089049099;08;La Meuse;ARDENNES
B560001001;La Meuse à Montcy-Notre-Dame;4.733184158;49.78221986;08;La Meuse;ARDENNES
B700001001;La Meuse à Monthermé - Débitmètre;4.730564947;49.880313503;08;La Meuse;ARDENNES
B700001002;La Meuse à Monthermé - Limnimètre;4.730564947;49.880313503;08;La Meuse;ARDENNES
B502001001;La Meuse à Sedan;4.936060665;49.701334161;08;La Meuse;ARDENNES
H630382001;La Retourne à Houdilcourt;4.122920873;49.423802265;08;La Retourne;ARDENNES
H630383001;La Retourne à Mont-Saint-Remy;4.481204256;49.390155322;08;La Retourne;ARDENNES
H630381001;La Retourne à Poilcourt-Sydney;4.100823479;49.42022086;08;La Retourne;ARDENNES
H630384001;La Retourne à Saint-Remy-le-Petit;4.237773941;49.415490801;08;La Retourne;ARDENNES
B611101001;La Semoy à Haulmé;4.786287894;49.862932676;08;La Semoy;ARDENNES
B557201001;La Sormonne à Belval;4.637737085;49.779935674;08;La Sormonne;ARDENNES
H623301001;La Vaux à Barby;4.285829402;49.529597851;08;La Vaux;ARDENNES
H131000201;La Vaux à Hauteville;4.307436511;49.583713217;08;La Vaux;ARDENNES
H623302001;La Vaux à Écly;4.295296903;49.538692129;08;La Vaux;ARDENNES
B532201001;La Vence à la Francheville;4.714066451;49.727795887;08;La Vence;ARDENNES
H623370301;Le Plumion à Inaumont;4.318590352;49.555653586;08;Le Plumion;ARDENNES
H124000301;Le ruisseau de Saint-Lambert à Suzanne;49.517149;4.637332;08;Ruisseau de Saint-Lambert;ARDENNES
H127000101;Le ruisseau de Saulces à Auboncourt-Vauzelles;49.551286;4.496321;08;Ruisseau de Saulces;ARDENNES
B504000101;Le ruisseau la Vrigne à Vrigne-aux-Bois;4.850895474;49.753941814;08;Ruisseau la Vrigne;ARDENNES
O031501001;L'Alet à Ustou;1.270029427;42.800995945;09;Rivière Alet;ARIEGE
O030651001;L'Angouls à Seix [Angouls];1.178102923;42.788653179;09;Ruisseau d'Angouls;ARIEGE
O038403001;L'Arac à Massat;1.34905906;42.892363939;09;L'Arac;ARIEGE
O038402001;L'Arac à Soulan [Castet d'Aleu];1.250279073;42.909374094;09;L'Arac;ARIEGE
O038401001;L'Arac à Soulan [Freychet];1.237464688;42.902449017;09;L'Arac;ARIEGE
O127401001;L'Arget à Cos [Moulinery];1.601204514;42.965002955;09;L'Arget;ARIEGE
O126401001;L'Arget à Serres-sur-Arget [Sigalot];1.493382267;42.959633223;09;L'Arget;ARIEGE
O074404002;L'Arize au Mas-d'Azil - Collège;1.366058825;43.080265316;09;L'Arize;ARIEGE
O074404001;L'Arize au Mas-d'Azil - HE;1.361073776;43.082951352;09;L'Arize;ARIEGE
O074402001;L'Arize à Sabarat [Radelangue];1.373395978;43.08469445;09;L'Arize;ARIEGE
O071402001;L'Arize à la Bastide-de-Sérou;1.427473149;43.010132316;09;L'Arize;ARIEGE
O102251002;L'Ariège à Ax-les-Thermes;1.834629346;42.722694985;09;L'Ariège;ARIEGE
O123251001;L'Ariège à Bompas;1.605501545;42.863739312;09;L'Ariège;ARIEGE
O125251001;L'Ariège à Foix;1.60885338;42.966262505;09;L'Ariège;ARIEGE
O101252101;L'Ariège à Mérens-les-Vals [EDF];1.831253243;42.642856393;09;L'Ariège;ARIEGE
O120251001;L'Ariège à Quié;1.605648081;42.846940969;09;L'Ariège;ARIEGE
O137251002;L'Ariège à Saverdun;1.577842384;43.231948346;09;L'Ariège;ARIEGE
O137251001;L'Ariège à Saverdun - Ancienne;1.57764514;43.231963741;09;L'Ariège;ARIEGE
O102251001;L'Ariège à Savignac-les-Ormeaux - Esquiroulet;1.82879848;42.727001587;09;L'Ariège;ARIEGE
O100000201;L'Ariège à l'Hospitalet-près-l'Andorre [amont - QNR - EDF];1.796280159;42.586954485;09;L'Ariège;ARIEGE
O101252001;L'Ariège à l'Hospitalet-près-l'Andorre [aval];1.827681213;42.634103683;09;L'Ariège;ARIEGE
O035532001;L'Ars à Aulus-les-Bains [Aulus 2];1.352887516;42.783306083;09;Rivière d'Ars;ARIEGE
O107000201;L'Aston à Aston [EDF - Riète1];1.667369976;42.704888002;09;Ruisseau Aston;ARIEGE
O108431001;L'Aston à Larcat;1.679556252;42.784581487;09;Ruisseau Aston;ARIEGE
O033502001;L'Estours à Seix [Estours];1.141624694;42.810117039;09;Ruisseau d'Estours;ARIEGE
O031511001;L'Ossèse à Ustou;1.267527921;42.77304745;09;Ruisseau Ossèse;ARIEGE
O182401001;La Lèze au Fossat;1.408874729;43.17498911;09;La Lèze;ARIEGE
O181404001;La Lèze à Artigat;1.432952344;43.155162475;09;La Lèze;ARIEGE
O180405001;La Lèze à Gabre [Soutembel];1.435259615;43.05677046;09;La Lèze;ARIEGE
O184402001;La Lèze à Lézat-sur-Lèze;1.352877688;43.280809318;09;La Lèze;ARIEGE
O181401001;La Lèze à Pailhès;1.443074194;43.102375564;09;La Lèze;ARIEGE
O184701001;La Rijolle à Lézat-sur-Lèze;1.35463021;43.289743554;09;La Rijolle;ARIEGE
O030561001;Le Cougnets à Couflens [Salau 2];1.198438876;42.749117783;09;Ruisseau des Cougnets;ARIEGE
O030561002;Le Cougnets à Couflens [Salau 2] - Salau 3;1.188894442;42.756223849;09;Ruisseau des Cougnets;ARIEGE
O158461001;Le Douctouyre à Dun [Engraviès];1.772642695;43.043559754;09;Le Douctouyre;ARIEGE
O156000101;Le Douctouyre à Ilhat [Source de Prat d'Amont];1.76916067;42.949473312;09;Le Douctouyre;ARIEGE
O035561001;Le Fouillet à Aulus-les-Bains;1.332026916;42.791608494;09;Ruisseau du Fouillet;ARIEGE
O035502001;Le Garbet à Aulus-les-Bains;1.382762423;42.75485595;09;Le Garbet;ARIEGE
O035503001;Le Garbet à Oust;1.236702516;42.862855841;09;Le Garbet;ARIEGE
O052501001;Le Gouarège à Cazavet [Aliou];1.048938028;42.990321642;09;Ruisseau de la Gouarège;ARIEGE
O144291002;Le Grand Hers au Peyrat;1.935437111;42.95424375;09;Le Grand Hers;ARIEGE
O143291001;Le Grand Hers à Bélesta;1.93662119;42.90502386;09;Le Grand Hers;ARIEGE
O143293001;Le Grand Hers à Bélesta [Source de Fontestorbes];1.927154402;42.89166433;09;Le Grand Hers;ARIEGE
O143292001;Le Grand Hers à Fougax-et-Barrineuf [Fougax];1.907514079;42.886313069;09;Le Grand Hers;ARIEGE
O144291001;Le Grand Hers à Laroque-d'Olmes - Foncirgue;1.939892149;42.955016285;09;Le Grand Hers;ARIEGE
O165293003;Le Grand Hers à Mazères;1.6806903;43.253505077;09;Le Grand Hers;ARIEGE
O165293001;Le Grand Hers à Mazères - ancienne;1.688768567;43.246829035;09;Le Grand Hers;ARIEGE
O165293002;Le Grand Hers à Mazères - nouvelle;1.686238565;43.24714016;09;Le Grand Hers;ARIEGE
O153292001;Le Grand Hers à Mirepoix;1.875692568;43.093437671;09;Le Grand Hers;ARIEGE
O153291001;Le Grand Hers à Roumengoux;1.934243108;43.082528229;09;Le Grand Hers;ARIEGE
O048511001;Le Lachein à Balaguères [Baget - Las Hountas];1.030874407;42.955348661;09;Ruisseau de Lachein;ARIEGE
O058431001;Le Lens à Betchat;1.04364888;43.09909289;09;Le Lens;ARIEGE
O044401001;Le Lez aux Bordes-sur-Lez;1.028827547;42.902429503;09;Le lez;ARIEGE
O048401001;Le Lez à Engomer [Balaguères];1.055137355;42.949466386;09;Le lez;ARIEGE
O049401001;Le Lez à Saint-Girons;1.132920251;42.98261869;09;Le lez;ARIEGE
O127501001;Le Roques à Serres-sur-Arget [Péralbe];1.511010256;42.942734998;09;Ruisseau de Roques;ARIEGE
O030251002;Le Salat à Couflens [Phelips];1.190802931;42.775700973;09;Le Salat;ARIEGE
O030251001;Le Salat à Couflens [Phelips] - 1;1.186179324;42.788898078;09;Le Salat;ARIEGE
O030252001;Le Salat à Couflens [Salau];1.187651897;42.756148873;09;Le Salat;ARIEGE
O050252001;Le Salat à Saint-Lizier [Saint Girons];1.141200517;42.991101293;09;Le Salat;ARIEGE
O050252002;Le Salat à Saint-Lizier [Saint Girons];1.14088135;42.991500591;09;Le Salat;ARIEGE
O034251001;Le Salat à Seix;1.198153885;42.860389629;09;Le Salat;ARIEGE
O036252001;Le Salat à Soueix-Rogalle [Brousset];1.212275556;42.88819476;09;Le Salat;ARIEGE
O039252001;Le Salat à Soueix-Rogalle [Kercabanac 1];1.212370925;42.910521854;09;Le Salat;ARIEGE
O036251001;Le Salat à Soueix-Rogalle [Kercabanac];1.213212104;42.908637896;09;Le Salat;ARIEGE
O122501201;Le Saurat à Arignac [Source de Fount Sainto];1.587289182;42.878637826;09;Le Saurat;ARIEGE
O122501001;Le Saurat à Surba;1.597555106;42.859669517;09;Le Saurat;ARIEGE
O149431003;Le Touyre à Lavelanet;1.850824328;42.940861823;09;Le Touyre;ARIEGE
O149431001;Le Touyre à Lavelanet - Ancienne;1.920585877;43.025239871;09;Le Touyre;ARIEGE
O149433001;Le Touyre à Léran;1.911854093;42.989108992;09;Le Touyre;ARIEGE
O148432001;Le Touyre à Montferrier - 1;1.780764728;42.890785471;09;Le Touyre;ARIEGE
O148432002;Le Touyre à Montferrier - 2;1.776104498;42.887890458;09;Le Touyre;ARIEGE
O149433201;Le Touyre à Saint-Quentin-la-Tour;1.92038943;43.02525589;09;Le Touyre;ARIEGE
O149431002;Le Touyre à Saint-Quentin-la-Tour - Erreur - supprimée;1.92038943;43.02525589;09;Le Touyre;ARIEGE
O184741001;Le Vermeil à Lézat-sur-Lèze;1.371373094;43.287855742;09;Le Vermeil;ARIEGE
O114462001;Le Vicdessos à Vicdessos;1.50034425;42.768104546;09;Ruisseau de Vicdessos;ARIEGE
O062401001;Le Volp à Sainte-Croix-Volvestre;1.141456072;43.144783303;09;Le Volp;ARIEGE
O071402101;Le ruisseau de Bésole à Esplas-de-Sérou [Source de Bésole];1.355596679;42.965160601;09;Ruisseau de Bésole;ARIEGE
O106000101;Le ruisseau de Frontonne [Source de Fountroune] à Axiat;1.779899041;42.806849922;09;ruisseau de fontronne;ARIEGE
O107000101;Le ruisseau de Quioulès à Château-Verdun [EDF - Riète 2];1.66431699;42.705472923;09;Ruisseau de Quioulès;ARIEGE
Y102501101;Le ruisseau de Saint-Jean [Source Fontanals des Crespis] au Pla;2.06865389;42.691186145;09;Ruisseau de Saint-Jean;ARIEGE
O142541001;Le ruisseau de Saint-Nicolas [Le Lasset] à Montségur;1.831001529;42.863284504;09;Ruisseau de Saint-Nicolas;ARIEGE
O113000201;Le ruisseau de Saleix [Source de Las Mollos] à Auzat;1.469310061;42.769257552;09;Ruisseau de Saleix;ARIEGE
O157691001;Le ruisseau de Senesse à Limbrassac;1.838393989;43.006529907;09;Ruisseau de Senesse;ARIEGE
O111000101;Le ruisseau de l'Artigue à Auzat [EDF - Cibelle];1.418292956;42.70931479;09;Ruisseau de l'Artigue;ARIEGE
O044401101;[Source Fontaine Blanche] aux Bordes-sur-Lez;1.03126995;42.874800473;09;;ARIEGE
O038403101;[Source La Courate] à Ercé;1.274571702;42.871413539;09;;ARIEGE
O100000101;[Source Les Goutils] à l'Hospitalet-près-l'Andorre;1.809644479;42.600213946;09;;ARIEGE
O180405201;[Source Les Truffières] à Cazaux;1.521668634;43.063038044;09;;ARIEGE
O148432101;[Source de Fount Bergens 1] à Montferrier;1.766797972;42.874023752;09;;ARIEGE
H171301001;L'Ardusson à Saint-Aubin;3.558470863;48.477301264;10;L'Ardusson;AUBE
H247301001;L'Armance à Chessy-les-Prés;3.894882974;48.008397905;10;L'Armance;AUBE
H105101001;L'Aube [bras] à Longchamp-sur-Aujon [Clairvaux];4.79403108;48.153128621;10;L'Aube;AUBE
H105102001;L'Aube [partielle] à Longchamp-sur-Aujon [Outre Aube];4.795467565;48.145132277;10;L'Aube;AUBE
H150101001;L'Aube à Arcis-sur-Aube;4.14019337;48.537881775;10;L'Aube;AUBE
H120101001;L'Aube à Bar-sur-Aube;4.735132268;48.219116737;10;L'Aube;AUBE
H123101001;L'Aube à Blaincourt-sur-Aube;4.457205061;48.394756654;10;L'Aube;AUBE
H123101101;L'Aube à Blaincourt-sur-Aube [avant création grand lac];4.457218817;48.394765483;10;L'Aube;AUBE
H150391001;L'Herbissonne à Allibaudières;4.103726077;48.580463849;10;L'Herbissonne;AUBE
H050301001;L'Hozain à Buchères [Courgerennes];4.109565108;48.246030328;10;L'Hozain;AUBE
H150351001;L'Huitrelle à Lhuître;4.252801092;48.567949009;10;L'Huitrelle;AUBE
H032104001;L'Ource à Celles-sur-Ource;4.408602179;48.077891658;10;L'Ource;AUBE
H151321001;La Barbuise à Pouan-les-Vallées;4.063120205;48.537093492;10;La Barbuise;AUBE
H080001101;La Barse [Vieille Seine (partielle)] à Troyes [Foicy] - Après la création du lac Seine;4.1025591;48.302074442;10;La Barse;AUBE
H080001102;La Barse [Vieille Seine (partielle)] à Troyes [Foicy] - Avant la création du lac Seine;4.1025591;48.302074442;10;La Barse;AUBE
H070201001;La Barse à Montiéramey;4.292762289;48.237104694;10;La Barse;AUBE
H020302002;La Laignes aux Riceys;4.361000086;47.961779902;10;La Laignes;AUBE
H133301001;La Laines à Soulaines-Dhuys;4.735360529;48.378772705;10;La Laines;AUBE
H041301001;La Sarce à Virey-sous-Bar;4.30224307;48.141519048;10;La Sarce;AUBE
H080001201;La Seine [partielle] à Troyes [Tauxelles];4.076922028;48.309383002;10;La Seine;AUBE
F211000101;La Seine au Mériot - Barrage de Beaulieu (amont);3.454979758;48.482546811;10;La Seine;AUBE
F211000102;La Seine au Mériot - Barrage de Beaulieu (aval);3.454833016;48.48279027;10;La Seine;AUBE
H040001001;La Seine à Bar-sur-Seine;4.375513066;48.117792182;10;La Seine;AUBE
H040002001;La Seine à Courtenot;4.3302482;48.145121375;10;La Seine;AUBE
H081001002;La Seine à Méry-sur-Seine;3.889608214;48.507310079;10;La Seine;AUBE
H081001001;La Seine à Méry-sur-Seine - Avant création grands lacs;3.889608214;48.507310079;10;La Seine;AUBE
F210000102;La Seine à Nogent-sur-Seine - Barrage (Aval);3.504897338;48.50053709;10;La Seine;AUBE
F210000101;La Seine à Nogent-sur-Seine - Barrage - (Amont);3.505557162;48.500761025;10;La Seine;AUBE
H010002001;La Seine à Plaines-Saint-Lange;4.480817333;47.995812801;10;La Seine;AUBE
H021001001;La Seine à Polisy;4.381265427;48.063770194;10;La Seine;AUBE
H170001001;La Seine à Pont-sur-Seine;3.594541455;48.52369033;10;La Seine;AUBE
F128000101;La Voire à Bétignicourt;4.456137969;48.445995388;10;;AUBE
H136201001;La Voire à Lassicourt;4.491983449;48.449032331;10;La Voire;AUBE
F211000301;Le canal de dérivation de Beaulieu à Villiers-sur-Seine à Nogent-sur-Seine - Ecluse de Beaulieu (Amont);3.466893909;48.49515878;10;Canal de Derivation de Beaulieu a Villiers-sur-Seine;AUBE
F211000302;Le canal de dérivation de Beaulieu à Villiers-sur-Seine à Nogent-sur-Seine - Ecluse de Beaulieu (Aval);3.466702279;48.495260546;10;Canal de Derivation de Beaulieu a Villiers-sur-Seine;AUBE
Y060401001;L'Agly à Camps-sur-l'Agly;2.449097489;42.859360712;11;L'Agly;AUDE
O152000101;L'Ambrone à Caudeval;1.95959932;43.080284539;11;L'Ambrone;AUDE
Y143542001;L'Argent-Double à Caunes-Minervois;2.525461586;43.32726751;11;L'Argent-Double;AUDE
Y143542101;L'Argent-Double à Trausse;2.5517517;43.303850141;11;L'Argent-Double;AUDE
Y143541001;L'Argent-Double à la Redorte [Les Salices];2.629168973;43.263965016;11;L'Argent-Double;AUDE
Y111201201;L'Aude [Source de Font Maure - affluent de l'Aude] à Belvianes-et-Cavirac - Source de Font Maure;42.8430469;2.2031211;11;L'Aude;AUDE
Y100201001;L'Aude [amont] à Escouloubre;2.140094707;42.711619315;11;L'Aude;AUDE
Y114115101;L'Aude à Alet-les-Bains - Le Moulin Neuf;2.262520546;42.985207295;11;L'Aude;AUDE
Y111201001;L'Aude à Belvianes-et-Cavirac;2.195545993;42.85649179;11;L'Aude;AUDE
Y123201002;L'Aude à Carcassonne - Pont-Neuf;2.361289531;43.214641451;11;L'Aude;AUDE
Y123201001;L'Aude à Carcassonne - Pont-Vieux;2.35816464;43.210305155;11;L'Aude;AUDE
Y112203001;L'Aude à Couiza;2.251857885;42.943826137;11;L'Aude;AUDE
Y161204001;L'Aude à Coursan [Arminis];3.042952763;43.240395403;11;L'Aude;AUDE
Y161205501;L'Aude à Coursan [Déversoir Grand Vigne];3.054181368;43.235263075;11;L'Aude;AUDE
Y161205201;L'Aude à Coursan [Déversoir Prat du Raïs];3.035694223;43.241585419;11;L'Aude;AUDE
Y161205001;L'Aude à Coursan [Village];3.057355632;43.235414355;11;L'Aude;AUDE
Y161203001;L'Aude à Cuxac-d'Aude;2.999274069;43.240700785;11;L'Aude;AUDE
Y161205701;L'Aude à Cuxac-d'Aude [Déversoir Horto de Blazy];3.009330796;43.238689139;11;L'Aude;AUDE
Y161205601;L'Aude à Cuxac-d'Aude [Déversoirs 1952];3.016830037;43.23663329;11;L'Aude;AUDE
Y101202001;L'Aude à Escouloubre [aval];2.088893669;42.737523911;11;L'Aude;AUDE
Y115201001;L'Aude à Limoux [Pont de Fer];2.216892346;43.056549375;11;L'Aude;AUDE
Y142202001;L'Aude à Marseillette;2.540033249;43.199845417;11;L'Aude;AUDE
Y161201001;L'Aude à Moussan [Moussoulens - viaduc];2.957818824;43.245262143;11;L'Aude;AUDE
Y161202001;L'Aude à Moussan [Moussoulens - écluse];2.96050158;43.24484038;11;L'Aude;AUDE
Y142201001;L'Aude à Puichéric;2.626720535;43.221939256;11;L'Aude;AUDE
Y142201002;L'Aude à Puichéric - aval;2.657567396;43.226368189;11;L'Aude;AUDE
Y111201002;L'Aude à Quillan - Pont RD 118;2.185091271;42.877681077;11;L'Aude;AUDE
Y145202001;L'Aude à Saint-Marcel-sur-Aude;2.926258363;43.234378956;11;L'Aude;AUDE
Y103203001;L'Aude à Sainte-Colombe-sur-Guette [Nentilla];2.206133457;42.772257648;11;L'Aude;AUDE
Y161205901;L'Aude à Sallèles-d'Aude [Digues de Sallèles d'Aude];2.945892132;43.253827284;11;L'Aude;AUDE
Y142203001;L'Aude à Trèbes [rue Voltaire];2.440727445;43.209514129;11;L'Aude;AUDE
Y145201001;L'Aude à Ventenac-en-Minervois;2.855417937;43.240145257;11;L'Aude;AUDE
Y157000201;L'Aussou à Saint-André-de-Roquelongue;2.825225218;43.127082059;11;L'Aussou;AUDE
Y144501001;L'Ognon à Pépieux;2.692790204;43.297079521;11;L'Ognon;AUDE
Y141502001;L'Orbiel à Bouilhonnac [Villedubert];2.430769444;43.232912926;11;L'Orbiel;AUDE
Y141501001;L'Orbiel à Lastours;2.382732321;43.331450021;11;L'Orbiel;AUDE
Y141501002;L'Orbiel à Lastours - Mairie;2.379208006;43.333714878;11;L'Orbiel;AUDE
Y152402201;L'Orbieu [KARST Orbieu] à Montjoi [Grotte St Pierre];2.499004469;42.999834393;11;L'Orbieu;AUDE
Y152402301;L'Orbieu [KARST Orbieu] à Montjoi [Source de Montjoi];2.472200465;42.990007497;11;L'Orbieu;AUDE
Y152402401;L'Orbieu [KARST Orbieu] à Termes [Grotte de Nitable];2.565308781;42.986326654;11;L'Orbieu;AUDE
Y152402501;L'Orbieu [KARST Orbieu] à Vignevieille [Grotte de Vignevieille];2.530752409;43.004330476;11;L'Orbieu;AUDE
Y152402701;L'Orbieu [Ruisseau du Sou] à Termes;2.549464744;43.008988233;11;L'Orbieu;AUDE
Y152402001;L'Orbieu à Lagrasse [Pont RD 3];2.619256122;43.092964533;11;L'Orbieu;AUDE
Y156401001;L'Orbieu à Luc-sur-Orbieu;2.781459926;43.181553015;11;L'Orbieu;AUDE
Y151401001;L'Orbieu à Montjoi [Le Moulin];2.474129498;42.983770039;11;L'Orbieu;AUDE
Y152401001;L'Orbieu à Saint-Martin-des-Puits;2.567064349;43.038308235;11;L'Orbieu;AUDE
Y152402601;L'Orbieu à Vignevieille;2.538522778;43.01486964;11;L'Orbieu;AUDE
Y158402001;L'Orbieu à Villedaigne - RD 6113;2.864670711;43.213774445;11;L'Orbieu;AUDE
Y081400101;La Berre à Durban-Corbières;2.814654976;42.995022523;11;La Berre;AUDE
Y082403001;La Berre à Portel-des-Corbières;2.92378203;43.050672902;11;La Berre;AUDE
Y082541101;La Berre à Sigean [Ouvrage de régulation de l'Espinat];2.956118855;43.037344147;11;La Berre;AUDE
Y082402001;La Berre à Villesèque-des-Corbières [Château de Gléon-Portel];2.859617807;43.046138424;11;La Berre;AUDE
Y082401001;La Berre à Villesèque-des-Corbières [Ripaud];2.834549854;43.038664946;11;La Berre;AUDE
Y102501001;La Bruyante à Escouloubre [Usson-les-Bains];2.085542754;42.734186329;11;La Bruyante;AUDE
Y160504001;La Cesse à Bize-Minervois;2.870353639;43.31735482;11;La Cesse;AUDE
Y160505001;La Cesse à Mirepeisset;2.900595625;43.284138832;11;La Cesse;AUDE
Y141621001;La Clamoux à Malves-en-Minervois;2.437048016;43.252663948;11;La Clamoux;AUDE
Y141622002;La Clamoux à Villeneuve-Minervois;2.456170999;43.322074451;11;La Clamoux;AUDE
Y141622001;La Clamoux à Villeneuve-Minervois - Ancienne;2.455990271;43.322946157;11;La Clamoux;AUDE
Y115201301;La Corneilla à Bouriège [D52];2.1667809;42.986926541;11;La Corneilla;AUDE
Y135541001;La Dure aux Martys;2.282303117;43.406922744;11;La Dure;AUDE
O221591101;La Ganguise à Gourvieille;1.777768107;43.334744748;11;La Ganguise;AUDE
Y155000201;La Nielle à Saint-Laurent-de-la-Cabrerisse;2.698230398;43.084689717;11;La Nielle;AUDE
Y135521001;La Rougeanne à Moussoulens;2.224593356;43.275591641;11;La Rougeanne;AUDE
Y113501001;La Sals à Cassaignes;2.307574023;42.941339643;11;La Sals;AUDE
Y134501301;La Vernassonne à Alzonne;2.181706672;43.277617961;11;La Vernassonne;AUDE
O163401001;La Vixiège à Belpech;1.750133073;43.201828414;11;La Vixiège;AUDE
Y081400301;Le Barrou à Durban-Corbières;2.824724176;42.999000904;11;Le Barrou;AUDE
O146401001;Le Blau à Chalabre;2.015837265;42.97777346;11;Le Blau;AUDE
Y115201401;Le Cougaing à Castelreng;2.1377174;43.028566441;11;Le Cougaing;AUDE
Y133000101;Le Fresquel à Alzonne;2.17651547;43.250006655;11;Le Fresquel;AUDE
Y136401001;Le Fresquel à Carcassonne [Pont Rouge];2.372654738;43.238312092;11;Le Fresquel;AUDE
Y136402001;Le Fresquel à Pezens;2.263215113;43.255405384;11;Le Fresquel;AUDE
Y135541101;Le Fresquel à Sainte-Eulalie;2.211533527;43.248397188;11;Le Fresquel;AUDE
Y136402101;Le Fresquel à Ventenac-Cabardès [Clapet de Pezens];2.263914567;43.257602802;11;Le Fresquel;AUDE
Y131401001;Le Fresquel à Villepinte;2.083667924;43.280336022;11;Le Fresquel;AUDE
Y134501001;Le Lampy à Raissac-sur-Lampy;2.153435722;43.286104772;11;Le Lampy;AUDE
Y122501001;Le Lauquet à Greffeil;2.395982273;43.061975143;11;Le Lauquet;AUDE
Y122502001;Le Lauquet à Saint-Hilaire [Le Pech];2.315659968;43.109902764;11;Le Lauquet;AUDE
Y122502201;Le Lauquet à Saint-Hilaire [Route de Ladern];43.092944;2.332306;11;Le Lauquet;AUDE
Y122502002;Le Lauquet à Verzeille [Le Pech] - Pont de Pomas;2.31363144;43.121528971;11;Le Lauquet;AUDE
Y065761001;Le Mas de Ségure [Le Petit Verdouble] à Tuchan;2.725036188;42.901347485;11;Rivière du Mas de Ségure;AUDE
Y065761002;Le Mas de Ségure [Le Petit Verdouble] à Tuchan;2.724625893;42.886787591;11;Rivière du Mas de Ségure;AUDE
Y110501001;Le Rebenty à Saint-Martin-Lys;2.227006116;42.815330147;11;Le Rebenty;AUDE
Y153521001;Le Sou à Lagrasse [Alsou];2.591331309;43.091863868;11;Le Sou;AUDE
Y120501001;Le Sou à Saint-Martin-de-Villereglan;2.209121161;43.094791087;11;Le Sou;AUDE
Y065502001;Le Verdouble à Padern;2.675919364;42.864597313;11;Le Verdouble;AUDE
Y161205301;Le canal du Midi [Canal de Jonction] à Sallèles-d'Aude [Déversoir];2.951535181;43.254965449;11;Canal du Midi;AUDE
Y160541201;Le ruisseau d'Aymes à Bize-Minervois;2.877184622;43.340212025;11;Ruisseau d'Aymes;AUDE
Y142203301;Le ruisseau de Canet à Badens [Ouvrage de régulation];2.50251406;43.22193315;11;Ruisseau de Canet;AUDE
Y161205401;Le ruisseau de Dons à Vinassan [Ouvrage de régulation];3.078109495;43.198332622;11;Ruisseau de Dons;AUDE
Y114115001;Le ruisseau de Lavalette à Alet-les-Bains;2.261906358;42.990149645;11;Ruisseau de Lavalette;AUDE
Y142203201;Le ruisseau de Mayral à Rustiques [Ouvrage de régulation];2.474380258;43.222294598;11;Ruisseau de Mayral;AUDE
Y123201201;Le ruisseau de Palajanel [Ouv-Cazilhac2] à Palaja;2.374083397;43.18427987;11;Ruisseau de Palajanel;AUDE
Y123201101;Le ruisseau de Palajanel à Cazilhac [Ouv-Cazilhac1];2.37403481;43.181388811;11;Ruisseau de Palajanel;AUDE
Y082541001;Le ruisseau de Ripaud à Fontjoncouse;2.82410347;43.046733814;11;Ruisseau de Ripaud;AUDE
Y134501201;Le ruisseau de Tenten à Saint-Martin-le-Vieil [Pont de la D 4];2.143920654;43.278374174;11;Ruisseau de Tenten;AUDE
Y140501001;Le ruisseau de Trapel à Villedubert;2.406892818;43.24222968;11;Ruisseau de Trapel;AUDE
Y140501101;Le ruisseau de Trapel à Villegailhenc;2.355738528;43.26814405;11;Ruisseau de Trapel;AUDE
Y132501001;Le ruisseau de Tréboul à Villepinte;2.088615154;43.276608484;11;Ruisseau de Tréboul;AUDE
Y154000201;Le ruisseau de la Font Intruse à Fabrezan [Ouvrage de régulation];2.684693306;43.138102952;11;Ruisseau de la Font Intruse;AUDE
Y142203101;Le ruisseau de la Prade [Plan d'eau Ruchol] à Laure-Minervois [Déversoir];2.51993995;43.277091316;11;Ruisseau de la Prade;AUDE
Y142203401;Le ruisseau des Arques à Laure-Minervois - Bassin des Arques;43.275297;2.509788;11;Ruisseau des Arques;AUDE
Y145202301;Le ruisseau du Répudre à Mailhac;2.827846931;43.30313192;11;Ruisseau du Répudre;AUDE
Y084000401;Le ruisseau du Veyret [Couloir endigué] à Narbonne;2.993326088;43.175610307;11;Ruisseau du Veyret;AUDE
Y084000101;Le ruisseau du Veyret à Narbonne [Ouvrage de régulation Cap de Pla];2.966740455;43.180186114;11;Ruisseau du Veyret;AUDE
Y084000201;[Canal de la réunion] à Narbonne [Pont des Pauvres];3.046552988;43.141533285;11;;AUDE
Y161206101;[Chenal de Coursan] à Coursan;3.057530247;43.240273223;11;;AUDE
Y141622101;[Plan d'eau] à Villeneuve-Minervois [Ouvrage de régulation];2.467799055;43.315781122;11;;AUDE
O362401001;L'Alrance à Brousse-le-Château;2.627370581;43.996331108;12;L'Alrance;AVEYRON
O522401001;L'Alzou à Villefranche-de-Rouergue [Barrage Cabal];2.049437085;44.356798185;12;L'Alzou;AVEYRON
O513000101;L'Aveyron à Druelle [Les Planques];2.412357799;44.366598863;12;L'Aveyron;AVEYRON
O509252002;L'Aveyron à Onet-le-Château;2.621573558;44.36251311;12;L'Aveyron;AVEYRON
O504251001;L'Aveyron à Palmas - Manson [Ancienne];2.846054276;44.398854618;12;L'Aveyron;AVEYRON
O504251002;L'Aveyron à Palmas - Pont-de-Manson;2.846201323;44.398828786;12;L'Aveyron;AVEYRON
O516000101;L'Aveyron à Prévinquières;2.232206902;44.376562213;12;L'Aveyron;AVEYRON
O509252001;L'Aveyron à Rodez;2.596564956;44.357355201;12;L'Aveyron;AVEYRON
O500000301;L'Aveyron à Sévérac-le-Château [Source de Cayrac] - Station de Cayrac;3.086358614;44.308570573;12;L'Aveyron;AVEYRON
O519251001;L'Aveyron à Villefranche-de-Rouergue - Cambou;2.073469433;44.356535022;12;L'Aveyron;AVEYRON
O519251002;L'Aveyron à Villefranche-de-Rouergue - Lagasse;2.052282854;44.343445458;12;L'Aveyron;AVEYRON
O519251003;L'Aveyron à Villefranche-de-Rouergue - Recoules;2.065176962;44.35171657;12;L'Aveyron;AVEYRON
O519251004;L'Aveyron à Villefranche-de-Rouergue - Recoules (Origine);2.054887689;44.348221014;12;L'Aveyron;AVEYRON
O519254001;L'Aveyron à Villefranche-de-Rouergue [HE] - HE;2.041225494;44.350165814;12;L'Aveyron;AVEYRON
O762521001;L'Ondes à Saint-Symphorien-de-Thénières;2.708120584;44.758531314;12;Ruisseau des Ondes;AVEYRON
O323000301;La Barbade à Aguessac [Source Bousterjack-Fontliane] - Station Bousterjack-Fontliane;3.06972413;44.156014822;12;La Barbade;AVEYRON
O323000201;La Barbade à Aguessac [Source de Barbade] - Station de Barbade;3.088922828;44.161122334;12;La Barbade;AVEYRON
O715501001;La Boralde Flaujaguèse au Cayrol [Bonneval];2.798030849;44.563623676;12;Boralde Flaujaguèse;AVEYRON
O714522001;La Boralde de Saint-Chély d'Aubrac à Castelnau-de-Mandailles;2.847566178;44.532149895;12;Boralde de Saint-Chély d'Aubrac;AVEYRON
O714522002;La Boralde de Saint-Chély d'Aubrac à Castelnau-de-Mandailles - EDF;2.847054299;44.530627799;12;Boralde de Saint-Chély d'Aubrac;AVEYRON
O714522003;La Boralde de Saint-Chély d'Aubrac à Castelnau-de-Mandailles - EDF;2.847041714;44.530627782;12;Boralde de Saint-Chély d'Aubrac;AVEYRON
O714521001;La Boralde de Saint-Chély d'Aubrac à Saint-Chély-d'Aubrac [Pont des Touzes];2.963925693;44.598623963;12;Boralde de Saint-Chély d'Aubrac;AVEYRON
O763502001;La Bromme à Brommat [AE];2.680223085;44.831371631;12;La Bromme;AVEYRON
O773000101;La Bromme à Brommat [EDF];2.684400192;44.825933485;12;La Bromme;AVEYRON
O717501001;La Coussane à Coubisou [Cabrespine];2.721996406;44.581805532;12;La Coussane;AVEYRON
O816000301;La Diège à Salles-Courbatiès - Diege;2.070041008;44.46831633;12;La Diège;AVEYRON
O339403002;La Dourbie à Millau [Massebiau 1];3.129235652;44.101705455;12;La Dourbie;AVEYRON
O339403003;La Dourbie à Millau [Massebiau 1] - Massebiau 2;3.123038657;44.100839547;12;La Dourbie;AVEYRON
O339403004;La Dourbie à Millau [Massebiau 1] - Massebiau 3;3.129372921;44.10165129;12;La Dourbie;AVEYRON
O339403001;La Dourbie à Millau [Massebiau 1] - Saint-Lambert;3.104665178;44.100444618;12;La Dourbie;AVEYRON
O333402001;La Dourbie à Nant;3.299604331;44.02624661;12;La Dourbie;AVEYRON
O333402002;La Dourbie à Nant;3.304501676;44.023011056;12;La Dourbie;AVEYRON
O336402101;La Dourbie à Nant [EDF - Pont de Gardies];3.288464793;44.072951684;12;La Dourbie;AVEYRON
O336402001;La Dourbie à Nant [Les Moulinets];3.287933181;44.073979121;12;La Dourbie;AVEYRON
O339403101;La Dourbie à la Roque-Sainte-Marguerite [Source de l'Espérelle];3.209469803;44.121310545;12;La Dourbie;AVEYRON
O356571201;La Fousette à Saint-Beaulize [Source de Fousette] - Station de Fousette;3.115323199;43.905297467;12;La Fousette;AVEYRON
O319402001;La Jonte à Peyreleau;3.209372904;44.190031151;12;La Jonte;AVEYRON
O356571301;La Lèbre à Cornus [Source de Gloriette] - Station de gloriette;3.177796977;43.9056996;12;La Lèbre;AVEYRON
O345431001;La Muze à Montjaux [Saint-Hippolyte];2.921726773;44.081682874;12;La Muze;AVEYRON
O527000201;La Petite Serène à la Fouillade - PONT-NOIR;2.084664295;44.242214079;12;La Petite Serène;AVEYRON
O526000101;La Serène de Sanvensa à Lunac - station B - BORDERIES;2.07914714;44.253483121;12;La Serène de Sanvensa;AVEYRON
O528431002;La Serène de Sanvensa à Saint-André-de-Najac [Canabral];2.043584854;44.209017952;12;La Serène de Sanvensa;AVEYRON
O528431001;La Serène de Sanvensa à la Fouillade [Canabral] - La Bruyère;2.045421558;44.208645904;12;La Serène de Sanvensa;AVEYRON
O356461001;La Sorgues à Cornus;3.20497852;43.877024992;12;La Sorgue;AVEYRON
O356571401;La Sorgues à Cornus [Source de Sorgues] - Station de Sorgues;3.190320999;43.87643958;12;La Sorgue;AVEYRON
O356571001;La Sorgues à Fondamente;3.146779443;43.881933378;12;La Sorgue;AVEYRON
O358461003;La Sorgues à Saint-Affrique;2.884432727;43.958232621;12;La Sorgue;AVEYRON
O358461001;La Sorgues à Saint-Affrique - Amont;2.884282748;43.958466455;12;La Sorgue;AVEYRON
O358461002;La Sorgues à Saint-Affrique - Aval;2.873527636;43.959894494;12;La Sorgue;AVEYRON
O358461004;La Sorgues à Saint-Affrique - Viaduc;2.886754124;43.956183121;12;La Sorgue;AVEYRON
O358462001;La Sorgues à Saint-Affrique [Vendelove];2.892546995;43.929856084;12;La Sorgue;AVEYRON
O357461001;La Sorgues à Saint-Félix-de-Sorgues;2.989499422;43.878953794;12;La Sorgue;AVEYRON
O762251001;La Truyère à Brommat [La Cadène];2.706977243;44.788814963;12;La Truyère;AVEYRON
O769251001;La Truyère à Entraygues-sur-Truyère;2.566536721;44.649779664;12;La Truyère;AVEYRON
O769251101;La Truyère à Sainte-Geneviève-sur-Argence [Sarrans EDF - QNR];2.740183799;44.828874123;12;La Truyère;AVEYRON
O356571101;Le Berlières à Fondamente [Source de Berlière] - Station de Berlière;3.1793132;43.869285811;12;Le Berlières;AVEYRON
O754000201;Le Bès à Saint-Juéry [EDF];3.087533058;44.825774669;12;Le Bès;AVEYRON
O341000301;Le Cernon à Lapanouse-de-Cernon [Source de la Mouline] - Station de la Mouline;3.086592321;43.993754583;12;Le Cernon;AVEYRON
O342403002;Le Cernon à Saint-Georges-de-Luzençon;2.984035724;44.063826126;12;Le Cernon;AVEYRON
O342403001;Le Cernon à Saint-Georges-de-Luzençon - amont;2.984422617;44.063988186;12;Le Cernon;AVEYRON
O342401001;Le Cernon à Saint-Georges-de-Luzençon [aval];2.987352993;44.076885943;12;Le Cernon;AVEYRON
O341000401;Le Cernon à Sainte-Eulalie-de-Cernon [Source de Rauze] - Station de Rauze;3.125025329;43.981819594;12;Le Cernon;AVEYRON
O341000201;Le Cernon à Sainte-Eulalie-de-Cernon [Source du Cernon] - Station du Cernon;3.142215435;43.977775671;12;Le Cernon;AVEYRON
O348541001;Le Coudols à Salles-Curan;2.815494985;44.128771868;12;Ruisseau de Coudols;AVEYRON
O504551001;Le Cuge à Vimenet;2.923627275;44.396109177;12;Ruisseau de Cuge;AVEYRON
O503000101;Le Cuge à Vimenet [Source d'Esparses] - Station d'Esparses;2.942134564;44.395076254;12;Ruisseau de Cuge;AVEYRON
O503000201;Le Cuge à Vimenet [Source de Mayrinhac] - Station de Mayrinhac;2.949470315;44.390930065;12;Ruisseau de Cuge;AVEYRON
O541401001;Le Céor à Cassagnes-Bégonhès;2.529643113;44.169699838;12;Le Céor;AVEYRON
O542402002;Le Céor à Centrès - Estrebaldie;2.406188514;44.143511396;12;Le Céor;AVEYRON
O542402001;Le Céor à Centrès - Vialardel;2.406375717;44.143539413;12;Le Céor;AVEYRON
O542402003;Le Céor à Saint-Just-sur-Viaur - Castelpers;2.392159164;44.129477144;12;Le Céor;AVEYRON
O353401001;Le Dourdou [de Camarès] à Camarès;2.88042253;43.820826516;12;Le Dourdou de Camarès;AVEYRON
O355401001;Le Dourdou [de Camarès] à Vabres-l'Abbaye;2.837261237;43.946059006;12;Le Dourdou de Camarès;AVEYRON
O359402001;Le Dourdou [de Camarès] à Vabres-l'Abbaye - Bedos [Ancienne];2.826149966;43.958461456;12;Le Dourdou de Camarès;AVEYRON
O359402002;Le Dourdou [de Camarès] à Vabres-l'Abbaye - Le Poujol;2.829956218;43.956343512;12;Le Dourdou de Camarès;AVEYRON
O355401101;Le Dourdou [de Camarès] à Vabres-l'Abbaye [Le Moulin];2.8362785;43.945607556;12;Le Dourdou de Camarès;AVEYRON
O787401001;Le Dourdou [de Conques] à Conques;2.401217244;44.587131694;12;Le Dourdou de Conques;AVEYRON
O785401001;Le Dourdou [de Conques] à Saint-Cyprien-sur-Dourdou;2.408935599;44.549046968;12;Le Dourdou de Conques;AVEYRON
O781401001;Le Dourdou à Bozouls;2.725256879;44.452856087;12;Le Dourdou de Conques;AVEYRON
O350000201;Le Dourdou à Brusque [Source de Céras] - Station de Céras;2.956475423;43.754130621;12;Le Dourdou de Camarès;AVEYRON
O789401001;Le Dourdou à Grand-Vabre;2.355956629;44.632035499;12;Le Dourdou de Conques;AVEYRON
O783401001;Le Dourdou à Nauviale;2.437120715;44.516479118;12;Le Dourdou de Conques;AVEYRON
O333402101;Le Durzon à Nant [Source du Durzon];3.285374396;43.996872555;12;Le Durzon;AVEYRON
O546431001;Le Giffou à Saint-Just-sur-Viaur [La Fabrèguerie];2.434795207;44.108811602;12;Le Giffou;AVEYRON
O766401001;Le Goul à Saint-Hippolyte [La rivière];2.565566338;44.710230608;12;Le Goul;AVEYRON
O359402101;Le Len à Saint-Affrique [Source de Taillade] - Station de Len-Taillade;2.838501959;43.996189605;12;Le Len;AVEYRON
O770154001;Le Lot à Entraygues-sur-Truyère - HE;2.560303165;44.638888654;12;Le Lot;AVEYRON
O770154002;Le Lot à Entraygues-sur-Truyère - Roquepailhols;2.558624902;44.639044019;12;Le Lot;AVEYRON
O719151001;Le Lot à Entraygues-sur-Truyère [amont];2.576497726;44.63162359;12;Le Lot;AVEYRON
O770151001;Le Lot à Entraygues-sur-Truyère [aval];2.536520658;44.646705033;12;Le Lot;AVEYRON
O716151001;Le Lot à Espalion;2.77125906;44.523303925;12;Le Lot;AVEYRON
O718151001;Le Lot à Estaing;2.670734741;44.552685649;12;Le Lot;AVEYRON
O723403101;Le Lot à Lassouts [Castelnau - EDF];2.874034125;44.505988136;12;Le Lot;AVEYRON
O723403201;Le Lot à Lassouts [QNR Castelnau - EDF];2.874034125;44.505988136;12;Le Lot;AVEYRON
O791151001;Le Lot à Livinhac-le-Haut;2.231432667;44.584370594;12;Le Lot;AVEYRON
O711502001;Le Lot à Saint-Laurent-d'Olt;3.11284928;44.448477665;12;Le Lot;AVEYRON
O323000401;Le Lumansonesque à Verrières [Source de Saint Pierre] - Station de Saint-Pierre;3.015571552;44.225234358;12;Le Lumansonesque;AVEYRON
O375401001;Le Rance à Saint-Sernin-sur-Rance;2.602191202;43.886733896;12;Le Rance;AVEYRON
O794402002;Le Riou Mort à Viviez [2];2.211397696;44.565782496;12;Riou Mort;AVEYRON
O794402001;Le Riou Mort à Viviez [2] - 1;2.206918188;44.569099488;12;Riou Mort;AVEYRON
O764611001;Le Selves [ou Couzou] à Florentin-la-Capelle;2.643407485;44.663414366;12;La Selves;AVEYRON
O768501001;Le Selves à Campouriez [Louradiol];2.664250797;44.662795365;12;La Selves;AVEYRON
O504551201;Le Serre à Campagnac - Station de Serre;3.085959674;44.400981065;12;Ruisseau de Serre;AVEYRON
O505501001;Le Serre à Coussergues [Resuenhe];2.872496373;44.415703768;12;Ruisseau de Serre;AVEYRON
O360102001;Le Tarn à Brousse-le-Château;2.621860729;43.998112199;12;Le Tarn;AVEYRON
O343000101;Le Tarn à Comprégnac [Source des Douzes] - Station des Douzes;2.980855483;44.093130609;12;Le Tarn;AVEYRON
O340101001;Le Tarn à Millau - Ancienne;3.075640995;44.092782157;12;Le Tarn;AVEYRON
O340101003;Le Tarn à Millau - Aval HG;3.067508248;44.090312368;12;Le Tarn;AVEYRON
O340101002;Le Tarn à Millau - HE;3.075565409;44.092287189;12;Le Tarn;AVEYRON
O314101001;Le Tarn à Mostuéjouls [La Muse];3.222334143;44.209537657;12;Le Tarn;AVEYRON
O314101101;Le Tarn à Mostuéjouls [Source de Mas de Lafon] - Station de Mas de Lafon;3.222788338;44.220049893;12;Le Tarn;AVEYRON
O347000101;Le Tarn à Saint-Victor-et-Melvieu [Pinet];2.8099986;44.070217218;12;Le Tarn;AVEYRON
O500000201;Le Verlenque à Sévérac-le-Château [Source de Bastide] - Station de Bastide;3.071608652;44.302280212;12;Le Verlenque;AVEYRON
O500000401;Le Verlenque à Sévérac-le-Château [Source de Verlenque] - Station de Verlenque;3.073701889;44.292638405;12;Le Verlenque;AVEYRON
O531291001;Le Viaur à Arques;2.801684749;44.308542678;12;Le Viaur;AVEYRON
O555291001;Le Viaur à Bor-et-Bar [Pont du Diable];2.103330198;44.191752357;12;Le Viaur;AVEYRON
O532291001;Le Viaur à Pont-de-Salars [Camboulas];2.677382741;44.272791859;12;Le Viaur;AVEYRON
O548293101;Le Viaur à Saint-Just-sur-Viaur [EDF - Roc Miquel];2.357815516;44.126830171;12;Le Viaur;AVEYRON
O548293002;Le Viaur à Saint-Just-sur-Viaur [Le Cambon];2.365047655;44.123749013;12;Le Viaur;AVEYRON
O548293001;Le Viaur à Saint-Just-sur-Viaur [Le Cambon] - Ancienne;2.365376431;44.123399885;12;Le Viaur;AVEYRON
O534000101;Le Vioulou à Salles-Curan [EDF - Trébons-Bas];2.813090024;44.210359765;12;Le Vioulou;AVEYRON
O346000101;Le ruisseau Lévéjac à Saint-Rome-de-Tarn [Source du Taurin] - Station du Taurin;2.917300986;44.034131528;12;Ruisseau Lévéjac;AVEYRON
O357461201;Le ruisseau d'Annou à Marnhagues-et-Latour [Source de la Chartreuse] - Station de la Chartreuse de nonenque;3.041129627;43.911029247;12;Ruisseau d'Annou;AVEYRON
O357461101;Le ruisseau d'Annou à Saint-Jean-et-Saint-Paul [Source Aiguebelle-Roubiérou] - Source Aiguebelle-Roubiérou;3.062596439;43.92758711;12;Ruisseau d'Annou;AVEYRON
O504551101;Le ruisseau de Brèves à Saint-Saturnin-de-Lenne [Source de Lestang] - Station de Lestang;3.017192949;44.412598568;12;Ruisseau de Brèves;AVEYRON
O501000101;Le ruisseau de Buzareingues à Buzeins [Source Buzareingues] - Station de Buzareingues;3.007441164;44.365565698;12;Ruisseau de Buzareingues;AVEYRON
O528431101;Le ruisseau de Cassurex à la Fouillade - station D - TOULZANES;2.02461017;44.204979336;12;Ruisseau de Cassurex;AVEYRON
O722000101;Le ruisseau de Glassac à Pierrefiche [Source de Glassac] - Station de Glassac;2.944230692;44.446603906;12;Ruisseau de Glassac;AVEYRON
O819000101;Le ruisseau de Lantouy à Salvagnac-Cajarc - Lantouy;1.852153776;44.460780542;12;Ruisseau de Lantouy;AVEYRON
O342403201;Le ruisseau de Lavencou à Saint-Georges-de-Luzençon [Source de Lavencou] - Lavencou;3.026876132;44.043159577;12;Ruisseau de Lavencou;AVEYRON
O526000201;Le ruisseau de Marmont à Saint-Salvadou - station A - TALESPIES;2.075938956;44.285907741;12;Ruisseau de Marmont;AVEYRON
O340101101;Le ruisseau de Saint-Martin à Creissels [Source du Boundoulaou] - Station du Boundoulaou;3.050669997;44.070790762;12;Ruisseau de Saint-Martin;AVEYRON
O501000301;Le ruisseau de Tantayrou à Lapanouse [Source de Tantayrou] - Station de Tantayrou;3.018155045;44.358084122;12;Ruisseau de Tantayrou;AVEYRON
O501000201;Le ruisseau de Tantayrou à Lapanouse [Source du Ségala] - Station de Ségala;3.022271637;44.361341942;12;Ruisseau de Tantayrou;AVEYRON
O358462301;Le ruisseau de Vailhauzy à Saint-Affrique [Source de Dragonnière];2.939754321;43.953714271;12;Ruisseau de Vailhauzy;AVEYRON
O358462201;Le ruisseau de Vailhauzy à Saint-Jean-d'Alcapiès [Source de l'Adoux] - Source de l'Adoux;2.962541184;43.95122255;12;Ruisseau de Vailhauzy;AVEYRON
O357461301;Le ruisseau de Versols à Saint-Jean-et-Saint-Paul [Moulin de Gauty] - Station du Moulin de Gauty;2.989776471;43.929818449;12;ruisseau le verzolet;AVEYRON
O802000101;Le ruisseau des Douzes à Muret-le-Château - Muret;2.574389669;44.493336782;12;Ruisseau des Douzes;AVEYRON
O341000101;Le ruisseau du Brias à Tournemire [Source du Brias] - Station Balastière;3.027141449;43.97151994;12;Ruisseau du Brias;AVEYRON
O504551301;[La source de Duc] à Campagnac;3.074949964;44.402546413;12;;AVEYRON
O340101201;[La source de Homède] à Creissels - Ruisseau des cascades de Creissels;3.062504066;44.082008018;12;;AVEYRON
X350001401;L'Anguillon à Noves [Calade];4.892635488;43.82409775;13;L'Anguillon;BOUCHES-DU-RHONE
X350001501;L'Anguillon à Noves [Moulin de la Roque];4.89255585;43.884401618;13;L'Anguillon;BOUCHES-DU-RHONE
X350001601;L'Anguillon à Noves [les Chutes];4.868645175;43.896903054;13;L'Anguillon;BOUCHES-DU-RHONE
Y401202101;L'Arc [Bras principal] à Rousset;43.4762266;5.593353;13;L'Arc;BOUCHES-DU-RHONE
Y412204001;L'Arc à Aix-en-Provence [Roquefavour-Bruet];5.313526001;43.516378126;13;L'Arc;BOUCHES-DU-RHONE
Y412201001;L'Arc à Aix-en-Provence [Saint-Pons];5.348438479;43.506311777;13;L'Arc;BOUCHES-DU-RHONE
Y412202001;L'Arc à Berre-l'Étang - Mauran [Ancienne];5.132427173;43.504815683;13;L'Arc;BOUCHES-DU-RHONE
Y412202002;L'Arc à Berre-l'Étang - Saint-Estève;5.152379821;43.500074365;13;L'Arc;BOUCHES-DU-RHONE
Y412541101;L'Arc à Berre-l'Étang - Station Berre MENELIK;43.5068356;5.1702252;13;L'Arc;BOUCHES-DU-RHONE
Y402201001;L'Arc à Meyreuil [Pont de Bayeux];5.514784767;43.500989079;13;L'Arc;BOUCHES-DU-RHONE
Y401202001;L'Arc à Rousset [Maneou];5.617465488;43.472048217;13;L'Arc;BOUCHES-DU-RHONE
Y442404001;L'Huveaune à Aubagne [Le Charrel];5.55694706;43.289520786;13;L'Huveaune;BOUCHES-DU-RHONE
Y442501301;L'Huveaune à Marseille - Collège;5.409312879;43.275222249;13;L'Huveaune;BOUCHES-DU-RHONE
Y442401001;L'Huveaune à Marseille [Parc Dromel];5.403882159;43.270878795;13;L'Huveaune;BOUCHES-DU-RHONE
Y441403001;L'Huveaune à Roquevaire;5.604937081;43.35143716;13;L'Huveaune;BOUCHES-DU-RHONE
V721651001;La Bagnolette à Tarascon [Saint-Gabriel];4.691219428;43.767164649;13;La Bagnolette;BOUCHES-DU-RHONE
Y422561001;La Cadière à Marignane [stade Saint-Pierre];5.206021081;43.409595709;13;La Cadière;BOUCHES-DU-RHONE
X301000301;La Durance à Jouques [PONT MIRABEAU] - ECHELLE EAC;5.668361953;43.689806076;13;La Durance;BOUCHES-DU-RHONE
X301000302;La Durance à Jouques [PONT MIRABEAU] - ECHELLE LA MADELEINE;5.668955776;43.691560735;13;La Durance;BOUCHES-DU-RHONE
X331002001;La Durance à Mallemort;5.173713896;43.737373397;13;La Durance;BOUCHES-DU-RHONE
X302001001;La Durance à Meyrargues [Pont Pertuis];5.494158239;43.66595002;13;La Durance;BOUCHES-DU-RHONE
X300101001;La Durance à Saint-Paul-lès-Durance [Cadarache];5.743195091;43.71795738;13;La Durance;BOUCHES-DU-RHONE
X300101301;La Durance à Saint-Paul-lès-Durance [Jouques-Cadarache - EDF];5.745307858;43.718554269;13;La Durance;BOUCHES-DU-RHONE
Y411502001;La Luynes à Aix-en-Provence [Pioline];5.400093227;43.505432954;13;La Luynes;BOUCHES-DU-RHONE
Y411501001;La Luynes à Aix-en-Provence [Saint-Jean de Malte];5.403119143;43.500019237;13;La Luynes;BOUCHES-DU-RHONE
Y420000801;La Touloubre à Aix-en-Provence [Puyricard - DREAL PACA];5.420617183;43.577730182;13;La Touloubre;BOUCHES-DU-RHONE
Y420000501;La Touloubre à Aix-en-Provence [Puyricard - La Glacière];5.420040638;43.57779485;13;La Touloubre;BOUCHES-DU-RHONE
Y421404001;La Touloubre à Cornillon-Confoux [La Glacière];5.065317008;43.562840352;13;La Touloubre;BOUCHES-DU-RHONE
Y420000701;La Touloubre à Lambesc [Armieux];5.260817968;43.617107665;13;La Touloubre;BOUCHES-DU-RHONE
Y421403001;La Touloubre à Saint-Chamas [La Dent];5.06276364;43.553036382;13;La Touloubre;BOUCHES-DU-RHONE
Y421404201;La Touloubre à Salon-de-Provence [RN113];5.097268467;43.610843394;13;La Touloubre;BOUCHES-DU-RHONE
Y421401003;La Touloubre à la Barben [La Savonnière] - Ecolog;5.175308564;43.628950186;13;La Touloubre;BOUCHES-DU-RHONE
Y421401004;La Touloubre à la Barben [La Savonnière] - Station DREAL PACA;5.175488227;43.628894402;13;La Touloubre;BOUCHES-DU-RHONE
Y421401001;La Touloubre à la Barben [La Savonnière] - Station MAMP;5.175491231;43.628902299;13;La Touloubre;BOUCHES-DU-RHONE
Y430651801;Le Gaudre d'Aureille à Aureille - Le Gaudre d'Aureille;4.941828241;43.703542053;13;Gaudre d'Aureille;BOUCHES-DU-RHONE
Y430651701;Le Gaudre d'Aureille à Mouriès;4.879541558;43.685284023;13;Gaudre d'Aureille;BOUCHES-DU-RHONE
Y430651501;Le Gaudre de la Foux à Maussane-les-Alpilles;4.81477642;43.728425779;13;Gaudre de la Foux;BOUCHES-DU-RHONE
Y430651601;Le Gaudre de la Vallongue [ou du Destet] à Mouriès;4.896815366;43.717396268;13;Gaudre de la Vallongue;BOUCHES-DU-RHONE
Y442501401;Le Jarret à Marseille [Rabateau] - Le Jarret;5.398172488;43.276869041;13;Le Jarret;BOUCHES-DU-RHONE
Y442501402;Le Jarret à Marseille [Rabateau] - Radar de vitesse;5.398172488;43.276869041;13;Le Jarret;BOUCHES-DU-RHONE
Y441562001;Le Merlançon à Auriol [Pont-de-Joux];5.599298941;43.366053442;13;Le Merlançon;BOUCHES-DU-RHONE
Y422601001;Le Raumartin à Marignane;5.220013907;43.409554282;13;Le Raumartin;BOUCHES-DU-RHONE
V730000302;Le Rhône à Arles - CNR;4.621171281;43.678742551;13;Le Rhône;BOUCHES-DU-RHONE
V720001001;Le Rhône à Tarascon - CNR;4.651959401;43.786929456;13;Le Rhône;BOUCHES-DU-RHONE
V720001002;Le Rhône à Tarascon - DREAL;4.651959401;43.786929456;13;Le Rhône;BOUCHES-DU-RHONE
V720001003;Le Rhône à Tarascon - Pont de Beaucaire;4.649140397;43.804581416;13;Le Rhône;BOUCHES-DU-RHONE
Y422581001;Le ruisseau Bondon à Vitrolles [Montvallon 1];5.275801962;43.440797003;13;Ruisseau Bondon;BOUCHES-DU-RHONE
Y422582001;Le ruisseau Bondon à Vitrolles [Montvallon 2];5.275131326;43.431648759;13;Ruisseau Bondon;BOUCHES-DU-RHONE
Y412541001;Le ruisseau de Baume-Baragne à Cabriès [Plan de Campagne];5.355678802;43.421403462;13;Ruisseau de Baume-Baragne;BOUCHES-DU-RHONE
Y420000601;Le ruisseau de Budéou à Lambesc [Armieux];5.263408847;43.618164008;13;Ruisseau de Budéou;BOUCHES-DU-RHONE
Y411108001;Le ruisseau de Castillonne à Bouc-Bel-Air;5.403703916;43.455766204;13;Ruisseau de Castillonne;BOUCHES-DU-RHONE
Y401201001;Le ruisseau de Longarel à Trets;5.656912734;43.46280663;13;Ruisseau de Longarel;BOUCHES-DU-RHONE
X321020101;Le ruisseau de Silvacane à la Roque-d'Anthéron [Silvacane] - BRGM;5.330824585;43.717473912;13;Ruisseau de Silvacane;BOUCHES-DU-RHONE
X321020102;Le ruisseau de Silvacane à la Roque-d'Anthéron [Silvacane] - DREAL;5.33124383;43.715102293;13;Ruisseau de Silvacane;BOUCHES-DU-RHONE
Y442501001;Le torrent du Fauge à Gémenos;5.663014378;43.291315486;13;Torrent du Fauge;BOUCHES-DU-RHONE
Y402201401;Vallat le Grand [Affluent Rive Gauche Arc] à Aix-en-Provence - Station hydrométrique du Grand Vallat;43.4913593;5.3552878;13;Vallat le Grand;BOUCHES-DU-RHONE
Y430651001;[La Roybine de la chapelette] à Arles [Caparon];4.748944853;43.626485561;13;;BOUCHES-DU-RHONE
Y430651901;[Le Canal centre Crau] à Arles - Les Généraux;4.82445408;43.519558781;13;;BOUCHES-DU-RHONE
Y430652001;[Le Canal centre Crau] à Istres - Entressen;4.897055175;43.599529338;13;;BOUCHES-DU-RHONE
I202341001;L'Ante à Eraines;-0.160022615;48.911400762;14;L'Ante;CALVADOS
I452000101;L'Aure à Bayeux [Pont Trubert];-0.696624881;49.281432169;14;L'Aure;CALVADOS
I532151001;L'Aure à Maisons [Pont-Fatu];-0.749087368;49.321156354;14;L'Aure;CALVADOS
I540152001;L'Aure à Étréham;-0.793814346;49.316815967;14;L'Aure;CALVADOS
I264000101;L'Odon à Gavrus [Pont Neuf];-0.510921594;49.123556694;14;L'Odon;CALVADOS
I371201001;L'Odon à Épinay-sur-Odon;-0.615101451;49.074080083;14;L'Odon;CALVADOS
I110301001;L'Orbiquet à Beuvillers;0.256457403;49.128782753;14;L'Orbiquet;CALVADOS
I336101001;L'Orne au Mesnil-Villement;-0.390835598;48.849862731;14;L'Orne;CALVADOS
I374101001;L'Orne à Caen [Pont de Vaucelles];-0.355407081;49.177211503;14;L'Orne;CALVADOS
I350101001;L'Orne à Clécy;-0.481141534;48.92651871;14;L'Orne;CALVADOS
I352101001;L'Orne à Grimbosq;-0.466718192;49.033498264;14;L'Orne;CALVADOS
I353101001;L'Orne à Grimbosq [barrage du Val de Viard];-0.4489545;49.065474676;14;L'Orne;CALVADOS
I362102001;L'Orne à Louvigny;-0.390027738;49.154653156;14;L'Orne;CALVADOS
I362101001;L'Orne à May-sur-Orne;-0.386368464;49.109625506;14;L'Orne;CALVADOS
I352102001;L'Orne à Thury-Harcourt;-0.482778091;48.989497015;14;L'Orne;CALVADOS
I121311001;L'Yvie à Saint-Hymer;0.170961845;49.264432982;14;L'Yvie;CALVADOS
I120301001;La Calonne aux Authieux-sur-Calonne;0.285782537;49.297465057;14;La Calonne;CALVADOS
I120301002;La Calonne aux Authieux-sur-Calonne;0.285827055;49.297403095;14;La Calonne;CALVADOS
I120302001;La Calonne à Bonneville-la-Louvet;0.339614265;49.275277794;14;La Calonne;CALVADOS
I120303001;La Calonne à Pont-l'Évêque [Rue de la Calonne];0.190154283;49.290886885;14;La Calonne;CALVADOS
I501302001;La Dathée [partielle] à Saint-Manvieu-Bocage [1];-0.965008796;48.814187325;14;La Dathee;CALVADOS
I501303001;La Dathée [partielle] à Saint-Manvieu-Bocage [2];-0.964522731;48.812816701;14;La Dathee;CALVADOS
I501301001;La Dathée à Saint-Germain-de-Tallevende-la-Lande-Vaumont [1];-0.932057187;48.815501559;14;La Dathee;CALVADOS
I501305001;La Dathée à Saint-Germain-de-Tallevende-la-Lande-Vaumont [2];-0.942795459;48.810735298;14;La Dathee;CALVADOS
I205102001;La Dives [bras rive gauche] à Magny-le-Freule;-0.062550751;49.096733822;14;La Dives;CALVADOS
I205103002;La Dives au Mesnil-Mauger;-0.044192445;49.069018525;14;La Dives;CALVADOS
I202101001;La Dives à Beaumais;-0.076505128;48.896908443;14;La Dives;CALVADOS
I205103001;La Dives à Biéville-Quétiéville;-0.054542762;49.117092736;14;La Dives;CALVADOS
I123000101;La Dives à Bretteville-sur-Dives;-0.023538856;49.038451563;14;La Dives;CALVADOS
I157000101;La Dives à Cabourg;-0.112218786;49.285823354;14;La Dives;CALVADOS
I220101001;La Dives à Méry-Corbon [2];-0.064908323;49.148878547;14;La Dives;CALVADOS
I221101001;La Dives à Saint-Pierre-du-Jonquet [Le Ham, Hernetot];-0.103465897;49.167891753;14;La Dives;CALVADOS
I203102001;La Dives à Saint-Pierre-sur-Dives;-0.036288929;49.022679483;14;La Dives;CALVADOS
I221103001;La Dives à Varaville;-0.108652796;49.254922059;14;La Dives;CALVADOS
I344231001;La Druance à Périgny;-0.607021884;48.910100157;14;La Druance;CALVADOS
I345231001;La Druance à Saint-Germain-du-Crioult;-0.571720911;48.862600894;14;La Druance;CALVADOS
I535201001;La Drôme à Sully;-0.738172045;49.299527544;14;La Drome;CALVADOS
I361206001;La Laize à Fresney-le-Puceux [La Planche à la Housse];-0.353942465;49.057852086;14;La Laize;CALVADOS
I361201001;La Laize à Saint-Germain-le-Vasson [Le Livet];-0.31683521;49.004371687;14;La Laize;CALVADOS
I221311001;La Muance à Argences [Fresnes];-0.16363145;49.149427299;14;La Muance;CALVADOS
I405302001;La Mue à Cairon;-0.449579756;49.241212315;14;La Mue;CALVADOS
I405301001;La Mue à Reviers;-0.464526672;49.302610624;14;La Mue;CALVADOS
H704011001;La Seine à Honfleur - Station partenaire HAROPA;0.232790766;49.427784883;14;La Seine;CALVADOS
I402201001;La Seulles à Juvigny-sur-Seulles;-0.615442957;49.162264966;14;La Seulles;CALVADOS
I403201001;La Seulles à Tierceville;-0.530688331;49.291397603;14;La Seulles;CALVADOS
I401301001;La Seulline à Maisoncelles-Pelvey [La Queue du Renard];-0.670721934;49.072672065;14;La Seulline;CALVADOS
I700102001;La Sienne au Gast;-1.073481251;48.802360526;14;La Sienne;CALVADOS
I700103001;La Sienne au Gast [La Houssère];-1.067296445;48.800671137;14;La Sienne;CALVADOS
I700104001;La Sienne à Saint-Sever-Calvados [La Croix du Rocher];-1.048114702;48.807500616;14;La Sienne;CALVADOS
I700101001;La Sienne à Saint-Sever-Calvados [La Guermanderie];-1.096689109;48.803980226;14;La Sienne;CALVADOS
I505301001;La Souleuvre à Carville;-0.888745643;48.947115841;14;La Souleuvre;CALVADOS
I102101001;La Touques aux Moutiers-Hubert;0.263781195;48.975335338;14;La Touques;CALVADOS
I033000101;La Touques à Pierrefitte-en-Auge;0.21061128;49.252565152;14;La Touques;CALVADOS
I114101001;La Touques à Pont-l'Évêque [Rue de la Licorne];0.185619032;49.286796341;14;La Touques;CALVADOS
I103101001;La Touques à Saint-Martin-de-la-Lieue;0.21719266;49.110715228;14;La Touques;CALVADOS
I216201001;La Vie à Corbon;-0.031425023;49.137355427;14;La Vie;CALVADOS
I135000101;La Vie à Grandchamp-le-Château;0.074785131;49.078722886;14;La Vie;CALVADOS
I502102001;La Vire à Coulonces [Le Gast];-0.889272612;48.86100497;14;La Vire;CALVADOS
I510101001;La Vire à Malloué;-0.964648461;48.936136922;14;La Vire;CALVADOS
I502101001;La Vire à Vire;-0.900502577;48.843504139;14;La Vire;CALVADOS
I501361001;La Virene à Saint-Germain-de-Tallevende-la-Lande-Vaumont;-0.912704884;48.817622689;14;La Virene;CALVADOS
I114342001;Le Chaussey au Brévedent [1 - amont];0.303436652;49.207514802;14;Le Chaussey;CALVADOS
I114343001;Le Chaussey au Brévedent [2 - intermédiaire];0.305218256;49.224438943;14;Le Chaussey;CALVADOS
I114304001;Le Chaussey au Brévedent [3 - aval];0.304091761;49.226815484;14;Le Chaussey;CALVADOS
I114301001;Le Chaussey au Mesnil-sur-Blangy [Le Gruchet];0.240161845;49.250654497;14;Le Chaussey;CALVADOS
I114302001;Le Chaussey à Manneville-la-Pipard;0.221537066;49.254589491;14;Le Chaussey;CALVADOS
I121341001;Le Douet à Coudray-Rabut;0.165134073;49.308507843;14;Douet;CALVADOS
I220382001;Le Laizon à Croissanville;-0.100453118;49.121496322;14;Le Laizon;CALVADOS
I220382002;Le Laizon à Croissanville;-0.100453118;49.121496322;14;Le Laizon;CALVADOS
I346202001;Le Noireau à Condé-sur-Noireau [Rue du Moulin Biot];-0.544625563;48.849606512;14;Le Noireau;CALVADOS
I221361001;Le bras de l'Ancre à Cricqueville-en-Auge;-0.062595775;49.239394056;14;Bras de l'Ancre;CALVADOS
I205101001;Le bras de la Dives [bras rive droite] à Magny-le-Freule;-0.064835979;49.099230986;14;Bras de la Dives;CALVADOS
I374201001;Le canal de Caen à la Mer à Caen;-0.354326796;49.180661068;14;Canal de Caen à la Mer;CALVADOS
I220311001;Le canal de la Dorette à Victot-Pontfol;-0.016791226;49.163914381;14;Canal de la Dorette;CALVADOS
I114303001;Le fossé 01 de Brévedent au Pin;0.320940749;49.218393874;14;Fossé 01 de Brévedent;CALVADOS
I090991001;Le fossé 01 de la Commune de la Theil-en-Auge [source] à Genneville;0.266006431;49.367552953;14;Fossé 01 de la Commune de la Theil-en-Auge;CALVADOS
I361991001;[La source de la mine] à Urville;-0.309075231;49.029641381;14;;CALVADOS
I114341001;[Le drain (D 2)] au Pin [La Pinterie];0.302507857;49.205317109;14;;CALVADOS
K252301001;L'Alagnon à Joursac [Le Vialard];3.027336788;45.159213405;15;l'Alagnon;CANTAL
K253401201;L'Alagnon à Massiac - Pont RN 122;3.193532727;45.250703026;15;l'Alagnon;CANTAL
K254401001;L'Alagnonnette à Massiac;3.197180824;45.251353966;15;l'Alagnonnette;CANTAL
K251402001;L'Allanche à Allanche;2.933012177;45.229231214;15;l'Allanche;CANTAL
K251401001;L'Allanche à Joursac [Pont du Vernet];3.006945654;45.134419283;15;l'Allanche;CANTAL
O825501101;L'Anès à Rouziers - Moulin d'Anès;44.7880365;2.2043023;15;L'Anès;CANTAL
K253401001;L'Arcueil à Massiac [Bousselorgues];3.183227182;45.241256864;15;l'Arcueil;CANTAL
P183401001;L'Authre à Ytrac [Le Vert];2.326215462;44.917861275;15;L'Authre;CANTAL
P103401001;L'Auze à Brageac [Le Pestre] - [Hors service];2.226897152;45.212484565;15;L'Auze;CANTAL
O753501001;L'Epie à Oradour [Pont-de-Rochebrune] - Ancienne échelle;2.934482919;44.953386795;15;Ruisseau de l'Epie;CANTAL
O753501002;L'Epie à Oradour [Pont-de-Rochebrune] - Nouvelle échelle;2.934495631;44.953359791;15;Ruisseau de l'Epie;CANTAL
P145401001;La Bertrande à Saint-Illide - Ancienne échelle;2.310319756;45.071832468;15;La Bertrande;CANTAL
P145401002;La Bertrande à Saint-Illide - Nouvelle échelle;2.310149468;45.07224561;15;La Bertrande;CANTAL
P190291001;La Cère à Laroquebrou [Nèpes];2.201379974;44.959659436;15;La Cère;CANTAL
P186000101;La Cère à Saint-Étienne-Cantalès;2.218295946;44.945683729;15;La Cère;CANTAL
P180000101;La Cère à Sansac-de-Marmiesse;2.327028169;44.88285939;15;;CANTAL
P177000101;La Cère à Sansac-de-Marmiesse [EDF];2.350600124;44.882091308;15;La Cère;CANTAL
P171291001;La Cère à Vic-sur-Cère [Comblat-le-Pont];2.615208188;44.965327591;15;La Cère;CANTAL
P174401002;La Jordanne à Aurillac - Claire Vivre [Hors service];2.443030588;44.92019182;15;La Jordanne;CANTAL
P174401001;La Jordanne à Aurillac - Ladoux [Hors service];2.444682289;44.923603508;15;La Jordanne;CANTAL
P174401003;La Jordanne à Aurillac - Passerelle Paul Riotte;2.444682289;44.923603508;15;La Jordanne;CANTAL
P152000101;La Maronne à Cros-de-Montvert [Les Estourocs] - [HS];2.172508002;45.081330419;15;La Maronne;CANTAL
P150000101;La Maronne à Pleaux [EDF - Enchanet - QNR];2.193945502;45.081570051;15;La Maronne;CANTAL
P142251001;La Maronne à Sainte-Eulalie;2.384673137;45.118873832;15;La Maronne;CANTAL
P052401001;La Petite Rhue à Marchastel [Pont de la Rodde];2.70241808;45.277658693;15;La Petite Rhue;CANTAL
O822000101;La Rance à Leynhac - Chapelle du Pont;44.7541972;2.2567401;15;La Rance;CANTAL
O826401001;La Rance à Maurs [Les Brauges];2.188487149;44.690381511;15;La Rance;CANTAL
O821000101;La Ressègue à Leynhac - Martory;44.7142682;2.2934639;15;La Ressègue;CANTAL
P036000101;La Santoire à Condat [EDF - Roche-Pointue];2.753339631;45.333230248;15;La Santoire;CANTAL
P030401001;La Santoire à Ségur-les-Villas [La Carrière];2.826229365;45.192324863;15;La Santoire;CANTAL
P081402001;La Sumène à Antignac;2.544930689;45.340565788;15;La Sumène;CANTAL
P089000101;La Sumène à Bassignac [Pont de Vendes - EDF];2.387767779;45.299343565;15;La Sumène;CANTAL
P089000201;La Sumène à Bassignac [QNR Pont de Vendes - EDF];2.387767779;45.299343565;15;La Sumène;CANTAL
P087000101;La Sumène à Méallet [Vendes] - [HS];2.391622214;45.297209569;15;La Sumène;CANTAL
P080401001;La Sumène à Saint-Étienne-de-Chomeil [Cheyrange];2.58153477;45.322213212;15;La Sumène;CANTAL
P065000101;La Tarentaine à Champs-sur-Tarentaine-Marchal [Champs] - [HS];2.554763806;45.394669138;15;La Tarentaine;CANTAL
P063000101;La Tarentaine à Champs-sur-Tarentaine-Marchal [La Vassin] - [HS];2.678844494;45.440080556;15;;CANTAL
O750252001;La Truyère à Lavastrie [Moulin du Tour];3.029114425;44.90716898;15;La Truyère;CANTAL
O760000201;La Truyère à Neuvéglise [Grandval EDF - QNR];3.074322199;44.922568046;15;La Truyère;CANTAL
P055501001;La Véronne à Riom-ès-Montagnes;2.664693027;45.28604313;15;La Véronne;CANTAL
O801351001;Le Célé à Maurs [Aurières];2.195242826;44.68043718;15;Le Célé;CANTAL
O821000201;Le Célé à Saint-Constant;44.6862439;2.2287087;15;Le Célé;CANTAL
K250601001;Le Lagnon à Murat - [HS];2.884235669;45.099207698;15;le Lagnon;CANTAL
O743401001;Le Lander à Roffiac [Le Blaud];3.04886686;45.053508113;15;l'ander;CANTAL
O745000301;Le Lander à Saint-Georges [EDF];3.128049011;45.012090606;15;l'ander;CANTAL
P088502001;Le Mars au Falgoux;2.622796571;45.153203811;15;Le Mars;CANTAL
P088501001;Le Mars à Bassignac [Vendes];2.387759978;45.296882342;15;Le Mars;CANTAL
O823153101;Le Moulègre à Boisset - Planche du Souq;44.7481508;2.2417727;15;Le Moulègre;CANTAL
O751551001;Le Remontalou à Chaudes-Aigues [Moulin de Gastal];3.011481342;44.858976821;15;Le Remontalou;CANTAL
P027251002;Le ruisseau Grande Rhue à Condat;2.7623454;45.338077772;15;rivière la rhue;CANTAL
P027251001;Le ruisseau Grande Rhue à Condat - Ancienne;2.762332671;45.338068741;15;rivière la rhue;CANTAL
O826401101;Le ruisseau d'Arcombe à Maurs;44.712773;2.20284;15;Ruisseau d'Arcombe;CANTAL
P178081001;Le ruisseau de Faugrand à Saint-Mamet-la-Salvetat [aval station pompage AEP];2.353507221;44.865459443;15;Ruisseau de Faugrand;CANTAL
P178051001;Le ruisseau de Roannes à Saint-Mamet-la-Salvetat [Pont de Lascombes];2.35388931;44.866362036;15;Ruisseau de Roannes;CANTAL
P015000101;[La Tialle] à Riom-ès-Montagnes [La Pradelle] - [HS];2.553329146;45.453968492;15;;CANTAL
R308000101;Gensac à Gensac-la-Pallue;-0.257476534;45.672093582;16;Rivière de Gensac;CHARENTE
R324401001;L'Antenne à Cognac [Javrezac];-0.357724734;45.698971839;16;L'Antenne;CHARENTE
R324401002;L'Antenne à Saint-Sulpice-de-Cognac [Javrezac];-0.375355939;45.746331373;16;L'Antenne;CHARENTE
R230000301;L'Argence à Champniers [Vouillac];0.150728336;45.715269723;16;L'Argence;CHARENTE
R021001001;L'Argent-Or à Poursac;0.25626108;45.960818711;16;L'Argent-Or;CHARENTE
R212001001;L'Aume [partielle] à Ambérac [Les Marais Cambouil Scie];0.051638419;45.872001383;16;L'Aume;CHARENTE
R210401001;L'Aume à Longré;-0.010392954;46.005375525;16;L'Aume;CHARENTE
R210001002;L'Aume à Oradour [Moulin de Gouge] - Gouge;3.2272e-05;45.913348078;16;L'Aume;CHARENTE
R210001001;L'Aume à Oradour [Moulin de Gouge] - Hors Service;3.2272e-05;45.913348078;16;L'Aume;CHARENTE
R210001003;L'Aume à Oradour [Moulin de Gouge] - Moulin de Gouge 2;-0.000707292;45.913265429;16;L'Aume;CHARENTE
R232002001;L'Echelle [résurgence] à Touvre [résurgence de la Lèche];0.258264112;45.658478491;16;L'Echelle;CHARENTE
R232003001;L'Echelle à Touvre [Chez Drau];0.259709675;45.657828914;16;L'Echelle;CHARENTE
R232001001;L'Echelle à Touvre [Les Varennes];0.265722134;45.651343607;16;L'Echelle;CHARENTE
L111301001;L'Issoire à Esse - Pont Binot;0.748926245;46.04748059;16;l'Issoire;CHARENTE
L111302001;L'Issoire à Saint-Germain-de-Confolens [Moulin Brûlé];0.688298309;46.050714588;16;l'Issoire;CHARENTE
R125001001;La Bonnieure à Saint-Ciers-sur-Bonnieure [Villebette];0.248646993;45.870279131;16;La Bonnieure;CHARENTE
R000000201;La Charente à Alloue;0.510152756;46.025448242;16;La Charente;CHARENTE
R234001001;La Charente à Angoulême;0.153097846;45.653110345;16;La Charente;CHARENTE
R022001002;La Charente à Aunac - Pont d'Aunac;0.239110896;45.919582157;16;La Charente;CHARENTE
R022001001;La Charente à Chenon;0.245992334;45.942816587;16;La Charente;CHARENTE
R314001001;La Charente à Cognac;-0.339874271;45.689642507;16;La Charente;CHARENTE
R314001002;La Charente à Cognac - Saint-Brice;-0.264817266;45.683425981;16;La Charente;CHARENTE
R307001002;La Charente à Jarnac;-0.173984771;45.678191586;16;La Charente;CHARENTE
R307001012;La Charente à Jarnac - Quai françois Mitterand;-0.180594907;45.680014747;16;La Charente;CHARENTE
R234001002;La Charente à Linars;0.091680484;45.644565503;16;La Charente;CHARENTE
R202001001;La Charente à Luxé - Pont de la Terne;0.102805224;45.891040556;16;La Charente;CHARENTE
R307001011;La Charente à Mainxe;-0.178206894;45.678730362;16;La Charente;CHARENTE
R202001002;La Charente à Mansle;0.179961013;45.877367365;16;La Charente;CHARENTE
R222001002;La Charente à Montignac-Charente;0.11758377;45.78117886;16;La Charente;CHARENTE
R002001001;La Charente à Suris [Pont de Suris];0.6369609;45.847197898;16;La Charente;CHARENTE
R002001002;La Charente à Suris [Pont de Suris];0.6369609;45.847197898;16;La Charente;CHARENTE
R222001003;La Charente à Vindelle - Coursac;0.142221504;45.733868344;16;La Charente;CHARENTE
R222001001;La Charente à Vindelle - La Côte;0.101979529;45.705015034;16;La Charente;CHARENTE
R301001001;La Charreau à Vœuil-et-Giget;0.1412967;45.598934024;16;La Charreau;CHARENTE
R211001101;La Couture [bief] à Oradour [Germeville];-0.004154838;45.905613223;16;ruisseau de la couture;CHARENTE
R211001001;La Couture [bras principal] à Oradour [Germeville];-0.004154348;45.905604225;16;ruisseau de la couture;CHARENTE
R211002001;La Couture [ruisseau de Chillé] à Oradour [Fraignée];-0.010074842;45.911430363;16;ruisseau de la couture;CHARENTE
R211003001;La Couture à Oradour [Le Maine];-0.009081433;45.917983853;16;ruisseau de la couture;CHARENTE
P831251001;La Dronne à Aubeterre-sur-Dronne;0.174950199;45.270017355;16;La Dronne;CHARENTE
P831252001;La Dronne à Bonnes;0.151521626;45.238328708;16;La Dronne;CHARENTE
P828401001;La Lizonne à Saint-Séverin [Le Marchais];0.263457136;45.29616708;16;La Lizonne;CHARENTE
R302000401;La Nouère à Asnières-sur-Nouère [Neuillac];0.026288482;45.720457072;16;La Nouère;CHARENTE
R016000201;La Péruse à la Péruse;0.217817599;46.023573693;16;La Péruse;CHARENTE
R311001001;La Soloire à Bréville;-0.26224407;45.79655417;16;La Soloire;CHARENTE
R311401001;La Soloire à Sainte-Sévère [Sainte-Sévère];-0.242479556;45.752467044;16;La Soloire;CHARENTE
R118001001;La Tardoire à Coulgens [Pont de Coulgens];0.295942727;45.812229173;16;La Tardoire;CHARENTE
R108001002;La Tardoire à Montbron;0.493727396;45.66893135;16;La Tardoire;CHARENTE
R108001001;La Tardoire à Montbron - Moulin de Lavaud;0.503257235;45.677873133;16;La Tardoire;CHARENTE
R109001001;La Tardoire à Rivières [Lacou];0.365119617;45.751768873;16;La Tardoire;CHARENTE
R109001002;La Tardoire à la Rochefoucauld [Lacou];0.381194067;45.741457702;16;La Tardoire;CHARENTE
R233505001;La Touvre [résurgence] à Gond-Pontouvre [Foulpougne];0.16880588;45.673164914;16;La Touvre;CHARENTE
R233508001;La Touvre à Magnac-sur-Touvre [Moulin du Roy];0.245318089;45.661973765;16;La Touvre;CHARENTE
P839431001;La Tude à Médillac [Pont de Corps];0.028155677;45.220436577;16;La Tude;CHARENTE
L094061001;La Vienne à Confolens;0.670062552;46.013296956;16;la Vienne;CHARENTE
L092061002;La Vienne à Étagnac - Chatenet;0.779326041;45.863851318;16;la Vienne;CHARENTE
L092061001;La Vienne à Étagnac - Pont de Pilas;0.78618472;45.864841708;16;la Vienne;CHARENTE
R116001001;Le Bandiat à Feuillade [1];0.472982099;45.606843207;16;Le Bandiat;CHARENTE
R116001002;Le Bandiat à Feuillade [1] - 2;0.472468048;45.607137974;16;Le Bandiat;CHARENTE
R116002001;Le Bandiat à Marthon;0.442753959;45.612944071;16;Le Bandiat;CHARENTE
R409000201;Le Beau à Saint-Médard;-0.139851142;45.512192351;16;Le Beau;CHARENTE
R201501001;Le Bief à Courcôme;0.127739703;45.981596581;16;Ruisseau du Bief;CHARENTE
R411001201;Le Collinaud à Criteuil-la-Magdeleine;-0.231976593;45.542931237;16;Le Collinaud;CHARENTE
L100401001;Le Goire à Saint-Maurice-des-Lions - Pont de Boérat-Vilette;0.686492;45.995672785;16;le Goire;CHARENTE
R413001201;Le Né [bief principal] à Salles-d'Angles [Les Perceptiers];-0.358847168;45.598020179;16;Le Né;CHARENTE
R413001101;Le Né [bras rive gauche] à Salles-d'Angles [Les Perceptiers];-0.358737276;45.597689984;16;Le Né;CHARENTE
R400000201;Le Né à Blanzac-Porcheresse;0.04337803;45.477824172;16;Le Né;CHARENTE
R406000101;Le Né à Nonaville [Pont à Brac];-0.096551978;45.523517974;16;Le Né;CHARENTE
R402000101;Le Né à Péreuil;-0.02862234;45.482136801;16;Le Né;CHARENTE
R411001002;Le Né à Salles-d'Angles;-0.353266121;45.597024132;16;Le Né;CHARENTE
R324591001;Le Ri Bellot à Cherves-Richemont [Bois Roche];-0.380418903;45.731452185;16;Le Ri Bellot;CHARENTE
R308000201;Le Romáde à Bourg-Charente;-0.214070007;45.668654881;16;ruisseau le romède;CHARENTE
R025001001;Le Son-Sonnette à Saint-Front;0.287436105;45.892774772;16;La Son-Sonnette;CHARENTE
P723000201;Le Voultron à Blanzaguet-Saint-Cybard;0.324971539;45.465821011;16;;CHARENTE
R306000201;Le bras de la Charente à Châteauneuf-sur-Charente;-0.063786062;45.595635882;16;Bras de la Charente;CHARENTE
R401000301;Le bras du ruisseau l'Arce à Cressac-Saint-Genis;-0.008574363;45.442845323;16;Bras de l'Arce;CHARENTE
R403000301;Le bras du ruisseau l'Ecly à Péreuil;-0.041963748;45.49867069;16;Bras du Ruisseau l'écly;CHARENTE
R405000201;Le bras du ruisseau la Maury à Saint-Bonnet;-0.067856629;45.487133635;16;Bras de la Maury;CHARENTE
R413001701;[05C0000002000865485] à Ars;-0.404365555;45.619598387;16;;CHARENTE
R212001101;[L'Aume partielle] à Ambérac [Marais Gué des Pierres];0.058427946;45.873133533;16;Bras de l'Aume;CHARENTE
L093000501;à Chabanais - Graine à Chabanais;0.711512693;45.866969577;16;;CHARENTE
L093000502;à Chabanais - Graine à Chabanais;0.711512693;45.866969577;16;;CHARENTE
R321402001;L'Antenne aux Touches-de-Périgny [La Cour];-0.276894093;45.899441905;17;L'Antenne;CHARENTE-MARITIME
R321401001;L'Antenne à Matha;-0.324582394;45.866549154;17;L'Antenne;CHARENTE-MARITIME
R321402601;L'Antenne à Prignac;-0.359957564;45.82505179;17;L'Antenne;CHARENTE-MARITIME
R713001001;L'Arnoult à Pont-l'Abbé-d'Arnoult;-0.878280135;45.827749486;17;L'Arnoult;CHARENTE-MARITIME
R614292901;La Boutonne [La Boutonne] à Saint-Jean-d'Angély;-0.526635541;45.936873631;17;La Boutonne;CHARENTE-MARITIME
R614292502;La Boutonne [La Boutonne] à Saint-Jean-d'Angély [Pont Saint-Jacques] - Saint-Jean-d'Angély - Pont-Saint-Jacques - Q;-0.526644572;45.93688836;17;La Boutonne;CHARENTE-MARITIME
R614292501;La Boutonne [La Boutonne] à Saint-Jean-d'Angély [Pont Saint-Jacques] - Saint-Jean-d'Angély - Pont-Saint-Jacques -H;-0.526644572;45.93688836;17;La Boutonne;CHARENTE-MARITIME
R618291001;La Boutonne à Cabariot [Carillon];-0.827225312;45.915301963;17;La Boutonne;CHARENTE-MARITIME
R614292404;La Boutonne à Saint-Jean-d'Angély;-0.526647392;45.936651536;17;La Boutonne;CHARENTE-MARITIME
R614292401;La Boutonne à Saint-Jean-d'Angély - Pont Saint-Jacques;-0.526646815;45.93664254;17;La Boutonne;CHARENTE-MARITIME
R614292405;La Boutonne à Saint-Jean-d'Angély - Pont Saint-Jacques;-0.526709192;45.936609554;17;La Boutonne;CHARENTE-MARITIME
R614292402;La Boutonne à Saint-Jean-d'Angély - Puychérand;-0.524160425;45.939577452;17;La Boutonne;CHARENTE-MARITIME
R614292403;La Boutonne à Saint-Jean-d'Angély - Saint-Eutrope;-0.522572839;45.941015048;17;La Boutonne;CHARENTE-MARITIME
R611000801;La Boutonne à Saint-Julien-de-l'Escap;-0.495901784;45.934234923;17;La Boutonne;CHARENTE-MARITIME
R608001003;La Boutonne à Saint-Séverin-sur-Boutonne [Pont du Vert] - Moulin de Châtre;-0.404140895;46.079795612;17;La Boutonne;CHARENTE-MARITIME
R618001001;La Boutonne à Tonnay-Boutonne;-0.70269959;45.965388834;17;La Boutonne;CHARENTE-MARITIME
R614291002;La Boutonne à Torxé [Pont de Torxé];-0.624302068;45.95232045;17;La Boutonne;CHARENTE-MARITIME
R614291001;La Boutonne à Torxé [Pont de Torxé] - Ancienne;-0.621730655;45.954857394;17;La Boutonne;CHARENTE-MARITIME
R731001001;La Charente [estuaire] à Vergeroux [La Sablière];-0.991334453;45.963039459;17;La Charente;CHARENTE-MARITIME
R423001001;La Charente à Chaniers - Beillant RD;-0.5294313;45.705997982;17;La Charente;CHARENTE-MARITIME
R423001004;La Charente à Chaniers - Beillant RG - amont;-0.529324932;45.706145537;17;La Charente;CHARENTE-MARITIME
R423001003;La Charente à Chaniers - Beillant RG - aval;-0.529277019;45.706201121;17;La Charente;CHARENTE-MARITIME
R423001002;La Charente à Chérac - Chez Landart;-0.424957614;45.686717044;17;La Charente;CHARENTE-MARITIME
R730001001;La Charente à Rochefort;-0.953492197;45.94648904;17;La Charente;CHARENTE-MARITIME
R523001001;La Charente à Saint-Savinien;-0.692076858;45.880861809;17;La Charente;CHARENTE-MARITIME
R523001002;La Charente à Saint-Savinien;-0.681872634;45.879590205;17;La Charente;CHARENTE-MARITIME
R520001001;La Charente à Saintes - Pont-Palissy;-0.629727091;45.747079806;17;La Charente;CHARENTE-MARITIME
R520001002;La Charente à Saintes - Saint Sorlin;-0.6184198;45.727972426;17;La Charente;CHARENTE-MARITIME
R521001001;La Charente à Taillebourg;-0.6490757;45.833769664;17;La Charente;CHARENTE-MARITIME
S013000101;La Seudre [Estuaire] à Marennes - Viaduc;-1.137448142;45.799833676;17;La Seudre;CHARENTE-MARITIME
S011451001;La Seudre à Corme-Écluse;-0.851747415;45.645767795;17;La Seudre;CHARENTE-MARITIME
S010001001;La Seudre à Gémozac;-0.721060805;45.564598047;17;La Seudre;CHARENTE-MARITIME
S011401003;La Seudre à Saint-André-de-Lidon [Pont de Saint-André];-0.748147639;45.603417208;17;La Seudre;CHARENTE-MARITIME
S011401001;La Seudre à Saint-André-de-Lidon [Pont de Saint-André] - Ancienne;-0.748992737;45.603569325;17;La Seudre;CHARENTE-MARITIME
S011401002;La Seudre à Saint-André-de-Lidon [Pont de Saint-André] - Débitmètre;-0.748992737;45.603569325;17;La Seudre;CHARENTE-MARITIME
S012001001;La Seudre à Saujon;-0.925057168;45.674086235;17;La Seudre;CHARENTE-MARITIME
S012001201;La Seudre à l'Éguille;-0.972775598;45.70923424;17;La Seudre;CHARENTE-MARITIME
R502331001;La Seugne à Jonzac;-0.438131987;45.443110283;17;La Seugne;CHARENTE-MARITIME
R502331002;La Seugne à Saint-Germain-de-Lusignan;-0.457765543;45.450600287;17;La Seugne;CHARENTE-MARITIME
N801000101;La Sèvre niortaise à Charron [Pont du Brault];-1.082583196;46.316843691;17;;CHARENTE-MARITIME
N611061001;La Sèvre niortaise à Marans [Pont SNCF];-0.957291758;46.320735003;17;;CHARENTE-MARITIME
R616461001;La Trézence à Puyrolland [Tournay];-0.633932333;46.036696076;17;La Trézence;CHARENTE-MARITIME
R616471001;La Trézence à Saint-Loup [Pont Rouge];-0.666903832;45.983222621;17;La Trézence;CHARENTE-MARITIME
N822001001;Le Curé à Anais [Les Rivières];-0.887440032;46.177663349;17;le Curé;CHARENTE-MARITIME
R420000101;Le Gua [FRFRR332] à Brives-sur-Charente;-0.446142894;45.666565565;17;Le Gua;CHARENTE-MARITIME
R508000501;Le Trèfle à Réaux;-0.371764835;45.479184;17;Le Trèfle;CHARENTE-MARITIME
N822002001;Le Virson à Anais [Fraise];-0.923304245;46.178260386;17;le Virson;CHARENTE-MARITIME
R610001001;Le bras de la Boutonne à Nuaillé-sur-Boutonne;-0.437048443;46.01351854;17;Bras de la Boutonne;CHARENTE-MARITIME
R510000101;Le bras de la Seugne [FRFR14] à Saint-Grégoire-d'Ardennes;-0.518238294;45.505489026;17;Bras de la Seugne;CHARENTE-MARITIME
R502331201;Le bras de la Seugne à Clion;-0.501564874;45.487016417;17;Bras de la Seugne;CHARENTE-MARITIME
R512331002;Le bras de la Seugne à Pons;-0.543017968;45.580539839;17;Bras de la Seugne;CHARENTE-MARITIME
R512331001;Le bras de la Seugne à Pons - Ancienne;-0.543079876;45.580303528;17;Bras de la Seugne;CHARENTE-MARITIME
R512331003;Le bras de la Seugne à Saint-Seurin-de-Palenne - La Lijardière;-0.533583563;45.622814167;17;Bras de la Seugne;CHARENTE-MARITIME
R504000401;Le bras du ruisseau la Rochette à Clion;-0.538843828;45.461315616;17;Bras du Ruisseau la Rochette;CHARENTE-MARITIME
R614292701;Le canal de Saint-Eutrope [Canal de la Boutonne] à Saint-Jean-d'Angély [Saint-Eutrope] - Saint-Jean-d'Angély - Saint-Eutrope;-0.522793766;45.940901497;17;Canal de Saint-Eutrope;CHARENTE-MARITIME
R614292601;Le canal du Puycherand [Canal de la Boutonne] à Saint-Jean-d'Angély [Puychérand];-0.522681603;45.937452;17;Canal du Puycherand;CHARENTE-MARITIME
S000000101;Le chenal de Daire [Océan] à Bourcefranc-le-Chapus;-1.177694058;45.853429179;17;Chenal de Daire;CHARENTE-MARITIME
S020001001;[La Gironde] à Royan;-1.027806337;45.62057617;17;;CHARENTE-MARITIME
Z600000101;[Océan] à Saint-Pierre-d'Oléron [l'Océan à la Cotinière] - L'Océan à La Cotinière;-1.327887258;45.913912351;17;;CHARENTE-MARITIME
K554301001;L'Airin à Crosses - Ancienne;2.579802713;47.010436761;18;l'Airin;CHER
K365081001;L'Allier à Cuffy - Pont du Guétin;3.069838108;46.946580579;18;l'Allier;CHER
K611240010;L'Arnon à Chârost - Ancienne;2.119726167;46.992358419;18;l'Arnon;CHER
K607240010;L'Arnon à Lignières;2.1790874;46.752547498;18;l'Arnon;CHER
K602242001;L'Arnon à Loye-sur-Arnon;2.376206079;46.652854382;18;l'Arnon;CHER
K610243001;L'Arnon à Mareuil-sur-Arnon;2.129439529;46.880357865;18;l'Arnon;CHER
K619242001;L'Arnon à Méreau - Alnay;2.032452894;47.180514464;18;l'Arnon;CHER
K619242101;L'Arnon à Méreau - Pont de Méreau;2.028907081;47.161856469;18;l'Arnon;CHER
K610243201;L'Arnon à Saint-Baudel - Les Gours;2.16893179;46.849260808;18;l'Arnon;CHER
K602242101;L'Arnon à Sidiailles;2.331406154;46.513488577;18;l'Arnon;CHER
K602242201;L'Arnon à Sidiailles;2.332332818;46.509172596;18;l'Arnon;CHER
K401301001;L'Aubois à Grossouvre - Trézy;2.932501164;46.894667119;18;l'Aubois;CHER
K562301001;L'Auron au Pondy;2.651215924;46.803894903;18;l'Auron;CHER
K565301001;L'Auron à Bourges - L'Ormediot;2.448059301;47.036964703;18;l'Auron;CHER
K555458001;L'Ouatier à Moulins-sur-Yèvre - Maubranche;2.528550521;47.102904219;18;l'Ouatier;CHER
K570230010;L'Yèvre à Bourges - Boulevard de l'Avenir - Ancienne;2.383024366;47.085659573;18;l'Yèvre;CHER
K571231001;L'Yèvre à Foëcy;2.16881929;47.187182393;18;l'Yèvre;CHER
K571231002;L'Yèvre à Foëcy - Station débitmétrique;2.169076469;47.187202383;18;l'Yèvre;CHER
K570232002;L'Yèvre à Saint-Doulchard - Moulin Batard -Ancienne;2.352509552;47.085618736;18;l'Yèvre;CHER
K570232001;L'Yèvre à Saint-Doulchard - Moulin Batard déviation;2.352509552;47.085618736;18;l'Yèvre;CHER
K555230001;L'Yèvre à Savigny-en-Septaine;2.563278391;47.050098611;18;l'Yèvre;CHER
K400001010;La Loire à Cours-les-Barres - Givry;3.07211312;47.01599577;18;la Loire;CHER
K408001001;La Loire à Saint-Satur - Ecluse de Saint-Thibault;2.866673734;47.341195586;18;la Loire;CHER
K544000201;La Loubière à Faverdines;2.472943394;46.653168735;18;la Loubière;CHER
K543302101;La Marmande à Charenton-du-Cher - Laugère;2.678145236;46.729509787;18;la Marmande;CHER
K543302001;La Marmande à Saint-Pierre-les-Étieux - Brébeurre;2.62342756;46.726831223;18;la Marmande;CHER
K633401001;La Nère à Aubigny-sur-Nère;2.435774357;47.491570496;18;;CHER
K633401201;La Nère à Clémont;2.307232499;47.562621591;18;;CHER
K637302002;La Petite Sauldre à Ménétréol-sur-Sauldre;2.307507253;47.446984545;18;la Petite Sauldre;CHER
K637302001;La Petite Sauldre à Ménétréol-sur-Sauldre - Ancienne;2.307640298;47.44695833;18;la Petite Sauldre;CHER
K633252001;La Sauldre à Brinon-sur-Sauldre;2.258762682;47.564097023;18;la Sauldre;CHER
K633252002;La Sauldre à Brinon-sur-Sauldre - Ancienne;2.258762682;47.564097023;18;la Sauldre;CHER
K632251101;La Sauldre à Concressault;2.580935844;47.491072411;18;la Sauldre;CHER
K632251010;La Sauldre à Vailly-sur-Sauldre;2.64738675;47.457143139;18;la Sauldre;CHER
K606301001;La Sinaise à Rezay;2.180579416;46.672703292;18;la Sinaise;CHER
K407311001;La Vauvise à Saint-Bouize - La Grange;2.896502475;47.270710326;18;la Vauvise;CHER
K573000101;Le Barangeon à Vouzeron;2.226025825;47.256857873;18;le Barangeon;CHER
K548091010;Le Cher à Châteauneuf-sur-Cher - Ancienne;2.31303016;46.856946222;18;le Cher;CHER
K540092101;Le Cher à Colombiers - Tranchasse;2.551640182;46.679859176;18;le Cher;CHER
K549090201;Le Cher à Foëcy;2.15238667;47.167688225;18;le Cher;CHER
K540092001;Le Cher à Saint-Amand-Montrond;2.490608291;46.725913643;18;le Cher;CHER
K548092010;Le Cher à Saint-Florent-sur-Cher - [Pont];2.244780868;46.992074088;18;le Cher;CHER
K548092011;Le Cher à Saint-Florent-sur-Cher - [Seuil];2.245758222;46.990873967;18;le Cher;CHER
K549090001;Le Cher à Vierzon;2.06537251;47.216502909;18;le Cher;CHER
K557410001;Le Moulon à Bourges - Asnières;2.421379897;47.123995952;18;le Moulon;CHER
K603400010;Le Portefeuille au Châtelet - Ancienne;2.279161483;46.643181727;18;le Portefeuille;CHER
K451000101;à Brinon-sur-Sauldre - Le Beuvron à Brinon-sur-Sauldre;47.6267426;2.2782989;18;;CHER
P301541001;L'Ars à Pérols-sur-Vézère [Ars];2.00198896;45.600268646;19;rivière la petite vézère;CORREZE
P620251001;L'Auvézère à Benayes;1.475544496;45.51664889;19;L'Auvézère;CORREZE
P622251001;L'Auvézère à Lubersac;1.360713328;45.441771844;19;L'Auvézère;CORREZE
P319431001;La Brézou à Vigeois [Pont de Bleygeat];1.517187188;45.360525959;19;Le Brézou;CORREZE
P392252002;La Corrèze à Brive-la-Gaillarde - Le Prieur;1.501944859;45.162192688;19;La Corrèze;CORREZE
P392252001;La Corrèze à Brive-la-Gaillarde - Pont du Buy;1.540579596;45.164118496;19;La Corrèze;CORREZE
P335252001;La Corrèze à Corrèze;1.880202647;45.372317288;19;La Corrèze;CORREZE
P335251001;La Corrèze à Corrèze [Pont de Neupont];1.890516215;45.376661448;19;La Corrèze;CORREZE
P332251001;La Corrèze à Saint-Yrieix-le-Déjalat [Pont de Lanour];1.964731637;45.46850592;19;La Corrèze;CORREZE
P352000101;La Corrèze à Tulle [2];1.7532646;45.259992322;19;;CORREZE
P350251001;La Corrèze à Tulle [Pont des soldats];1.779345455;45.274922905;19;La Corrèze;CORREZE
P401501001;La Couze à Chasteaux [Le Soulier];1.468533762;45.094718476;19;La Couze;CORREZE
P071401001;La Diège à Chaveroche;2.26336731;45.584300721;19;La Diège;CORREZE
P165001001;La Dordogne à Altillac [Beaulieu];1.843489027;44.977305079;19;La Dordogne;CORREZE
P135001001;La Dordogne à Argentat;1.942428219;45.092441483;19;La Dordogne;CORREZE
P135001002;La Dordogne à Argentat - Croisy;1.946912181;45.103433747;19;La Dordogne;CORREZE
P018000101;La Dordogne à Bort-les-Orgues [EDF - QNR];2.499058088;45.413000848;19;La Dordogne;CORREZE
P163001001;La Dordogne à Brivezac;1.853184743;45.010011401;19;La Dordogne;CORREZE
P160000101;La Dordogne à Monceaux-sur-Dordogne;1.920774879;45.076826746;19;;CORREZE
P122000101;La Dordogne à Servières-le-Château [EDF - Le Chastang];2.011047093;45.151239486;19;La Dordogne;CORREZE
P327401001;La Loyre à Saint-Viance [Pont de Burg];1.438011543;45.217900456;19;La Loyre;CORREZE
P323401001;La Loyre à Voutezac [Pont de l'Aumonerie];1.415143448;45.306117583;19;La Loyre;CORREZE
P115000101;La Luzège à Lamazière-Basse [EDF - Pont de Bouyges];2.130312496;45.381503012;19;La Luzège;CORREZE
P111401001;La Luzège à Maussac;2.151287666;45.468901249;19;;CORREZE
P118000101;La Luzège à Soursac;2.181807883;45.292738173;19;;CORREZE
P159251001;La Maronne à Argentat [Basteyroux];1.946271799;45.083437105;19;La Maronne;CORREZE
P361401001;La Montane à Eyrein [Pont du Geai];1.939009021;45.342379773;19;La Montane;CORREZE
P384010102;La Roanne à Dampniat;1.639808592;45.177169121;19;La Roanne;CORREZE
P384010101;La Roanne à Dampniat - Les Rasclies;1.653886617;45.168892657;19;La Roanne;CORREZE
P367401001;La Saint-Bonnette [La Montane] à Laguenne;1.76553056;45.250807844;19;La Saint-Bonnette;CORREZE
P306000101;La Soudaine à Soudaine-Lavinadière;1.738678894;45.552495518;19;;CORREZE
P114431001;La Soudeillette à Moustier-Ventadour;2.119448974;45.391157702;19;;CORREZE
P211401001;La Sourdoire à la Chapelle-aux-Saints;1.724691757;44.988361257;19;La Sourdoire;CORREZE
P092401001;La Triouzoune à Saint-Angel;2.239467646;45.491325759;19;La Triouzoune;CORREZE
L001061101;La Vienne à Peyrelevade [EDF - La Rigole du Diable];1.995021023;45.70425912;19;la Vienne;CORREZE
L001061001;La Vienne à Peyrelevade [Servières];2.007497176;45.702043362;19;la Vienne;CORREZE
P346401001;La Vimbelle à Bar;1.794923169;45.318380928;19;La Vimbelle;CORREZE
P302000101;La Vézère à Bugeat [EDF];1.921839802;45.600910132;19;La Vézère;CORREZE
P400101001;La Vézère à Larche;1.415784787;45.123331209;19;La Vézère;CORREZE
P400101002;La Vézère à Larche - Capteur débitmétrique;1.415784787;45.123331209;19;La Vézère;CORREZE
P303101001;La Vézère à Lestards [Monceaux];1.838164857;45.576235439;19;La Vézère;CORREZE
P310101001;La Vézère à Peyrissac;1.706982481;45.500639523;19;La Vézère;CORREZE
P300101001;La Vézère à Saint-Merd-les-Oussines [Maisonnial];2.007571715;45.629522873;19;La Vézère;CORREZE
P320102001;La Vézère à Saint-Viance;1.451155708;45.217660193;19;La Vézère;CORREZE
P313102001;La Vézère à Uzerche;1.565772294;45.427857241;19;La Vézère;CORREZE
P313102002;La Vézère à Uzerche - aval;1.56456111;45.427211318;19;La Vézère;CORREZE
P320101001;La Vézère à Voutezac [Le Saillant];1.46379338;45.284875346;19;La Vézère;CORREZE
P316401001;Le Bradascou à Uzerche [Pont-Vieux];1.557250668;45.430449742;19;Le Bradascou;CORREZE
P013000101;Le Dognon à Thalamy;2.451223974;45.523249248;19;;CORREZE
P399401001;Le Maumont Blanc à Ussac [La Chanourdie];1.488835409;45.188465962;19;rivière le maumont;CORREZE
P397000101;Le Maumont Blanc à Ussac [La Mouillade];1.488948282;45.188530531;19;;CORREZE
P324501001;Le Mayne à Saint-Cyr-la-Roche;1.396704527;45.270523483;19;Ruisseau du Mayne;CORREZE
P326431001;Le Roseix à Vars-sur-Roseix;1.380651437;45.262006425;19;Le Roseix;CORREZE
P401551001;[Le Sorpt] à Chasteaux [Roziers] - (affluent de la Couze);1.469877687;45.087241117;19;;CORREZE
U111521401;L'Albane à Saint-Léger-Triey;5.353852781;47.326765212;21;L'Albane;COTE-D'OR
F324000201;L'Argentalet à la Roche-en-Brenil [Hameau de Clermont];4.170067422;47.407438704;21;L'Argentalet;COTE-D'OR
H240201001;L'Armançon à Brianny;4.380671387;47.4134855;21;L'Armancon;COTE-D'OR
F330000102;L'Armançon à Pont-et-Massène [Barrage] - Amont barrage;4.359333256;47.468521163;21;L'Armancon;COTE-D'OR
F330000101;L'Armançon à Pont-et-Massène [Barrage] - Aval barrage;4.360980064;47.470104472;21;L'Armancon;COTE-D'OR
H241201001;L'Armançon à Quincy-le-Vicomte;4.262582809;47.608727235;21;L'Armancon;COTE-D'OR
K121181001;L'Arroux à Voudenay;4.394358321;47.104982278;21;l'Arroux;COTE-D'OR
U121504201;L'Ignon [Source de l'Ignon] à Poncey-sur-l'Ignon - Source de l'Ignon;4.753830641;47.479328036;21;L'Ignon;COTE-D'OR
U121502001;L'Ignon à Diénay;5.05424597;47.51405444;21;L'Ignon;COTE-D'OR
U121501001;L'Ignon à Is-sur-Tille;5.10236823;47.518310821;21;L'Ignon;COTE-D'OR
U121504101;L'Ignon à Lamargelle;4.817268481;47.515596642;21;L'Ignon;COTE-D'OR
U121504001;L'Ignon à Poncey-sur-l'Ignon [Village];4.762040363;47.49390747;21;L'Ignon;COTE-D'OR
U121503001;L'Ignon à Villecomte;5.031644313;47.514576755;21;L'Ignon;COTE-D'OR
U133402001;L'Ouche à Crimolois;5.117437141;47.266385644;21;L'Ouche;COTE-D'OR
U132402001;L'Ouche à Dijon [Trois-Ponts];5.036704663;47.308896296;21;L'Ouche;COTE-D'OR
U132903301;L'Ouche à Longvic;5.081515119;47.286821259;21;L'Ouche;COTE-D'OR
U130401001;L'Ouche à Lusigny-sur-Ouche;4.673247983;47.086568474;21;L'Ouche;COTE-D'OR
U132401001;L'Ouche à Plombières-lès-Dijon;4.981262812;47.331554214;21;L'Ouche;COTE-D'OR
U131402001;L'Ouche à Sainte-Marie-sur-Ouche [Pont de Pany];4.81335465;47.296792316;21;L'Ouche;COTE-D'OR
U133401001;L'Ouche à Trouhans;5.278999701;47.152921778;21;L'Ouche;COTE-D'OR
U131401001;L'Ouche à la Bussière-sur-Ouche;4.725731869;47.210057934;21;L'Ouche;COTE-D'OR
H032103001;L'Ource à Autricourt;4.61505717;47.998636742;21;L'Ource;COTE-D'OR
H032102001;L'Ource à Brion-sur-Ource;4.654201668;47.899752843;21;L'Ource;COTE-D'OR
H030101001;L'Ource à Leuglay [Froidvent];4.823550814;47.798344857;21;L'Ource;COTE-D'OR
H032101001;L'Ource à Voulaines-les-Templiers;4.758211786;47.816033911;21;L'Ource;COTE-D'OR
H243401001;L'Oze à Darcey;4.539873312;47.534680579;21;L'Oze;COTE-D'OR
F333000201;L'Ozerain à Hauteroche;4.579868214;47.489157612;21;L'Ozerain;COTE-D'OR
U141641001;La Biètre à Brazey-en-Plaine;5.216040627;47.130197794;21;La Biètre;COTE-D'OR
H244231001;La Brenne [partielle] à Seigny;4.426585757;47.570251588;21;La Brenne;COTE-D'OR
H244233001;La Brenne [totale] à Seigny - Seigny totale;4.426585757;47.570251588;21;La Brenne;COTE-D'OR
F332000201;La Brenne à Aubigny-lès-Sombernon;4.63859793;47.304381077;21;La Brenne;COTE-D'OR
H242231001;La Brenne à Brain;4.499741993;47.46420433;21;La Brenne;COTE-D'OR
H244234001;La Brenne à Montbard;4.323844576;47.623217627;21;La Brenne;COTE-D'OR
H244232001;La Brenne à Seigny [bief];4.424978178;47.569830099;21;La Brenne;COTE-D'OR
U111502001;La Bèze à Bèze [Ferme de Rome];5.277850721;47.457225014;21;La Bèze;COTE-D'OR
U111503001;La Bèze à Bèze [grotte];5.269216559;47.470928884;21;La Bèze;COTE-D'OR
U111521201;La Bèze à Mirebeau-sur-Bèze;5.317389915;47.397773717;21;La Bèze;COTE-D'OR
U111521301;La Bèze à Saint-Léger-Triey;5.378725387;47.318886546;21;La Bèze;COTE-D'OR
U111521102;La Bèze à Vonges [Pont SNCF] - Pont SNCF;5.395022951;47.298892885;21;La Bèze;COTE-D'OR
U111521101;La Bèze à Vonges [Pont SNCF] - Pont du moulin;5.397653835;47.295861648;21;La Bèze;COTE-D'OR
F002000101;La Coquille à Beaunotte;4.704964572;47.678655355;21;La Coquille;COTE-D'OR
U301401001;La Dheune à Santenay;4.70633424;46.908442319;21;La Dheune;COTE-D'OR
F041000201;La Digeanne à Montmoyen;4.786663807;47.740042453;21;La Digeanne;COTE-D'OR
F020000101;La Laignes [Douix de Laignes] à Laignes - Fontaine de la Laignes;4.365244486;47.842953593;21;La Laignes;COTE-D'OR
H020302001;La Laignes à Molesme;4.372024687;47.957988463;21;La Laignes;COTE-D'OR
U303581001;La Lauve à Ladoix-Serrigny [source de Ladoix];4.875648128;47.072600376;21;La Lauve;COTE-D'OR
U123502001;La Norges à Genlis;5.22095062;47.238178559;21;La Norges;COTE-D'OR
U123501001;La Norges à Norges-la-Ville;5.087212227;47.401420374;21;La Norges;COTE-D'OR
U123502201;La Norges à Saint-Julien;5.14831892;47.400675267;21;La Norges;COTE-D'OR
U141541001;La Sansfond [Cent Fonts] à Saulon-la-Rue;5.070201486;47.221975807;21;la sans fond;COTE-D'OR
U112001001;La Saône à Auxonne;5.37893167;47.190487024;21;La Saône;COTE-D'OR
U142001001;La Saône à Pagny-la-Ville [Lechâtelet];5.149223679;47.066763843;21;La Saône;COTE-D'OR
H011001001;La Seine [source] à Châtillon-sur-Seine;4.579452499;47.859645051;21;La Seine;COTE-D'OR
F012000101;La Seine à Gomméville;4.497756969;47.962033111;21;La Seine;COTE-D'OR
F012000102;La Seine à Gomméville;4.497756969;47.962033111;21;La Seine;COTE-D'OR
H010001001;La Seine à Nod-sur-Seine;4.570340101;47.764482229;21;La Seine;COTE-D'OR
H002001001;La Seine à Quemigny-sur-Seine [Cosne];4.669532629;47.678080475;21;La Seine;COTE-D'OR
U124401001;La Tille [partielle] aux Maillys;5.333256346;47.150894793;21;La Tille;COTE-D'OR
U122401001;La Tille à Arceau [Arcelot];5.189110514;47.373016234;21;La Tille;COTE-D'OR
U122402001;La Tille à Cessey-sur-Tille;5.217467507;47.280051557;21;La Tille;COTE-D'OR
U124404001;La Tille à Champdôtre;5.299577086;47.179363645;21;La Tille;COTE-D'OR
U120401001;La Tille à Crécey-sur-Tille;5.125562873;47.552738273;21;La Tille;COTE-D'OR
U120401201;La Tille à Marey-sur-Tille;5.075632347;47.606872888;21;La Tille;COTE-D'OR
U122402201;La Tille à Spoy;5.193251999;47.447254724;21;La Tille;COTE-D'OR
U130561001;La Vandenesse à Crugey;4.693227368;47.17154649;21;La Vandenesse;COTE-D'OR
U141601001;La Varaude à Izeure [Tarsul];5.118599105;47.179412287;21;La Varaude;COTE-D'OR
U110901201;La Venelle à Lux;5.214937622;47.494885019;21;La Venelle;COTE-D'OR
U110901001;La Venelle à Selongey;5.189832398;47.584173297;21;La Venelle;COTE-D'OR
U110901101;La Venelle à Véronnes;5.23291528;47.53004963;21;La Venelle;COTE-D'OR
U092402001;La Vingeanne à Oisilly;5.367217914;47.42157952;21;La Vingeanne;COTE-D'OR
U092401001;La Vingeanne à Saint-Maurice-sur-Vingeanne;5.406220261;47.577920998;21;La Vingeanne;COTE-D'OR
U141504001;La Vouge à Aubigny-en-Plaine;5.179465454;47.134052423;21;La Vouge;COTE-D'OR
U141502001;La Vouge à Saint-Bernard;5.015163512;47.149098952;21;La Vouge;COTE-D'OR
U141503001;La Vouge à Saint-Nicolas-lès-Cîteaux [Abbaye-de-Cîteaux];5.098563475;47.124921017;21;La Vouge;COTE-D'OR
U141501001;La Vouge à Vougeot;4.960810797;47.178697682;21;La Vouge;COTE-D'OR
H243471001;La source de la Douix à Darcey;4.574451945;47.553188458;21;Cours d'Eau 01 de la Commune de Darcey;COTE-D'OR
F335000101;La source de la Douix à Darcey - Douix de Darcey;4.581453361;47.556091781;21;Cours d'Eau 01 de la Commune de Darcey;COTE-D'OR
U141581001;Le Chairon à Noiron-sous-Gevrey;5.083394682;47.199125652;21;Le Chairon;COTE-D'OR
U303561001;Le Meuzin [Source de Breuil à Messanges] à Messanges;4.875605177;47.16726756;21;Le Meuzin;COTE-D'OR
U303601201;Le Meuzin à Corgengoux;4.988436831;46.987154947;21;Le Meuzin;COTE-D'OR
U303501001;Le Meuzin à Villars-Fontaine;4.883818732;47.155949422;21;Le Meuzin;COTE-D'OR
U111521001;Le Pannecul à Noiron-sur-Bèze [Rente de l'Ile];5.288987495;47.444407712;21;Pannecul;COTE-D'OR
F001000101;Le Revinson à Aignay-le-Duc;4.700957865;47.662905048;21;Le Revinson;COTE-D'OR
U303601001;Le Rhoin à Bouilland [Combe Portaud];4.775541095;47.116435109;21;Le Rhoin;COTE-D'OR
H232201001;Le Serein à Bierre-lès-Semur;4.291087857;47.417854509;21;Le Serein;COTE-D'OR
U132902001;Le Suzon à Ahuy;5.031381211;47.37046827;21;Le Suzon;COTE-D'OR
U132901001;Le Suzon à Val-Suzon;4.921681006;47.420049943;21;Le Suzon;COTE-D'OR
U132903001;Le Suzon à Val-Suzon [Village];4.893415233;47.407474896;21;Le Suzon;COTE-D'OR
F336000201;Le Tantavion à Montigny-Montfort - Source des Ormes;4.356789848;47.571435267;21;Le Tantavion;COTE-D'OR
K126311001;Le Ternin à Saint-Martin-de-la-Mer [Chamboux];4.187311453;47.244440162;21;le Ternin;COTE-D'OR
U131403001;Le ru d'Antheuil à Antheuil;4.744753319;47.171105629;21;Rivière d'Antheuil;COTE-D'OR
H020301001;Le ruisseau de Marcenay à Chaume-lès-Baigneux;4.58382819;47.632188854;21;Ruisseau de Marcenay;COTE-D'OR
F042000101;Le ruisseau du Canal [Source ruisseau du canal - Abbaye Val des Choues] à Villiers-le-Duc - Source Val des Choues;4.754653691;47.768554301;21;Ruisseau du Canal;COTE-D'OR
U141551001;[Le ru du Pâquier] à Saulon-la-Rue [Paquier de Potu];5.042195595;47.235341853;21;;COTE-D'OR
U124402001;[bief] aux Maillys;5.337585707;47.159688175;21;;COTE-D'OR
J112302001;L'Arguenon à Jugon-les-Lacs - Amont retenue Ville-Hatte;-2.326114598;48.41455517;22;l'Arguenon;COTES-D'ARMOR
J110301001;L'Arguenon à Jugon-les-Lacs - Bois Léard;-2.333372418;48.402668614;22;l'Arguenon;COTES-D'ARMOR
J112301001;L'Arguenon à Plédéliac - Tournemine;-2.322549736;48.459141373;22;l'Arguenon;COTES-D'ARMOR
J112303001;L'Arguenon à Pléven - Ville-Hatte [aval barrage];-2.294981452;48.492086485;22;l'Arguenon;COTES-D'ARMOR
J132401001;L'Evron à Coëtmieux - La Rue;-2.606062841;48.490325047;22;l'Evron;COTES-D'ARMOR
J371301001;L'Hyère à Trébrivan - Le Nezert;-3.510223765;48.3210051;22;;COTES-D'ARMOR
J161401001;L'Ic à Binic - Ancienne échelle;-2.852454577;48.601096867;22;l'Ic;COTES-D'ARMOR
J161401003;L'Ic à Binic - Ancienne échelle - Débimètrique;-2.852454577;48.601096867;22;l'Ic;COTES-D'ARMOR
J161401002;L'Ic à Binic - Saint Gilles;-2.852454577;48.601096867;22;l'Ic;COTES-D'ARMOR
J800232001;L'Oust à Allineuc [cote barrage Bosméléac];-2.901391224;48.300400688;22;;COTES-D'ARMOR
J802231002;L'Oust à Hémonstoir - Pont D 69;-2.816775778;48.158519151;22;;COTES-D'ARMOR
J802231003;L'Oust à Hémonstoir - Pont D 69;-2.816775778;48.158519151;22;;COTES-D'ARMOR
J802231001;L'Oust à Hémonstoir - Tenoquevel;-2.817348448;48.158698394;22;;COTES-D'ARMOR
J800231002;L'Oust à Saint-Martin-des-Prés - La Ville Rouault;-2.965180762;48.321916566;22;;COTES-D'ARMOR
J800231001;L'Oust à Saint-Martin-des-Prés - La Ville Rouault ancienne;-2.965183444;48.321914782;22;;COTES-D'ARMOR
J140531002;L'Urne à Plédran - Echelle amont du pont;-2.752292062;48.46682402;22;l'Urne;COTES-D'ARMOR
J140531001;L'Urne à Plédran - Magenta;-2.751962352;48.4667859;22;l'Urne;COTES-D'ARMOR
J152401001;La Maudouve à Saint-Donan - La Ville ès Ruelle;-2.848089763;48.467494161;22;la Mandouve;COTES-D'ARMOR
J062161001;La Rance à Guenroc [EDF] - Rophemel;-2.061141451;48.319521599;22;;COTES-D'ARMOR
J061161001;La Rance à Saint-Jouan-de-l'Isle - Pont Rimbert;-2.167617862;48.254106819;22;;COTES-D'ARMOR
J111401001;La Rosette à Mégrit - Pont D 19;-2.248394178;48.364962073;22;la Rosette;COTES-D'ARMOR
J522211001;Le Blavet à Gouarec - Pont N 164;-3.177769696;48.227115888;22;;COTES-D'ARMOR
J520211001;Le Blavet à Kerien - Kerlouët;-3.25083446;48.391518893;22;;COTES-D'ARMOR
J521212001;Le Blavet à Lanrivain - Pont D 87 [aval retenue Kerné-Uhel];-3.248553746;48.342317323;22;;COTES-D'ARMOR
J541211001;Le Blavet à Mûr-de-Bretagne [EDF] - Guerlédan;-3.017810185;48.194831474;22;;COTES-D'ARMOR
J521211001;Le Blavet à Plounévez-Quintin - Porsporel;-3.234065488;48.32415657;22;;COTES-D'ARMOR
J540212001;Le Blavet à Plélauff - Bon-Repos;-3.130688767;48.212659818;22;;COTES-D'ARMOR
J120541001;Le Frémur [d'Hénanbihen] à Pléboulle - Montbran;-2.360209208;48.593873022;22;le Frémur;COTES-D'ARMOR
J100452001;Le Frémur [de Lancieux] à Pleslin-Trigavou - Vieux Moulin;-2.074754496;48.550659045;22;le Frémur;COTES-D'ARMOR
J100451001;Le Frémur [de Lancieux] à Tréméreuc - La Crochais;-2.081343703;48.565809561;22;le Frémur;COTES-D'ARMOR
J131301001;Le Gouessant à Andel - Le Quingueret;-2.567963009;48.484562481;22;le Gouessant;COTES-D'ARMOR
J152302001;Le Gouët à Ploufragan - Le Pré Aly [aval barrage Saint-Barthélémy];-2.82723075;48.510232526;22;le Gouët;COTES-D'ARMOR
J152301001;Le Gouët à Ploufragan - Pont Noir;-2.841776501;48.490447555;22;le Gouët;COTES-D'ARMOR
J151301001;Le Gouët à Saint-Julien - La Saudraie;-2.833333757;48.446553314;22;le Gouët;COTES-D'ARMOR
J203401001;Le Guindy à Plouguiel - Kerallio;-3.256646117;48.782555491;22;le Guindy;COTES-D'ARMOR
J202301001;Le Jaudy à Mantallot - Kerbrido;-3.27027241;48.713855131;22;le Jaudy;COTES-D'ARMOR
J530451001;Le Kerjean à Glomel - Le Coronc Izellan [aval retenue du Coronc];-3.382737484;48.22140785;22;le Kerjean;COTES-D'ARMOR
J224401001;Le Kerlouzouen [Le Min Ran] à Ploubezre - Kerhervé;-3.459837646;48.6868801;22;le Kerlouzouen;COTES-D'ARMOR
J180301001;Le Leff à Boqueho - Moulin Neuf;-2.951261524;48.481872123;22;le Leff;COTES-D'ARMOR
J181301001;Le Leff à Yvias - Rivoallan;-3.068188944;48.705902709;22;le Leff;COTES-D'ARMOR
J814301001;Le Lié à Plumieux - Pont de la Fosse;-2.652824272;48.113643078;22;le Lié;COTES-D'ARMOR
J813301001;Le Lié à Plémet - Saint-Sauveur-le-Haut;-2.622114917;48.201986257;22;le Lié;COTES-D'ARMOR
J223301001;Le Léguer à Belle-Isle-en-Terre - Terrain de football;-3.398423683;48.54709399;22;le Léguer;COTES-D'ARMOR
J223302001;Le Léguer à Pluzunet - Pont Coat Dunois;-3.414354967;48.635780147;22;le Léguer;COTES-D'ARMOR
J520521001;Le Moulin de l'Estolet à Kerien - Moulin de Camel;-3.244292233;48.387442163;22;le Moulin de l'Estolet;COTES-D'ARMOR
J520521002;Le Moulin de l'Estolet à Kerien - Moulin de Camel - Débimètre;-3.244125317;48.387405849;22;le Moulin de l'Estolet;COTES-D'ARMOR
J520521003;Le Moulin de l'Estolet à Kerien - Moulin de Camel - Débimètre;-3.244125317;48.387405849;22;le Moulin de l'Estolet;COTES-D'ARMOR
J110581001;Le Quiloury à Plénée-Jugon - La Salle ès Pies;-2.383215744;48.371177709;22;;COTES-D'ARMOR
J110581002;Le Quiloury à Plénée-Jugon - La Salle ès Pies Débit.;-2.383215744;48.371177709;22;;COTES-D'ARMOR
J221571001;Le Saint Emilion à Loguivy-Plougras - Milin Lesdu;-3.48674512;48.53155745;22;le St Emilion;COTES-D'ARMOR
J522401001;Le Sulon à Sainte-Tréphine - Trozulon;-3.152621605;48.255920749;22;le Sulon;COTES-D'ARMOR
J522401002;Le Sulon à Sainte-Tréphine - Trozulon;-3.152621605;48.255920749;22;le Sulon;COTES-D'ARMOR
J172172001;Le Trieux à Saint-Clet - Chateaulin;-3.167077104;48.690103398;22;le Trieux;COTES-D'ARMOR
J172172002;Le Trieux à Saint-Clet - Rocher du Corbeau;-3.163261078;48.688830476;22;le Trieux;COTES-D'ARMOR
J171171001;Le Trieux à Saint-Péver - Pont Locminé;-3.11450308;48.48321838;22;le Trieux;COTES-D'ARMOR
J172171001;Le Trieux à Trégonneau - Pont Broc'hen;-3.143147449;48.612090753;22;le Trieux;COTES-D'ARMOR
J231491001;Le Yar à Tréduder - Milin ar Veuzit;-3.577470628;48.64685845;22;le Yar;COTES-D'ARMOR
J150621201;[La Noë Seiche - Pont D40A] à Quintin;-2.907209683;48.410937884;22;;COTES-D'ARMOR
J150621001;[La Noë Sèche] au Fœil - Pont D 7;-2.928549437;48.417142802;22;;COTES-D'ARMOR
J140711001;[Le Creac'h] à Plédran - Pont D 27;-2.75165032;48.468145032;22;;COTES-D'ARMOR
L420000301;La Creuse à Ahun [EDF - Busseau];2.026495249;46.124839122;23;la Creuse;CREUSE
L410071001;La Creuse à Aubusson [Pont-de-la-Rebeyrette];2.173445331;45.95039226;23;la Creuse;CREUSE
L401071001;La Creuse à Felletin;2.167217959;45.888371263;23;la Creuse;CREUSE
L422071001;La Creuse à Fresselines [Vervy];1.679068889;46.378427446;23;la Creuse;CREUSE
L421071001;La Creuse à Glénic;1.919191915;46.223920665;23;la Creuse;CREUSE
L500181001;La Gartempe à Saint-Victor-en-Marche;1.786215299;46.119321613;23;la Gartempe;CREUSE
L501411001;La Graulade à Saint-Silvain-Montaigut;1.744537806;46.146030553;23;la Graulade;CREUSE
L024451001;La Leyrenne à Saint-Dizier-Leyrenne;1.714067446;46.003159256;23;la Leyrenne;CREUSE
L012302001;La Maulde à Saint-Martin-Château [Moulin de l'Age];1.788663438;45.857489995;23;la Maulde;CREUSE
L441171001;La Petite Creuse à Fresselines [Puy Rageaud];1.688999351;46.385935844;23;la Petite Creuse;CREUSE
L432000101;La Petite Creuse à Genouillac;1.99375475;46.357691644;23;la Petite Creuse;CREUSE
L440000101;La Petite Creuse à Genouillac [EDF];1.993692793;46.35770504;23;la Petite Creuse;CREUSE
L440000102;La Petite Creuse à Genouillac [EDF];1.993692793;46.35770504;23;la Petite Creuse;CREUSE
L402451001;La Rozeille à Magnat-l'Étrange;2.269610386;45.79185783;23;la Rozeille;CREUSE
L403301001;La Rozeille à Moutier-Rozeille [Aubusson];2.17723306;45.931904718;23;la Rozeille;CREUSE
L452302002;La Sedelle à Crozant - Pont - Charraud;1.611994968;46.379243152;23;la Sédelle;CREUSE
L452302001;La Sedelle à Lafat;1.592754419;46.349728564;23;la Sédelle;CREUSE
K518302001;La Tardes à Chambon-sur-Voueize - Camping;2.434169028;46.186931572;23;la Tardes;CREUSE
K513301001;La Tardes à Champagnat;2.32350623;46.020188663;23;la Tardes;CREUSE
K518302002;La Tardes à Évaux-les-Bains;2.444958376;46.184417311;23;la Tardes;CREUSE
L031401001;La Vige à Saint-Martin-Sainte-Catherine;1.578312883;45.956018686;23;la Vige;CREUSE
K514311001;La Voueize à Gouzon;2.260198186;46.196656815;23;la Voueize;CREUSE
K509090003;Le Cher à Chambonchard;2.54758946;46.17633533;23;le Cher;CREUSE
K509090001;Le Cher à Chambonchard - La Caborne;2.550582834;46.177194908;23;le Cher;CREUSE
K509090002;Le Cher à Chambonchard - Rive droite aval pont vieille échelle;2.54758946;46.17633533;23;le Cher;CREUSE
L020151001;Le Taurion au Monteil-au-Vicomte [Pont-de-Chatain];1.950792111;45.888110027;23;le Taurion;CREUSE
L030000101;Le Taurion à Châtelus-le-Marcheix;1.60825647;45.994154435;23;le Taurion;CREUSE
L023151001;Le Taurion à Pontarion;1.846800281;45.996518709;23;le Taurion;CREUSE
P638251001;L'Auvézère au Change [Aubarède];0.878609581;45.19478711;24;L'Auvézère;DORDOGNE
P634251001;L'Auvézère à Cherveix-Cubas;1.127265925;45.297841127;24;L'Auvézère;DORDOGNE
P636251001;L'Auvézère à Tourtoirac;1.058670427;45.271460871;24;L'Auvézère;DORDOGNE
P407000101;L'Elle à Terrasson-Lavilledieu;1.269143728;45.137398835;24;;DORDOGNE
P237501201;L'Enéa à Carsac-Aillac [Peydezou];1.278174549;44.860022551;24;Ruisseau d'Enéa;DORDOGNE
P237501001;L'Enéa à Carsac-Aillac [Pont neuf de Carsac];1.270405273;44.840125691;24;Ruisseau d'Enéa;DORDOGNE
P700151001;L'Isle à Bassillac [Charrieras];0.804328885;45.20280007;24;L'Isle;DORDOGNE
P608151001;L'Isle à Corgnac-sur-l'Isle;0.949463663;45.375493001;24;L'Isle;DORDOGNE
P603152002;L'Isle à Jumilhac-le-Grand;1.055797304;45.49355644;24;L'Isle;DORDOGNE
P603152001;L'Isle à Jumilhac-le-Grand - Pont R 79;1.062072269;45.504212592;24;L'Isle;DORDOGNE
P616151001;L'Isle à Mayac;0.936423434;45.282566308;24;L'Isle;DORDOGNE
P712151001;L'Isle à Mussidan;0.369674648;45.038297971;24;L'Isle;DORDOGNE
P704151001;L'Isle à Périgueux;0.701062975;45.185029796;24;L'Isle;DORDOGNE
P704151002;L'Isle à Périgueux;0.700705381;45.184743184;24;L'Isle;DORDOGNE
P718152001;L'Isle à Saint-Laurent-des-Hommes [La Filolie];0.246783133;45.029911902;24;L'Isle;DORDOGNE
P718152002;L'Isle à Saint-Laurent-des-Hommes [La Filolie] - Bénévent;0.247418317;45.027846465;24;L'Isle;DORDOGNE
O925500101;La Banège à Plaisance [Moulin de la Ferrière];0.549539267;44.689750236;24;La Banège;DORDOGNE
P821501001;La Belle à Mareuil;0.466580542;45.447882632;24;La Belle;DORDOGNE
P231502601;La Borrèze à Borrèze;1.409696501;44.943102635;24;La Borrèze;DORDOGNE
P413511001;La Chironde à Saint-Amand-de-Coly [La Reynie];1.267377092;45.047868443;24;La Chironde;DORDOGNE
P504401001;La Couze à Bayac;0.730101928;44.804195078;24;La Couze;DORDOGNE
P714401001;La Crempse à Issac [Moulin de Lousteau];0.42615768;45.015817404;24;La Crempse;DORDOGNE
P807401001;La Côle à Saint-Jean-de-Côle;0.836055897;45.421632845;24;La Côle;DORDOGNE
P500000201;La Dordogne à Alles-sur-Dordogne;0.867600573;44.880067086;24;La Dordogne;DORDOGNE
P514001001;La Dordogne à Bergerac;0.482518169;44.849564091;24;La Dordogne;DORDOGNE
P238001001;La Dordogne à Cénac-et-Saint-Julien;1.204443623;44.805388048;24;La Dordogne;DORDOGNE
P542000101;La Dordogne à Gardonne;0.333238629;44.838996098;24;;DORDOGNE
P532001001;La Dordogne à Lamonzie-Saint-Martin;0.357341975;44.854679917;24;La Dordogne;DORDOGNE
P258001001;La Dordogne à Siorac-en-Périgord;0.990436362;44.827077638;24;La Dordogne;DORDOGNE
P500000101;La Dordogne à Trémolat;0.827148866;44.863773108;24;;DORDOGNE
P810251001;La Dronne à Brantôme [Pont des Roches];0.68166866;45.364333556;24;La Dronne;DORDOGNE
P802251001;La Dronne à Champagnac-de-Belair;0.69602594;45.406770938;24;La Dronne;DORDOGNE
P816251001;La Dronne à Ribérac;0.342336589;45.256247536;24;La Dronne;DORDOGNE
P802252001;La Dronne à Saint-Pardoux-la-Rivière;0.748124274;45.49209325;24;La Dronne;DORDOGNE
P801251001;La Dronne à Saint-Pardoux-la-Rivière [Le Manet];0.751093433;45.514601532;24;La Dronne;DORDOGNE
P816252001;La Dronne à Villetoureix;0.358862711;45.260134941;24;La Dronne;DORDOGNE
P425401001;La Grande Beune à Tamniès [Moulin du Maillet];1.133532568;44.958389941;24;La Grande Beune;DORDOGNE
P820401001;La Lizonne aux Graulges [Puyrenier];0.448004123;45.491174731;24;La Lizonne;DORDOGNE
P611401001;La Loue à Angoisse - Sarlande;1.123795408;45.432744263;24;La Loue;DORDOGNE
P613402002;La Loue à Saint-Médard-d'Excideuil;1.068255066;45.344205999;24;La Loue;DORDOGNE
P613402001;La Loue à Saint-Médard-d'Excideuil - Excideuil;1.060170944;45.337211761;24;La Loue;DORDOGNE
P257401001;La Nauze à Siorac-en-Périgord [La Tutte Basse];0.998971302;44.814497231;24;La Nauze;DORDOGNE
O923601001;La Nette à Monmarvès [Cavarc];0.629059963;44.705659474;24;La Nette;DORDOGNE
P725000101;La Pude à Nanteuil-Auriac-de-Bourzac;0.297370121;45.382575124;24;La Pude;DORDOGNE
P727000101;La Sauvanie à Allemans;0.30349439;45.303933774;24;La Sauvanie;DORDOGNE
P604501001;La Valouse à la Coquille;0.983377206;45.53538019;24;La Valouse;DORDOGNE
P427101001;La Vézère à Campagne;0.959076318;44.903707893;24;La Vézère;DORDOGNE
P416101001;La Vézère à Montignac;1.161414863;45.065073781;24;La Vézère;DORDOGNE
P416101002;La Vézère à Montignac - Le Pertuis;1.166464326;45.066498947;24;La Vézère;DORDOGNE
R113041001;Le Bandiat à Saint-Martial-de-Valette;0.651109282;45.518238877;24;Le Bandiat;DORDOGNE
P524401001;Le Caudeau à Lembras;0.548786005;44.885448238;24;Le Caudeau;DORDOGNE
P411401001;Le Cern au Lardin-Saint-Lazare [Rispe];1.202098694;45.13496036;24;Le Cern;DORDOGNE
P413501001;Le Coly à Condat-sur-Vézère [Pont de Bouch];1.257352036;45.104216439;24;Le Coly;DORDOGNE
P248401001;Le Céou à Saint-Cybranet;1.171137595;44.789417191;24;Le Céou;DORDOGNE
P248402001;Le Céou à Saint-Cybranet [Maisonneuve];1.162024425;44.800100235;24;Le Céou;DORDOGNE
P643000201;Le Manoire à Saint-Laurent-sur-Manoire [Branchet];0.781430156;45.158624028;24;;DORDOGNE
P810252001;Le bras de la Dronne à Brantôme;0.648707097;45.362619337;24;Bras de la Dronne;DORDOGNE
P540401001;Le bras du ruisseau l'Eyraud à la Force - Bitarel;0.366429081;44.889554063;24;Bras de l'Eyraud;DORDOGNE
P540401002;Le bras du ruisseau l'Eyraud à la Force - La Farganière;0.362364832;44.886933384;24;Bras de l'Eyraud;DORDOGNE
P646000101;[La Source des Moulineaux] à Razac-sur-l'Isle;0.610551614;45.175372852;24;;DORDOGNE
P644000101;[La Source du Toulon] à Périgueux;0.698846366;45.199691584;24;;DORDOGNE
P616151101;[l'Isle] à Escoire;0.838358178;45.212417539;24;;DORDOGNE
U235401001;L'Allan à Courcelles-lès-Montbéliard;6.773057967;47.500412889;25;L'Allan;DOUBS
U233401001;L'Allan à Fesches-le-Châtel;6.880639809;47.523107452;25;L'Allan;DOUBS
U235402001;L'Allan à Montbéliard;6.807723674;47.504903375;25;L'Allan;DOUBS
U235402002;L'Allan à Montbéliard - Porte de garde;6.807723674;47.504903375;25;L'Allan;DOUBS
U242506001;L'Audeux à Aïssey;6.326477421;47.257297144;25;L'Audeux;DOUBS
U242505001;L'Audeux à Bremondans;6.394641173;47.235550922;25;L'Audeux;DOUBS
U242504001;L'Audeux à Chaux-lès-Passavant [La Grâce Dieu];6.347122694;47.248989696;25;L'Audeux;DOUBS
U107401001;L'Ognon à Chevigney-sur-l'Ognon;5.824494848;47.29698029;25;L'Ognon;DOUBS
U222581001;La Doue à Glay [Papeterie];6.908382708;47.403778819;25;La Doue;DOUBS
U233060001;La Feschotte à Badevel;6.940675813;47.499325885;25;La Feschotte;DOUBS
U204052002;La Jougnena à Jougne [La Ferrière];6.382564861;46.733332033;25;La Jougnena;DOUBS
U204052001;La Jougnena à Jougne [La Ferrière] - amont;6.379422821;46.739147018;25;La Jougnena;DOUBS
U107501001;La Lanterne à Émagny;5.877374914;47.296356487;25;La Lanterne;DOUBS
U260406001;La Loue [source canal] à Ouhans;6.299168717;47.011483683;25;La Loue;DOUBS
U260405001;La Loue [source vasque] à Ouhans;6.299766357;47.010713125;25;La Loue;DOUBS
U260405002;La Loue [source vasque] à Ouhans - cote RD;6.299795337;47.010704671;25;La Loue;DOUBS
U262401001;La Loue à Chenecey-Buillon;5.956808826;47.139313566;25;La Loue;DOUBS
U262401002;La Loue à Chenecey-Buillon;5.9570652;47.139352579;25;La Loue;DOUBS
U260404001;La Loue à Ornans;6.146062401;47.106219157;25;La Loue;DOUBS
U260407501;La Loue à Ouhans;6.299828633;47.01071058;25;La Loue;DOUBS
U260403001;La Loue à Vuillafans;6.227220153;47.055503394;25;La Loue;DOUBS
U221521001;La Reverotte à Plaimbois-du-Miroir [Gigot Reverotte];6.615708417;47.201997112;25;La Reverotte;DOUBS
U234504001;La Savoureuse à Vieux-Charmont;6.843701421;47.521754741;25;La Savoureuse;DOUBS
U201521001;La Taverne à Remoray-Boujeons;6.247133312;46.758603204;25;La Taverne;DOUBS
U201503002;Le Bief Rouge à Longevilles-Mont-d'Or;6.317978848;46.758497945;25;Bief Rouge;DOUBS
U201503001;Le Bief Rouge à Longevilles-Mont-d'Or - Ancienne;6.317806679;46.758500216;25;Bief Rouge;DOUBS
U201501001;Le Bief Rouge à Métabief;6.360307737;46.774171138;25;Bief Rouge;DOUBS
U241911001;Le Buhin à Sancey-le-Grand;6.545593636;47.30741182;25;Ruisseau de Buhin;DOUBS
U242526001;Le Cusancin à Baume-les-Dames;6.373432768;47.337981875;25;Le Cusancin;DOUBS
U242526002;Le Cusancin à Baume-les-Dames - La Lavenne;6.380866769;47.342153729;25;Le Cusancin;DOUBS
U242525001;Le Cusancin à Cusance;6.430802452;47.323265058;25;Le Cusancin;DOUBS
U242521001;Le Cusancin à Cusance [source Noire];6.436719938;47.322347976;25;Le Cusancin;DOUBS
U242523001;Le Cusancin à Guillon-les-Bains [Bains-de-Guillon];6.382585004;47.320631549;25;Le Cusancin;DOUBS
U221503001;Le Dessoubre à Plaimbois-du-Miroir [Gigot Dessoubre];6.61651644;47.201034606;25;Le Dessoubre;DOUBS
U221501001;Le Dessoubre à Rosureux;6.644930707;47.208407855;25;Le Dessoubre;DOUBS
U221501501;Le Dessoubre à Rosureux;6.686531843;47.218735021;25;Le Dessoubre;DOUBS
U221502001;Le Dessoubre à Saint-Hippolyte;6.79407373;47.305237894;25;Le Dessoubre;DOUBS
U251201002;Le Doubs [Canal du Rhône au Rhin] à Besançon - Station secondaire - Passerelle ONAV;6.029982619;47.240152889;25;Le Doubs;DOUBS
U210202001;Le Doubs à Arçon;6.384899965;46.947039076;25;Le Doubs;DOUBS
U252202001;Le Doubs à Avanne-Aveney [Aveney];5.962270355;47.199175622;25;Le Doubs;DOUBS
U251201001;Le Doubs à Besançon - Moulin Saint-Paul;6.029963685;47.240272474;25;Le Doubs;DOUBS
U212203001;Le Doubs à Charmauvillers [La Goule];6.925731083;47.224582956;25;Le Doubs;DOUBS
U202202001;Le Doubs à Doubs - Echelle rive gauche roue codeuse;6.347949074;46.927716126;25;Le Doubs;DOUBS
U202202002;Le Doubs à Doubs - Radar RD;6.348005496;46.927777568;25;Le Doubs;DOUBS
U250201001;Le Doubs à Esnans - Écluse de Beaumerousse;6.337501175;47.340370878;25;Le Doubs;DOUBS
U211202001;Le Doubs à Fournet-Blancheroche [Chatelot];6.741175026;47.104635616;25;Le Doubs;DOUBS
U211201001;Le Doubs à Fournet-Blancheroche [La Rasse];6.842972061;47.154845235;25;Le Doubs;DOUBS
U212202001;Le Doubs à Fournet-Blancheroche [Refrain];6.873403925;47.187532345;25;Le Doubs;DOUBS
U214201001;Le Doubs à Glère [Courclavon];7.026284031;47.343833984;25;Le Doubs;DOUBS
U212201001;Le Doubs à Goumois;6.950265569;47.271432065;25;Le Doubs;DOUBS
U201201001;Le Doubs à Labergement-Sainte-Marie;6.280061052;46.772795028;25;Le Doubs;DOUBS
U240202001;Le Doubs à Lougres;6.685705731;47.456535631;25;Le Doubs;DOUBS
U222201001;Le Doubs à Mathay;6.785827817;47.439382819;25;Le Doubs;DOUBS
U200201001;Le Doubs à Mouthe;6.209346173;46.705056574;25;Le Doubs;DOUBS
U201202001;Le Doubs à Oye-et-Pallet;6.333947082;46.84839401;25;Le Doubs;DOUBS
U202201501;Le Doubs à Pontarlier [Ville];6.356467396;46.906011226;25;Le Doubs;DOUBS
U201203001;Le Doubs à Saint-Point-Lac;6.304025963;46.811566167;25;Le Doubs;DOUBS
U220201001;Le Doubs à Soulce-Cernay;6.858613879;47.326200465;25;Le Doubs;DOUBS
U222200501;Le Doubs à Villars-sous-Dampjoux;6.759028816;47.348584383;25;Le Doubs;DOUBS
U210201001;Le Doubs à Ville-du-Pont;6.476524405;47.000934809;25;Le Doubs;DOUBS
U210201002;Le Doubs à Ville-du-Pont - Spey;6.480316889;47.002956319;25;Le Doubs;DOUBS
U240201001;Le Doubs à Voujeaucourt;6.761461907;47.478666284;25;Le Doubs;DOUBS
U202201001;Le Doubs à la Cluse-et-Mijoux [Pontarlier amont];6.364649964;46.881341249;25;Le Doubs;DOUBS
U203504001;Le Drugeon à Bonnevaux;6.192046048;46.809247698;25;Le Drugeon;DOUBS
U203505001;Le Drugeon à Vaux-et-Chantegrue;6.247839013;46.812374266;25;Le Drugeon;DOUBS
U203505002;Le Drugeon à Vaux-et-Chantegrue - Scierie 2;6.245354149;46.817451039;25;Le Drugeon;DOUBS
U203502003;Le Drugeon à Vuillecin - Pont Rouge;6.342934037;46.943406865;25;Le Drugeon;DOUBS
U203502002;Le Drugeon à Vuillecin - Village;6.326098374;46.936675806;25;Le Drugeon;DOUBS
U203502001;Le Drugeon à Vuillecin - Vuillecin 1;6.331314947;46.940625361;25;Le Drugeon;DOUBS
U203503001;Le Drugeon à la Rivière-Drugeon;6.221434045;46.867677576;25;Le Drugeon;DOUBS
U203503002;Le Drugeon à la Rivière-Drugeon - Ile du Martinet;6.221545791;46.867816625;25;Le Drugeon;DOUBS
U222541001;Le Gland à Meslières;6.889803518;47.414289335;25;Le Gland;DOUBS
U222542001;Le Gland à Seloncourt;6.860539124;47.461445652;25;Le Gland;DOUBS
U250902001;Le Gour [dérivation souterraine] à Champlive;6.239335793;47.283560701;25;Le Gour;DOUBS
U250901001;Le Gour à Champlive [Village];6.247506927;47.289278827;25;Le Gour;DOUBS
U261621001;Le Lison [La Sarrazine] à Nans-sous-Sainte-Anne;6.008480753;46.965633692;25;Le Lison;DOUBS
U261582002;Le Lison [source] à Nans-sous-Sainte-Anne;6.010527203;46.966774202;25;Le Lison;DOUBS
U261582001;Le Lison [source] à Nans-sous-Sainte-Anne - Vasque;6.01161771;46.965130623;25;Le Lison;DOUBS
U261583002;Le Lison à Myon - RD;5.958285006;47.032000769;25;Le Lison;DOUBS
U261583001;Le Lison à Myon - RG_ ancienne;5.957510866;47.031616775;25;Le Lison;DOUBS
U240521001;Le Lougres à Lougres;6.694236078;47.474630718;25;La Lougres;DOUBS
U201601001;Le Remoray à Remoray-Boujeons;6.250357196;46.764033835;25;Remoray;DOUBS
U235661001;Le Rupt à Dung;6.752883404;47.500137718;25;Le Rupt;DOUBS
U242507002;Le Sesserant à Pont-les-Moulins [Châtel];6.364942307;47.328992574;25;Le Sesserant;DOUBS
U242507001;Le Sesserant à Pont-les-Moulins [Châtel] - Ancienne;6.363691508;47.329335184;25;Le Sesserant;DOUBS
U242503001;Le Sesserant à Saint-Juan;6.326446462;47.308954967;25;Le Sesserant;DOUBS
U242502001;Le Sesserant à Silley-Bléfond;6.343106684;47.32311805;25;Le Sesserant;DOUBS
U210050001;Le Théverot à Grand'Combe-Châteleu [Châteleu];6.575420837;47.030731679;25;Le Théverot;DOUBS
U241202001;Le canal du Rhône au Rhin [Le Doubs] à Branne;6.459182682;47.374367098;25;Canal du Rhône au Rhin;DOUBS
U241201001;Le canal du Rhône au Rhin [Le Doubs] à Clerval;6.502831114;47.381574484;25;Canal du Rhône au Rhin;DOUBS
U261911001;Le ruisseau de Boujaille à Boujailles;6.096065648;46.883986089;25;Ruisseau de Boujaille;DOUBS
U107541001;Le ruisseau de Recologne à Franey;5.820661435;47.262824302;25;Ruisseau de Recologne;DOUBS
U107522001;Le ruisseau de Recologne à Noironte;5.876111453;47.271603975;25;Ruisseau de Recologne;DOUBS
U107521001;Le ruisseau de Recologne à Recologne;5.841541285;47.274547797;25;Ruisseau de Recologne;DOUBS
U241501001;Le ruisseau de Soye à Soye;6.486886405;47.438091998;25;Ruisseau de Soye;DOUBS
U241542001;Le ruisseau de l'Abbaye à Étrappe [Les Trois Rois];6.565574839;47.464784682;25;Ruisseau de l'Abbaye;DOUBS
U251553301;Le ruisseau des Marais [perte du creux sous roche] à Saône - sonde DREAL;6.107815408;47.215100825;25;Ruisseau des Marais;DOUBS
V240941001;Le ruisseau des Mortes à Chapelle-des-Bois;6.09051168;46.582169114;25;Ruisseau des Mortes;DOUBS
U201541001;Le ruisseau du Lhaut à Labergement-Sainte-Marie;6.26295045;46.757774062;25;Ruisseau du Lhaut;DOUBS
U251553401;Le ruisseau du Moulin à Besançon;6.024746709;47.248544697;25;;DOUBS
U242524001;Le torrent des Alloz à Cusance;6.439140096;47.323925268;25;Torrent des Alloz;DOUBS
U242522001;Le torrent des Alloz à Cusance [source Bleue];6.437578199;47.324368019;25;Torrent des Alloz;DOUBS
U251553001;[La source Bergeret] à Vaire-Arcier;6.121318841;47.269804905;25;;DOUBS
U251553002;[La source Bergeret] à Vaire-Arcier - radar;6.119691635;47.269090685;25;;DOUBS
U251542001;[La source d'Arcier] à Vaire-Arcier;6.118999889;47.26884923;25;;DOUBS
U242601001;[La source de la Glaie noire] à Pont-les-Moulins;6.360381612;47.320078195;25;;DOUBS
U251553202;[La source de la Mouillère] à Besançon;6.024325405;47.245136058;25;;DOUBS
U251553201;[La source de la Mouillère] à Besançon - Ancienne;6.024646511;47.244988054;25;;DOUBS
U261641001;[La source du Verneau] à Nans-sous-Sainte-Anne;6.002287211;46.978048725;25;;DOUBS
U251541001;[dérivation] à Chalèze;6.097044762;47.265014102;25;;DOUBS
W333521001;L'Adouin à Saint-Martin-en-Vercors [Tourtre];5.442338917;45.003521313;26;L'Adouin;DROME
V533401002;L'Aigue à Nyons - Pont de l'Europe;5.141328098;44.358225492;26;L'Aigue;DROME
V533401001;L'Aigue à Nyons - Pont-Roman;5.144041917;44.360139351;26;L'Aigue;DROME
V530401001;L'Aigue à Rémuzat;5.349514701;44.409897395;26;L'Aigue;DROME
V532401001;L'Aigue à Saint-May - Pont de la Tune;5.297699;44.434400085;26;L'Aigue;DROME
V532401002;L'Aigue à Saint-May - RD 562;5.317430537;44.425685048;26;L'Aigue;DROME
V403402401;L'Ecoutay à la Baume-Cornillane [Pont D208];5.015078806;44.820011662;26;L'Ecoutay;DROME
V532601001;L'Ennuye à Arpavon;5.261528066;44.366560201;26;L'Ennuye;DROME
V532601101;L'Ennuye à Sainte-Jalle;5.282982542;44.344759952;26;L'Ennuye;DROME
V604201301;L'Eyguemarse à Mollans-sur-Ouvèze - SMOP;5.158924422;44.243115302;26;L'Eyguemarse;DROME
W353402001;L'Herbasse à Clérieux [Pont de l'Herbasse];4.950213169;45.053943685;26;L'Herbasse;DROME
V522000201;L'Herin à Bouchet;4.87344713;44.297054212;26;Herin;DROME
W354001002;L'Isère à Beaumont-Monteux - DREAL;4.913403278;45.017178229;26;L'Isère;DROME
W342000301;L'Isère à Romans-sur-Isère;5.052500567;45.04210796;26;L'Isère;DROME
W354001101;L'Isère à la Roche-de-Glun;4.869053669;44.995220102;26;L'Isère;DROME
V343401001;L'Oron [Collières] à Saint-Rambert-d'Albon;4.817472236;45.299302052;26;L'Oron;DROME
V343401501;L'Oron à Manthes;4.996024877;45.316441089;26;L'Oron;DROME
V602201001;L'Ouvèze à Buis-les-Baronnies - Hameau de Cost;5.254882368;44.253229463;26;L'Ouvèze;DROME
V602201002;L'Ouvèze à Buis-les-Baronnies - Village;5.276526608;44.275815871;26;L'Ouvèze;DROME
V401511501;La Barberolle [Bassin de Bésayes] à Bésayes;5.109423521;44.953979723;26;La Barberolle;DROME
V401511401;La Barberolle [Bassin des Couleures] à Valence;4.925393711;44.948319578;26;La Barberolle;DROME
V401511301;La Barberolle [Pont Pré des Drix] à Bésayes;5.08002799;44.957834963;26;La Barberolle;DROME
V401501001;La Barberolle à Barbières;5.126030961;44.954405182;26;La Barberolle;DROME
V401503001;La Barberolle à Barbières [Pont des Ducs];5.145349106;44.951070802;26;La Barberolle;DROME
V401511201;La Barberolle à Saint-Marcel-lès-Valence [Pont du Plovier];4.941497098;44.954308656;26;La Barberolle;DROME
V401511101;La Barberolle à Valence;4.925401293;44.948441794;26;La Barberolle;DROME
V456000201;La Berre [Rivière naturelle] aux Granges-Gontardes;4.767827284;44.414032273;26;La Berre;DROME
V521402801;La Coronne [Le Rieumau] à Saint-Pantaléon-les-Vignes;5.04425002;44.397850853;26;La Coronne;DROME
V423000301;La Drôme à Die;5.375629754;44.748261393;26;La Drôme;DROME
V428701202;La Drôme à Livron-sur-Drôme;4.840216827;44.766175052;26;La Drôme;DROME
V428701201;La Drôme à Livron-sur-Drôme - CNR;4.840216827;44.766175052;26;La Drôme;DROME
V428402101;La Drôme à Loriol-sur-Drôme [Loriol];4.786786624;44.768274126;26;La Drôme;DROME
V421401001;La Drôme à Luc-en-Diois;5.444484787;44.618699826;26;La Drôme;DROME
V426401001;La Drôme à Saillans;5.208538594;44.689898174;26;La Drôme;DROME
V426401002;La Drôme à Saillans;5.208538594;44.689898174;26;La Drôme;DROME
V361401101;La Galaure à Châteauneuf-de-Galaure;4.962065416;45.227200186;26;La Galaure;DROME
V361401001;La Galaure à Saint-Uze;4.849550952;45.179968349;26;La Galaure;DROME
V427501001;La Gervanne à Beaufort-sur-Gervanne;5.145589237;44.77640824;26;La Gervanne;DROME
V427591001;La Gervanne à Beaufort-sur-Gervanne [Résurgence des Fontaigneux];5.137369823;44.767416548;26;La Gervanne;DROME
V427502001;La Gervanne à Plan-de-Baix;5.191787186;44.830751168;26;La Gervanne;DROME
V343401201;La Grande Veuse à Manthes;5.004199881;45.304654394;26;Grande Veuse;DROME
W341000301;La Joyeuse à Châtillon-Saint-Jean;5.132972869;45.090837653;26;La Joyeuse;DROME
W341000401;La Joyeuse à Parnans [Pont D123];5.149061846;45.112396092;26;La Joyeuse;DROME
W334000301;La Lyonne à Bouvante [EDF];5.256599794;44.936176944;26;La Lyonne;DROME
V343401301;La Petite Veuse à Manthes;5.004321587;45.304946315;26;Petite Veuse;DROME
V343401302;La Petite Veuse à Manthes - Buse petite Veuse;5.004441116;45.304880646;26;Petite Veuse;DROME
V441581001;La Vèbre à Saou [Le Pertuis];5.095060585;44.654892014;26;La Vèbre;DROME
V403402001;La Véore à Beaumont-lès-Valence [Laye];4.927699225;44.869579806;26;La Véore;DROME
V403401001;La Véore à Chabeuil [Pont des Faucons];5.054896893;44.908912353;26;La Véore;DROME
V404000401;La Véore à Étoile-sur-Rhône [Pont des clévos];4.883792912;44.842102424;26;La Véore;DROME
V456000101;La dérivation de Donzère-Mondragon à Donzère [pont double SNCF];4.709055094;44.413026306;26;;DROME
V345000101;Le Bancel à Albon;4.839781872;45.243343524;26;Le Bancel;DROME
V422501001;Le Bès à Châtillon-en-Diois;5.490710372;44.693076027;26;Le Bès;DROME
V422602001;Le Bès à Treschenu-Creyers [Archiane];5.507582639;44.742452261;26;Le Bès;DROME
V403402301;Le Chevillon [Source captée] à Châteaudouble;5.112497343;44.885288246;26;Le Chevillon;DROME
V343401601;Le Dolure à Manthes - Station RD139;5.021594783;45.312136001;26;Le Dolure;DROME
V343401602;Le Dolure à Manthes - Station RD139;5.021594783;45.312136001;26;Le Dolure;DROME
V403402501;Le Guimand à Charpey [Pont D119];5.07674608;44.936700193;26;Le Guimand;DROME
V445503001;Le Jabron à Montélimar - Ancienne;4.755078822;44.550239547;26;Le Jabron;DROME
V445503002;Le Jabron à Montélimar - Pont de l'Europe;4.757182409;44.550260115;26;Le Jabron;DROME
V445501001;Le Jabron à Souspierre;4.96728671;44.530876145;26;Le Jabron;DROME
V521402601;Le Lez à Grignan [Pont D 541];4.916905852;44.408488438;26;Le lez;DROME
V521401001;Le Lez à Montségur-sur-Lauzon;4.882626877;44.3666156;26;Le lez;DROME
V522000301;Le Lez à Suze-la-Rousse;4.838278993;44.291552414;26;Le lez;DROME
V521402001;Le Lez à Taulignan;5.01111719;44.444613715;26;Le lez;DROME
V521402002;Le Lez à Taulignan - SMVBL;5.010891884;44.444875673;26;Le lez;DROME
V520000201;Le Lez à Teyssières [Vieux Village];5.13199805;44.450992043;26;Le lez;DROME
V404000201;Le Pétochin à Upie [Loye affluent du Pétochin];4.988848167;44.815169884;26;Le Pétochin;DROME
V344000101;Le Rhône à Saint-Rambert-d'Albon - CNR;4.812973011;45.277088699;26;Le Rhône;DROME
V344000102;Le Rhône à Saint-Rambert-d'Albon - DREAL Auvergne-Rhône-Alpes;4.812973011;45.277088699;26;Le Rhône;DROME
V401001001;Le Rhône à Valence - Pont - CNR;4.88443849;44.931887885;26;Le Rhône;DROME
V401001002;Le Rhône à Valence - Pont - DREAL Auvergne-Rhône-Alpes;4.88443849;44.931887885;26;Le Rhône;DROME
V401001201;Le Rhône à Valence [retenue de Beauchastel];4.8591491;44.900279376;26;Le Rhône;DROME
V441402001;Le Roubion à Montélimar;4.745154639;44.552233788;26;Le Roubion;DROME
V444503001;Le Roubion à Montélimar [Pont Bir-Hakeim];4.763391958;44.557562898;26;Le Roubion;DROME
V441401001;Le Roubion à Soyans;5.015696506;44.624829248;26;Le Roubion;DROME
V401511001;Le ruisseau Béal de Rose à Charpey;5.089824761;44.93353847;26;Ruisseau Béal de Rose;DROME
V404000301;Le ruisseau d'Ozon à Ambonil [Pont chemin de l'Ozon];4.896127995;44.798301413;26;Ruisseau d'Ozon;DROME
V403402601;Le ruisseau de Bost à Montvendre;5.012644274;44.879079817;26;Ruisseau de Bost;DROME
V428701001;Le ruisseau de Grenette à la Répara-Auriples;4.995518321;44.665387165;26;Ruisseau de Grenette;DROME
V421401101;Le ruisseau de Martrou [Source captée] à Montlaur-en-Diois;5.405553754;44.623657784;26;Ruisseau de Martrou;DROME
V422601001;Le ruisseau de l'Archiane à Treschenu-Creyers [Menée];5.52753734;44.717371947;26;Ruisseau de l'Archiane;DROME
V343401401;[Le Nant] à Saint-Sorlin-en-Valloire;4.968177085;45.286841627;26;;DROME
V603501201;[Source captée] à Barret-de-Lioure;5.496177506;44.182885991;26;;DROME
V440000201;[Source captée] à Crupies;5.178875211;44.550740568;26;;DROME
V613000301;[Source captée] à Ferrassières;5.462352174;44.153177541;26;;DROME
W333521301;[Source captée] à Saint-Julien-en-Vercors;5.452931709;45.042358806;26;;DROME
V454000201;[Source captée] à Taulignan;4.960576658;44.469996975;26;;DROME
V601000201;[Source captée] à Vercoiran;5.337735803;44.305546843;26;;DROME
H326041010;L'Andelle à Radepont;1.326070555;49.353827549;27;L'Andelle;EURE
H325041010;L'Andelle à Vascœuil;1.383400557;49.444951216;27;L'Andelle;EURE
H423041010;L'Avre à Acon;1.104789503;48.761915156;27;L'Avre;EURE
H425042010;L'Avre à Muzy;1.328200785;48.7605918;27;L'Avre;EURE
H425041010;L'Avre à Nonancourt [observateur];1.199875606;48.769179957;27;L'Avre;EURE
H421041010;L'Avre à Saint-Christophe-sur-Avre;0.829093908;48.698718445;27;L'Avre;EURE
H312042201;L'Epte à Bouchevilliers;1.710784238;49.402433284;27;L'Epte;EURE
H318041010;L'Epte à Fourges;1.64482001;49.119500362;27;L'Epte;EURE
H314041010;L'Epte à Gisors [observateur];1.75841252;49.272438315;27;L'Epte;EURE
H432021010;L'Eure à Cailly-sur-Eure;1.208807304;49.114382066;27;L'Eure;EURE
H438021010;L'Eure à Louviers;1.177680812;49.224003868;27;L'Eure;EURE
H431021010;L'Eure à Pacy-sur-Eure - Station partenaire SEBV;1.378224742;49.01307446;27;L'Eure;EURE
H426021010;L'Eure à Saint-Georges-Motel;1.376915068;48.792029301;27;L'Eure;EURE
H426021201;L'Eure à Saint-Georges-Motel;1.37670564;48.792090349;27;L'Eure;EURE
H433043010;L'Iton à Bourth;0.806942127;48.775044922;27;L'Iton;EURE
H434042010;L'Iton à Damville;1.06951927;48.869286916;27;L'Iton;EURE
H435000201;L'Iton à Gaudreville-la-Rivière;1.038483814;48.965072476;27;L'Iton;EURE
H434043010;L'Iton à Manthelon [La Mésangère];1.075733037;48.910739799;27;L'Iton;EURE
H437042010;L'Iton à Normanville;1.150897013;49.080570906;27;L'Iton;EURE
H434041010;L'Iton à Saint-Nicolas-d'Attez [observateur] - Bras forcé;0.921345727;48.805016904;27;L'Iton;EURE
H437041010;L'Iton à la Bonneville-sur-Iton;1.042843443;48.992377941;27;L'Iton;EURE
H437042101;L'Iton à Évreux [Navarre];1.12452457;49.018276169;27;L'Iton;EURE
H612044010;La Charentonne à Bernay;0.600698912;49.085282624;27;La Charentonne;EURE
H612901101;La Charentonne à Bernay [observateur];0.600698912;49.085282624;27;La Charentonne;EURE
H612042010;La Charentonne à Broglie [observateur];0.53019788;49.007873999;27;La Charentonne;EURE
H612043010;La Charentonne à Ferrières-Saint-Hilaire;0.568641961;49.02415949;27;La Charentonne;EURE
H612901501;La Charentonne à Fontaine-l'Abbé;0.687121012;49.093509675;27;La Charentonne;EURE
H610201201;La Charentonne à Mélicourt;0.503496819;48.914995837;27;La Charentonne;EURE
H612901301;La Charentonne à Serquigny;0.71868221;49.109876041;27;La Charentonne;EURE
H612041010;La Charentonne à la Trinité-de-Réville;0.516332369;48.978969852;27;La Charentonne;EURE
H612901401;La Charentonne à la Trinité-de-Réville [virtuelle];0.514854092;48.977810747;27;La Charentonne;EURE
H626061010;La Corbie à Toutainville;0.464758617;49.363602286;27;Ruisseau de la Corbie;EURE
H611061010;La Guiel à Montreuil-l'Argillé;0.484394926;48.94500658;27;La Guiel;EURE
I090321001;La Morelle à Fiquefleur-Équainville;0.308731531;49.387515804;27;La Morelle;EURE
H605641101;La Risle à Ajou [amont bétoire];0.789022568;48.984918738;27;La Risle;EURE
H605641401;La Risle à Barquet;0.808378297;49.034118991;27;La Risle;EURE
H606000101;La Risle à Beaumontel;0.759834916;49.091746041;27;La Risle;EURE
H605021010;La Risle à Bosc-Renoult-en-Ouche;0.743674684;48.952759299;27;La Risle;EURE
H620021010;La Risle à Brionne;0.714759598;49.183882705;27;La Risle;EURE
H623022010;La Risle à Corneville-sur-Risle [Les Ruelles];0.58089832;49.340856041;27;La Risle;EURE
H605022010;La Risle à Grosley-sur-Risle;0.814920403;49.030154418;27;La Risle;EURE
H605641201;La Risle à Grosley-sur-Risle [aval bétoire];0.799839826;49.047068778;27;La Risle;EURE
H623021010;La Risle à Pont-Authou;0.694854113;49.242018124;27;La Risle;EURE
H603021010;La Risle à Rugles [observateur];0.710239413;48.822095344;27;La Risle;EURE
H512013001;La Seine à Aizier - Station partenaire HAROPA;0.624559942;49.432187794;27;La Seine;EURE
H700011001;La Seine à Fatouville-Grestain - Station partenaire HAROPA;0.318478703;49.430802144;27;La Seine;EURE
H327000101;La Seine à Pont-de-l'Arche - Station partenaire HAROPA;1.150022757;49.310007824;27;La Seine;EURE
H322011005;La Seine à Poses - Poses amont - bief partiel (bras des écluses) - VNF;1.238538244;49.312144807;27;La Seine;EURE
H322011003;La Seine à Poses - Station débitmétrique ultrason amont barrage;1.242027257;49.308243562;27;La Seine;EURE
H322011002;La Seine à Poses - [1941-1973];1.241274943;49.308593038;27;La Seine;EURE
H322011004;La Seine à Poses - [1974-1989];1.237776055;49.31118552;27;La Seine;EURE
H322011001;La Seine à Poses - aval barrage - Station partenaire VNF;1.235016374;49.312402431;27;La Seine;EURE
H320000101;La Seine à Vernon - Rive gauche (embarcadère);1.488942995;49.096330409;27;La Seine;EURE
H320000104;La Seine à Vernon - Station débitmétrique (>2006);1.488942995;49.096330409;27;La Seine;EURE
H321901010;Le Gambon aux Andelys;1.436204387;49.248461703;27;Le Cambon;EURE
H436061010;Le Rouloir à Glisolles [Pont lieu dit Grenieuseville];0.996037758;48.977240121;27;Le Rouloir;EURE
H436061011;Le Rouloir à Glisolles [Pont lieu dit Grenieuseville] - Débimètre;0.996037758;48.977240121;27;Le Rouloir;EURE
H612901010;Le fossé d'assainissement à Granchain;0.665820968;49.041129296;27;Fossé 01 de la Commune de Jonquerets-de-Livet;EURE
M112481002;L'Aigre à Romilly-sur-Aigre;1.304704279;47.985611225;28;l'Aigre;EURE-ET-LOIR
M112481001;L'Aigre à Romilly-sur-Aigre - ANCIENNE;1.304788322;47.985528285;28;l'Aigre;EURE-ET-LOIR
H416021010;L'Eure à Charpont;1.442183941;48.700852684;28;L'Eure;EURE-ET-LOIR
H404021010;L'Eure à Chartres;1.498980903;48.441954003;28;L'Eure;EURE-ET-LOIR
H402021010;L'Eure à Chuisnes [observateur] - observateur;1.205047075;48.44823808;28;L'Eure;EURE-ET-LOIR
H404021101;L'Eure à Lèves;1.483793322;48.46726995;28;L'Eure;EURE-ET-LOIR
H420021011;L'Eure à Montreuil - IJINUS;1.379891235;48.776718416;28;L'Eure;EURE-ET-LOIR
H420021012;L'Eure à Montreuil - LNS;1.379365749;48.777083556;28;L'Eure;EURE-ET-LOIR
H420021010;L'Eure à Montreuil - observateur;1.379648722;48.77678274;28;L'Eure;EURE-ET-LOIR
H403021010;L'Eure à Saint-Luperce;1.291192655;48.449158817;28;L'Eure;EURE-ET-LOIR
H403301101;L'Eure à Ver-lès-Chartres - Loché;1.477223775;48.386346937;28;L'Eure;EURE-ET-LOIR
M034151010;L'Huisne à Margon - Barrage;0.843677137;48.34953957;28;l'Huisne;EURE-ET-LOIR
M036151010;L'Huisne à Nogent-le-Rotrou [Pont de bois];0.8138147;48.318408794;28;l'Huisne;EURE-ET-LOIR
M103401010;L'Ozanne à Brou;1.162262473;48.210515858;28;l'Ozanne;EURE-ET-LOIR
M103402010;L'Ozanne à Trizay-lès-Bonneval [Prémoteux];1.348384065;48.208657649;28;l'Ozanne;EURE-ET-LOIR
M111401501;L'Yerre à Saint-Denis-les-Ponts;1.239588675;48.054446915;28;l'Yerre;EURE-ET-LOIR
M111401010;L'Yerre à Saint-Hilaire-sur-Yerre [Bêchereau];1.257933455;48.030876754;28;l'Yerre;EURE-ET-LOIR
H418041102;La Blaise à Aunay-sous-Crécy - emplacement caméra;1.305383873;48.673078076;28;La Blaise;EURE-ET-LOIR
H418041101;La Blaise à Aunay-sous-Crécy - emplacement syndicat;1.304962206;48.672954269;28;La Blaise;EURE-ET-LOIR
H418041010;La Blaise à Garnay;1.34497183;48.703708731;28;La Blaise;EURE-ET-LOIR
M035401010;La Cloche à Margon;0.838478617;48.33451475;28;la Cloche;EURE-ET-LOIR
M107302001;La Conie à Conie-Molitard;1.452148669;48.121073819;28;la Conie;EURE-ET-LOIR
M107302002;La Conie à Conie-Molitard - Valainville - Ancienne;1.42082121;48.106942058;28;la Conie;EURE-ET-LOIR
H413041010;La Drouette à Saint-Martin-de-Nigelles;1.590845032;48.615420599;28;La Drouette;EURE-ET-LOIR
M036151501;La Rhône à Nogent-le-Rotrou;0.820735596;48.311407524;28;la Rhône;EURE-ET-LOIR
M102000201;La Vallée de Paray à Bouville;1.389128538;48.256640566;28;la Vallée de Paray;EURE-ET-LOIR
H428000201;La Vesgre à Saint-Ouen-Marchefroy - Les Mordants;1.513377543;48.845942654;28;La Vesgre;EURE-ET-LOIR
H406840001;La Voise à Ymeray;1.710040733;48.509126403;28;La Voise;EURE-ET-LOIR
H404021201;Le Coinon à Mainvilliers;1.435917087;48.471552724;28;Le Coinon;EURE-ET-LOIR
M102000101;Le Loir à Alluyes;1.38170562;48.216599081;28;le Loir;EURE-ET-LOIR
M104162010;Le Loir à Bonneval;1.3839286;48.180072282;28;le Loir;EURE-ET-LOIR
M110161010;Le Loir à Châteaudun;1.322630443;48.071693619;28;le Loir;EURE-ET-LOIR
M112162001;Le Loir à Cloyes-sur-le-Loir;1.233699204;47.996266181;28;le Loir;EURE-ET-LOIR
M101161010;Le Loir à Saint-Avit-les-Guespières;1.267499557;48.268870163;28;le Loir;EURE-ET-LOIR
M104161010;Le Loir à Saint-Maur-sur-le-Loir;1.417942795;48.151553788;28;le Loir;EURE-ET-LOIR
M102000301;[La vallée de Boncé] à Montboissier;1.409055894;48.241602363;28;;EURE-ET-LOIR
J321302002;L'Aber Benoît à Plabennec - Loc Maria;-4.406722486;48.524177163;29;l'Aber Benoit;FINISTERE
J321302001;L'Aber Benoît à Plabennec - Taulé;-4.420496919;48.525773251;29;l'Aber Benoit;FINISTERE
J332302002;L'Aber Ildut à Brélès - Keringar;-4.680964457;48.45564803;29;l'Aber Ildut;FINISTERE
J332302001;L'Aber Ildut à Plouarzel - Locronan-vian;-4.651458131;48.442781265;29;l'Aber Ildut;FINISTERE
J320402001;L'Aber Wrac'h à Lanarvily - le Mingant;-4.389805896;48.549429314;29;l'Aber Vrac'h;FINISTERE
J320402002;L'Aber Wrac'h à Loc-Brévalaire - Pont D 38;-4.400485086;48.557093779;29;l'Aber Vrac'h;FINISTERE
J320401001;L'Aber Wrac'h à Ploudaniel - Roch-Huez;-4.344675;48.550353807;29;l'Aber Vrac'h;FINISTERE
J382182001;L'Aulne à Châteaulin - Pont routier;-4.093127762;48.196143342;29;l'Aulne;FINISTERE
J381181001;L'Aulne à Châteauneuf-du-Faou - Pont Pol Ty Glaz;-3.861513469;48.16507936;29;l'Aulne;FINISTERE
J363181003;L'Aulne à Cléden-Poher - Pont Triffen;-3.718490569;48.224259147;29;l'Aulne;FINISTERE
J363181001;L'Aulne à Cléden-Poher - Pont-de-Pénity;-3.692176339;48.27547509;29;l'Aulne;FINISTERE
J382181001;L'Aulne à Gouézec - Pont Coblant;-3.986289573;48.190549899;29;l'Aulne;FINISTERE
J363181002;L'Aulne à Landeleau - Pont Triffen;-3.704700142;48.219544816;29;l'Aulne;FINISTERE
J361181001;L'Aulne à Plouyé - Pont Pierre;-3.681035995;48.321940505;29;l'Aulne;FINISTERE
J382183001;L'Aulne à Port-Launay - Guily Glaz [marégraphe];-4.095192655;48.212669255;29;l'Aulne;FINISTERE
J360181001;L'Aulne à Poullaouen - Le Goask;-3.66767952;48.389194397;29;l'Aulne;FINISTERE
J363181101;L'Aulne à Poullaouen - Pont Pierre;-3.680953062;48.321927138;29;l'Aulne;FINISTERE
J462301001;L'Aven à Pont-Aven [Bois d'Amour];-3.739474826;47.86035611;29;l'Aven;FINISTERE
J462302001;L'Aven à Pont-Aven [Voie express];-3.734245047;47.885117491;29;l'Aven;FINISTERE
J362401101;L'Ellez à Landeleau - Penity;-3.696843866;48.276330005;29;l'Ellez;FINISTERE
J362401001;L'Ellez à Loqueffret - Nestavel Bihan [aval retenue St Michel];-3.872424724;48.354208457;29;l'Ellez;FINISTERE
J490202001;L'Ellé [La Laïta] à Clohars-Carnoët - Le Pouldu [marégraphe];-3.531852441;47.771320839;29;l'Ellé;FINISTERE
J490201002;L'Ellé [La Laïta] à Quimperlé - Place Charles-de-Gaulle;-3.545159892;47.871038078;29;l'Ellé;FINISTERE
J490201001;L'Ellé [La Laïta] à Quimperlé - Place Charles-de-Gaulle [ancienne station];-3.545127695;47.870994724;29;l'Ellé;FINISTERE
J474201002;L'Ellé à Arzano - Ty Nadan [amont pont];-3.469218037;47.904334862;29;l'Ellé;FINISTERE
J474201001;L'Ellé à Arzano - Ty Nadan [aval pont];-3.468940295;47.904259898;29;l'Ellé;FINISTERE
J340302001;L'Elorn à Commana - Kerfornedic;-3.999976491;48.384566291;29;l'Elorn;FINISTERE
J341302001;L'Elorn à Ploudiry - Kerfaven;-4.144294459;48.485850464;29;l'Elorn;FINISTERE
J341303001;L'Elorn à Plouédern - Pont ar Bled;-4.220137299;48.469426409;29;l'Elorn;FINISTERE
J340301001;L'Elorn à Sizun - Le Drennec [aval retenue du Drennec];-4.024025355;48.389986576;29;l'Elorn;FINISTERE
J341301001;L'Elorn à la Roche-Maurice - Pont ar Bled;-4.215666774;48.469418864;29;l'Elorn;FINISTERE
J301433001;L'Horn à Mespaul - Kertanguy;-4.014156013;48.604890769;29;l'Horn;FINISTERE
J301431001;L'Horn à Mespaul - Pont Milin;-4.025062548;48.626651455;29;l'Horn;FINISTERE
J301432001;L'Horn à Saint-Pol-de-Léon - Kerhoant;-4.019173725;48.675764049;29;l'Horn;FINISTERE
J451542001;L'Hôpital [Le Styval] à Concarneau - Moulin de la Haie;-3.878242606;47.889214038;29;l'Hôpital;FINISTERE
J451541001;L'Hôpital [Le Styval] à Concarneau - Pont Douar;-3.884482186;47.900329594;29;l'Hôpital;FINISTERE
J481301001;L'Isole à Quimperlé - Place des Anciennes Fonderies;-3.546065776;47.87565637;29;l'Isole;FINISTERE
J480301001;L'Isole à Scaër - Stang Boudilin;-3.671158374;47.987904863;29;l'Isole;FINISTERE
J442191001;L'Odet à Bénodet - Port de plaisance [marégraphe];-4.116010795;47.880913429;29;l'Odet;FINISTERE
J420192001;L'Odet à Ergué-Gabéric - Kersaviou;-3.978212353;48.036507387;29;l'Odet;FINISTERE
J421191001;L'Odet à Ergué-Gabéric - Treodet;-4.063848209;48.006296313;29;l'Odet;FINISTERE
J423191001;L'Odet à Quimper [Kervir] - Passerelle Pierre Dornic (Kervir);-4.079466135;47.994232592;29;l'Odet;FINISTERE
J440191001;L'Odet à Quimper [Loc Maria] - Corniguel;-4.103658043;47.97150918;29;l'Odet;FINISTERE
J440191002;L'Odet à Quimper [Loc Maria] - Palais de justice;-4.108331443;47.992161938;29;l'Odet;FINISTERE
J383401001;La Douffine à Lopérec - Kerbriant;-4.060579111;48.260350925;29;la Douffine;FINISTERE
J351401001;La Mignonne à Irvillac - Pont Mel;-4.214608921;48.386902617;29;la Mignonne;FINISTERE
J334000101;La Penfeld [Marégraphe] à Brest;-4.494994921;48.38225092;29;la Penfeld;FINISTERE
J272301001;La Penzé à Taulé - Penhoat;-3.923562758;48.585961505;29;la Penzé;FINISTERE
J360751001;Le Beurc'hoat [Le Squiriou] à Scrignac - Kervallon;-3.686638028;48.386164763;29;le Beurc'hoat;FINISTERE
J251401001;Le Dourduff à Garlan - Pont St Hubert;-3.768656661;48.608219331;29;le Dourduff;FINISTERE
J240401001;Le Douron au Ponthou - Coat Don;-3.645672122;48.556197147;29;le Douron;FINISTERE
J361401001;Le Fao [La Rivière d'Argent] à Locmaria-Berrien - La Mine;-3.721949563;48.363088098;29;le Fao;FINISTERE
J490511001;Le Frout à Quimperlé - Chemin de Guerniguy;-3.557104982;47.837722582;29;le Frout;FINISTERE
J401401001;Le Goyen à Pont-Croix - Kermaria;-4.473704994;48.039215685;29;le Goyen;FINISTERE
J221311001;Le Guic à Guerlesquin - Kerret;-3.589153822;48.502748745;29;le Guic;FINISTERE
J221312001;Le Guic à Guerlesquin - Trogoaredec [aval retenue Guerlesquin];-3.563099042;48.523114608;29;le Guic;FINISTERE
J302401001;Le Guillec à Trézilidé - Kermerien;-4.076362215;48.615957212;29;le Guillec;FINISTERE
J262301001;Le Jarlot [La rivière de Morlaix] à Morlaix [Port de Morlaix] - Les Ecluses [amont];-3.838053065;48.587748157;29;le Jarlot;FINISTERE
J262301002;Le Jarlot [La rivière de Morlaix] à Morlaix [Port de Morlaix] - Les Ecluses [aval];-3.838280751;48.588656013;29;le Jarlot;FINISTERE
J260301501;Le Jarlot à Morlaix - Lannidy;-3.808657729;48.569899003;29;le Jarlot;FINISTERE
J260301001;Le Jarlot à Plougonven - Berlingar;-3.80033086;48.566755813;29;le Jarlot;FINISTERE
J422401001;Le Jet à Ergué-Gabéric - Kerjean;-4.014695369;47.988970592;29;;FINISTERE
J422402001;Le Jet à Ergué-Gabéric - Meil-Jet;-3.968151315;47.983215804;29;;FINISTERE
J310401001;Le Kerallé [Le ruisseau de Kernic] à Plouescat - Kerret;-4.172303607;48.64792025;29;le Kerallé;FINISTERE
J333541001;Le Kerescar [Le ruisseau de Kermorvan] à Trébabu - La Haie;-4.720813729;48.38426286;29;;FINISTERE
J421451003;Le Langelin à Briec - Le Langelin à briec - Pont D 72 (66-67);-3.987338568;48.101217704;29;;FINISTERE
J421451001;Le Langelin à Briec - Pont C 38;-3.987121355;48.102938011;29;;FINISTERE
J421451002;Le Langelin à Briec - Pont D 72;-3.987338568;48.101217704;29;;FINISTERE
J451401001;Le Moros à Concarneau - Pont D 22;-3.875280615;47.883777892;29;le Moros;FINISTERE
J393000301;Le Névet à Kerlaz - Pont D39;-4.270349737;48.080133905;29;le Névet;FINISTERE
J412441001;Le Pont l'Abbé à Plonéour-Lanvern - Moulin Neuf;-4.236899915;47.886009669;29;le Pont l'Abbé;FINISTERE
J412442001;Le Pont l'Abbé à Plonéour-Lanvern - Tremillec;-4.241494008;47.908211255;29;le Pont l'Abbé;FINISTERE
J412441003;Le Pont l'Abbé à Tréméoc - Pen Enez;-4.229512994;47.879534253;29;le Pont l'Abbé;FINISTERE
J412441004;Le Pont l'Abbé à Tréméoc - Pen Enez;-4.229512994;47.879534253;29;le Pont l'Abbé;FINISTERE
J261400501;Le Queffleuth à Plounéour-Ménez - Le Plessis;-3.817758411;48.46275698;29;le Queffleuth;FINISTERE
J261401002;Le Queffleuth à Plourin-lès-Morlaix - Les Trois Chênes;-3.836522045;48.567827672;29;le Queffleuth;FINISTERE
J261401001;Le Queffleuth à Plourin-lès-Morlaix - Lesquifiou;-3.831717566;48.547824589;29;le Queffleuth;FINISTERE
J311401001;Le Quillimadec à Plouider - Coatiguinou;-4.290544774;48.58548398;29;le Quillimadec;FINISTERE
J431301003;Le Steïr à Guengat - Ty Planch [amont];-4.147113273;48.027702787;29;le Steir;FINISTERE
J431301002;Le Steïr à Guengat - Ty Planche;-4.147113273;48.027702787;29;le Steir;FINISTERE
J431301001;Le Steïr à Guengat - Ty Planche Ancienne;-4.147113273;48.027702787;29;le Steir;FINISTERE
J431303001;Le Steïr à Quimper - Moulin Vert;-4.114449482;48.003013508;29;le Steir;FINISTERE
J431302001;Le Steïr à Quimper - Steïr Hoat;-4.11068556;48.057093506;29;le Steir;FINISTERE
J381471001;Le Stêr Goanez à Plonévez-du-Faou - Moulin Vert;-3.882983732;48.204480526;29;le Stêr Goanez;FINISTERE
J461401001;Le Stêr Goz à Bannalec - Pont Meya;-3.751723008;47.907623156;29;;FINISTERE
J260541001;Le Tromorgant à Plougonven - Compezou;-3.796895199;48.566907483;29;le Tromorgant;FINISTERE
J373301002;Le canal de Nantes à Brest à Cléden-Poher - Pont Triffen;-3.701121393;48.220453933;29;;FINISTERE
J373301001;Le canal de Nantes à Brest à Saint-Hernin - La gare;-3.655186842;48.223795362;29;;FINISTERE
J392000601;Le ruisseau de Kerharo à Ploéven [Kerc'haro] - Kerc'haro;-4.232376363;48.168702074;29;ruisseau de kerharo;FINISTERE
J320571001;[L'Aber Wrac'h (branche ouest)] au Drennec - Kerneguez;-4.361625222;48.531278249;29;;FINISTERE
J342481001;[Le Tourous] à Landerneau [amont] - Penguelen;-4.277205481;48.461767843;29;;FINISTERE
J342482001;[Le Tourous] à Landerneau [aval] - Tremaria;-4.266939736;48.45357176;29;;FINISTERE
J412571001;[Le Troyon] à Peumérit;-4.27005559;47.936284558;29;;FINISTERE
J412572001;[Le Troyon] à Plonéour-Lanvern - Ty Poes;-4.250029402;47.908406182;29;;FINISTERE
J340411001;[Le ruisseau de Mougau Bihan] à Commana - Moulin Neuf;-3.994064989;48.397181693;29;;FINISTERE
Y890000201;L'Ortolo à Levie [Vignallela] - Vignalella;9.082985432;41.625952713;2A;L'Ortolo;CORSE-DU-SUD
Y890000101;L'Ortolo à Sartène - Moulin de Curgia;9.019337948;41.594098246;2A;L'Ortolo;CORSE-DU-SUD
Y971000101;L'Osu à Lecci;9.300321156;41.670752501;2A;L'Osu;CORSE-DU-SUD
Y832000301;La Gravona à Ajaccio - RT40;8.811922294;41.92396774;2A;La Gravona;CORSE-DU-SUD
Y830000101;La Gravona à Peri;8.879483533;42.00053153;2A;La Gravona;CORSE-DU-SUD
Y830000102;La Gravona à Peri - Seuil Napoléon;8.878146314;41.997425621;2A;La Gravona;CORSE-DU-SUD
Y832000202;La Gravona à Sarrola-Carcopino - Mezzana;8.839437093;41.982950425;2A;La Gravona;CORSE-DU-SUD
Y832000201;La Gravona à Sarrola-Carcopino - Pont de Cuttoli;8.839757703;41.980221035;2A;La Gravona;CORSE-DU-SUD
Y800000201;La Sagone à Vico - Pont de Ficaghiola;8.714938014;42.14490615;2A;Rivière de Sagone;CORSE-DU-SUD
Y960000301;La Solenzara à Sari-Solenzara - Station de pompage OEHC;9.351834485;41.849250061;2A;La Solenzara;CORSE-DU-SUD
Y960000102;La Solenzara à Sari-Solenzara [Canniciu] - Canniciu;9.370376192;41.863776037;2A;La Solenzara;CORSE-DU-SUD
Y960000101;La Solenzara à Sari-Solenzara [Canniciu] - Tafonato;9.36055489;41.857231501;2A;La Solenzara;CORSE-DU-SUD
Y980000301;Le Bala à Porto-Vecchio - Pont de Bala;9.237134228;41.596813375;2A;Rivière de Bala;CORSE-DU-SUD
Y980000302;Le Bala à Porto-Vecchio - Pont de Bala;9.237163304;41.596406281;2A;Rivière de Bala;CORSE-DU-SUD
Y870000201;Le Baraci à Fozzano - Pont D257;8.953052151;41.696252565;2A;Rivière Baraci;CORSE-DU-SUD
Y812000101;Le Liamone à Arbori [Pont de Truggia] - Pont de Truggia;8.818555561;42.116414469;2A;Fleuve u Liamone;CORSE-DU-SUD
Y791000201;Le Porto à Ota;8.762929656;42.255710779;2A;Rivière de Porto;CORSE-DU-SUD
Y842000201;Le Prunelli à Cauro - Pont de l'Auberge;8.835785286;41.912544007;2A;Le Prunelli;CORSE-DU-SUD
Y842000101;Le Prunelli à Ocana - Pont de la Pierre;8.870723887;41.928901929;2A;Le Prunelli;CORSE-DU-SUD
Y841000101;Le Prunelli à Tolla - EDF;8.964113699;41.964028396;2A;Le Prunelli;CORSE-DU-SUD
Y883000101;Le Rizzanese à Propriano - Pont de Rena Bianca;8.917569148;41.657420929;2A;Rivière u Rizzanese;CORSE-DU-SUD
Y881000101;Le Rizzanese à Zoza - Pont de Zoza;9.076033259;41.725826143;2A;Rivière u Rizzanese;CORSE-DU-SUD
Y881000102;Le Rizzanese à Zoza - Zoza ancien;9.076033259;41.725826143;2A;Rivière u Rizzanese;CORSE-DU-SUD
Y861000201;Le Taravo à Corrano - Bains de Guitera;9.091986999;41.887906525;2A;Le Taravo;CORSE-DU-SUD
Y862000101;Le Taravo à Zigliara [Pont d'Abra];8.959418165;41.81034056;2A;Le Taravo;CORSE-DU-SUD
Y850000101;Le ruisseau Butturacci à Coti-Chiavari - Pont de Gradello;8.821154615;41.787663768;2A;Ruisseau Butturacci;CORSE-DU-SUD
Y980000201;Le ruisseau d'Orgone à Sotta - Moulin de Lastreto;9.181336883;41.552059133;2A;Ruisseau d'Orgone;CORSE-DU-SUD
Y980000202;Le ruisseau d'Orgone à Sotta - Pont RD 59;9.172844365;41.556513313;2A;Ruisseau d'Orgone;CORSE-DU-SUD
Y982000101;Le ruisseau de Francolu à Bonifacio - Balistra;9.204303068;41.444451093;2A;Ruisseau de Francolu;CORSE-DU-SUD
Y960000201;Le ruisseau de San Petru [Ravin de la Cannone] à Quenza - DFCI;9.234835318;41.795324477;2A;Ruisseau de San Petru;CORSE-DU-SUD
Y832000101;Le ruisseau de Stagnolu à Afa;8.795441271;41.972806352;2A;Ruisseau de Stagnolu;CORSE-DU-SUD
Y991000101;Le ruisseau de Ventilegne à Figari - Linsticonu;9.146374406;41.464203153;2A;Ruisseau de Ventilegne;CORSE-DU-SUD
Y970000103;U Cavu à Conca - Pont de Purcilella;9.333949387;41.706230832;2A;Rivière u Cavu;CORSE-DU-SUD
Y970000101;U Cavu à Conca - Sainte-Lucie;9.334265949;41.705707188;2A;Rivière u Cavu;CORSE-DU-SUD
Y970000201;U Cavu à Zonza - Parc aventures;9.301804987;41.720262744;2A;Rivière u Cavu;CORSE-DU-SUD
Y970000102;U Cavu à Zonza - Tagliu Rossu;9.303962607;41.715240946;2A;Rivière u Cavu;CORSE-DU-SUD
Y882000201;U Fiumicicoli à Sainte-Lucie-de-Tallano;9.045735488;41.661050985;2A;Rivière u Fiumicicoli;CORSE-DU-SUD
Y741000201;L'Acqua Tignese à Ersa - Station AEP;9.402798383;42.972504454;2B;L'Acqua Tignese;HAUTE-CORSE
Y920000101;L'Alesani à Pietra-di-Verde;9.460841807;42.304982196;2B;Rivière d'Alesani;HAUTE-CORSE
Y750000301;L'Aliso à Oletta - Malpergo;9.299098516;42.63196347;2B;L'Aliso;HAUTE-CORSE
Y750000202;L'Aliso à San-Gavino-di-Tenda [Prise de Padula];9.294552631;42.609702322;2B;L'Aliso;HAUTE-CORSE
Y711000202;L'Asco à Morosaglia - Canavaggia;9.203252476;42.477849315;2B;L'Asco;HAUTE-CORSE
Y711000201;L'Asco à Morosaglia - Ponte-Leccia;9.204503876;42.475413966;2B;L'Asco;HAUTE-CORSE
Y941000101;L'U Fium'Orbu à Ghisoni [Sampolo] - 1;9.24719278;42.104319253;2B;u Fium'Orbu;HAUTE-CORSE
Y941000102;L'U Fium'Orbu à Ghisoni [Sampolo] - Sampolo;9.260356368;42.103243804;2B;u Fium'Orbu;HAUTE-CORSE
Y921000202;La Bravona à Tallone [Site barrage] - Moulin de Granagiu;9.440539464;42.227190571;2B;Rivière de Bravona;HAUTE-CORSE
Y921000201;La Bravona à Tallone [Site barrage] - Pont de Bravone;9.446932192;42.224538786;2B;Rivière de Bravona;HAUTE-CORSE
Y921000203;La Bravona à Tallone [Site barrage] - site barrage;9.43779517;42.229485198;2B;Rivière de Bravona;HAUTE-CORSE
Y702000101;La Casaluna à Gavignano;9.22305177;42.434395686;2B;La Casaluna;HAUTE-CORSE
Y771000201;La Figarella à Calenzana;8.849361253;42.44604894;2B;La Figarella;HAUTE-CORSE
Y771000401;La Figarella à Calenzana - Pont RD51;8.805167637;42.487244023;2B;La Figarella;HAUTE-CORSE
Y771000301;La Figarella à Calenzana [Prise Eau Brute OEHC];8.837114178;42.447455435;2B;La Figarella;HAUTE-CORSE
Y900000101;La Restonica à Corte;9.087692629;42.263304044;2B;La Restonica;HAUTE-CORSE
Y711000401;La Tartagine à Castifao [Hameau de Piana] - Pont D 547;9.122343835;42.516903358;2B;Rivière de Tartagine;HAUTE-CORSE
Y731000401;Le Bevinco à Biguglia;9.437505197;42.612057438;2B;Le Bevinco;HAUTE-CORSE
Y731000301;Le Bevinco à Olmeta-di-Tuda - Lancone;9.379983664;42.603210511;2B;Le Bevinco;HAUTE-CORSE
Y781000101;Le Fango à Galéria;8.716900755;42.393648893;2B;Le Fango;HAUTE-CORSE
Y931000101;Le Fium Alto à Taglio-Isolaccio - Pont d'Acitaja;9.47118205;42.445102002;2B;Le Fium Alto;HAUTE-CORSE
Y700000201;Le Golo à Albertacce;8.976148506;42.319596161;2B;Le Golo;HAUTE-CORSE
Y700000101;Le Golo à Calacuccia;9.027915351;42.332814171;2B;Le Golo;HAUTE-CORSE
Y702000401;Le Golo à Morosaglia - Ponte Leccia - RT 20;9.207220003;42.462821417;2B;Le Golo;HAUTE-CORSE
Y702000301;Le Golo à Omessa - Francardo;9.196733315;42.416943638;2B;Le Golo;HAUTE-CORSE
Y702000201;Le Golo à Omessa - Francardo2;9.194130312;42.400550643;2B;Le Golo;HAUTE-CORSE
Y721000101;Le Golo à Volpajola - Barchetta;9.372317746;42.506650292;2B;Le Golo;HAUTE-CORSE
Y721000102;Le Golo à Volpajola - avant barrage de Calacuccia;9.371911623;42.506503239;2B;Le Golo;HAUTE-CORSE
Y741000101;Le Luri à Luri [Piazza] - Campo;9.434103359;42.896012614;2B;Ruisseau de Luri;HAUTE-CORSE
Y741000102;Le Luri à Luri [Piazza] - Piazza;9.416226849;42.897923543;2B;Ruisseau de Luri;HAUTE-CORSE
Y761000501;Le Piano à Sant'Antonino - Pont OAD13;8.920115309;42.576806374;2B;Ruisseau de Piano;HAUTE-CORSE
Y911000101;Le Tagnone à Aghione;9.415842089;42.110408856;2B;Le Tagnone;HAUTE-CORSE
Y910000101;Le Tavignano à Altiani;9.265000429;42.222139606;2B;Le Tavignano;HAUTE-CORSE
Y910000102;Le Tavignano à Altiani - Pont RT50;9.266494034;42.221620049;2B;Le Tavignano;HAUTE-CORSE
Y911000203;Le Tavignano à Antisanti - Antisanti 2;9.379456133;42.183974119;2B;Le Tavignano;HAUTE-CORSE
Y911000201;Le Tavignano à Antisanti - Pont du Faïo;9.386942116;42.182143651;2B;Le Tavignano;HAUTE-CORSE
Y911000202;Le Tavignano à Antisanti - avant prise EDF;9.379760529;42.183541067;2B;Le Tavignano;HAUTE-CORSE
Y901000301;Le Tavignano à Corte - Gouffre;9.172228493;42.303123469;2B;Le Tavignano;HAUTE-CORSE
Y901000501;Le Tavignano à Corte - Pont de la Gare;9.157750325;42.305455365;2B;Le Tavignano;HAUTE-CORSE
Y901000401;Le Tavignano à Corte [Piscine];9.155090353;42.304136567;2B;Le Tavignano;HAUTE-CORSE
Y900000201;Le Tavignano à Corte [Ponte Vecchiu];9.150099271;42.30298347;2B;Le Tavignano;HAUTE-CORSE
Y900000202;Le Tavignano à Corte [Ponte Vecchiu] - Baliri;9.146941443;42.304488041;2B;Le Tavignano;HAUTE-CORSE
Y910000201;Le Tavignano à Piedicorte-di-Gaggio - Pont Laricio;9.324781126;42.211215041;2B;Le Tavignano;HAUTE-CORSE
Y951000101;Le Travo à Solaro - Pont RD545;9.383211933;41.914687296;2B;Le Travo;HAUTE-CORSE
Y902000101;Le Vecchio à Venaco - Pont de Noceta;9.205369603;42.22412323;2B;Le Vecchio;HAUTE-CORSE
Y761000401;Le fiume di Regino à Feliceto [Ancien moulin] - Ancien moulin;8.932438217;42.558866285;2B;Fiume di Regino;HAUTE-CORSE
Y761000301;Le fiume di Regino à Speloncato - Regino;8.962526541;42.594891051;2B;Fiume di Regino;HAUTE-CORSE
Y700000301;Le ruisseau d'Erco à Calacuccia - Cuccia;9.03475478;42.34328776;2B;Ruisseau d'Erco;HAUTE-CORSE
Y901000601;Le ruisseau d'Orta à Corte - Source du Minesteghju;9.150584302;42.318569068;2B;Ruisseau d'Orta;HAUTE-CORSE
Y740000201;[Source] à Brando - Source des Glacières;9.468862232;42.767931603;2B;;HAUTE-CORSE
V718501001;L'Alzon à Uzès [Moulin de Bargeton];4.424830671;44.003013965;30;L'Alzon;GARD
V714401201;L'Amous à Générargues;3.985524196;44.080832659;30;L'Amous;GARD
Y201003501;L'Arre [Source Isis - Affluent de l'Arre] à Avèze - Source Isis;3.598762071;43.982571934;30;L'Arre;GARD
Y201001001;L'Arre au Vigan;3.605376221;43.982915412;30;L'Arre;GARD
Y201002001;L'Arre au Vigan [La Terrisse];3.654646322;44.001180922;30;L'Arre;GARD
V544501001;L'Auzon aux Mages;4.173671805;44.218170491;30;L'Auzon;GARD
V544502501;L'Auzon à Allègre-les-Fumades - Pont d'Auzon;4.247994046;44.204837932;30;L'Auzon;GARD
V544502001;L'Auzon à Allègre-les-Fumades [Pont d'Auzon];4.248024741;44.205146037;30;L'Auzon;GARD
V717000901;L'Esquielle à Saint-Geniès-de-Malgoirès [EPTB Gardons];4.185658035;43.954051116;30;L'Esquielle;GARD
V540404101;L'Homol à Sénéchas;4.023527953;44.321880917;30;L'Homol;GARD
Y200002701;L'Hérault à Saint-André-de-Majencoules;3.680813389;44.014377612;30;L'Hérault;GARD
Y200002001;L'Hérault à Saint-André-de-Majencoules [Padens];3.672325376;44.039118118;30;L'Hérault;GARD
Y202001001;L'Hérault à Saint-Julien-de-la-Nef;3.687692019;43.962241501;30;L'Hérault;GARD
Y200001001;L'Hérault à Valleraugue;3.647687734;44.078985931;30;L'Hérault;GARD
Y200001002;L'Hérault à Valleraugue;3.653118699;44.078962683;30;L'Hérault;GARD
V545401301;La Claysse à Saint-Jean-de-Maruéjols-et-Avéjan;4.27947574;44.259073897;30;La Claysse;GARD
V540404001;La Cèze [La Cèze] à Aujac;3.99062474;44.348903975;30;La Cèze;GARD
V542521301;La Cèze [Rivière Cèze] à Bessèges;4.092980551;44.293278978;30;La Cèze;GARD
V544502401;La Cèze [Rivière Cèze] à Rivières - La Cèze à Rivières;4.273736591;44.235545625;30;La Cèze;GARD
V544502301;La Cèze [Rivière Cèze] à Rochegude - Cèze au pont de Rochegude;4.286122641;44.240631577;30;La Cèze;GARD
V547401501;La Cèze à Bagnols-sur-Cèze - DREAL;4.620008053;44.170230509;30;La Cèze;GARD
V547401502;La Cèze à Bagnols-sur-Cèze - [Etiage CNR en rive gauche];4.621254441;44.171195295;30;La Cèze;GARD
V547401601;La Cèze à Bagnols-sur-Cèze [Etiage CNR en rive gauche];4.621254441;44.171195295;30;La Cèze;GARD
V542401001;La Cèze à Bessèges;4.093307875;44.296037026;30;La Cèze;GARD
V542401002;La Cèze à Bessèges - Echelle Annonce de Crue;4.095159752;44.291980275;30;La Cèze;GARD
V540403901;La Cèze à Chambon [DREAL LR];4.048907483;44.318743335;30;La Cèze;GARD
V540402501;La Cèze à Gaujac [Barrage de Sénéchas];4.048593718;44.319240963;30;La Cèze;GARD
V546571001;La Cèze à Goudargues [Goudargues];4.467659797;44.215318067;30;La Cèze;GARD
V546401501;La Cèze à Montclus;4.430450654;44.264405558;30;La Cèze;GARD
V546401502;La Cèze à Montclus - Echelle Annonce de Crue (EAC);4.419890196;44.262169897;30;La Cèze;GARD
V543000201;La Cèze à Saint-Ambroix;4.196283285;44.264179266;30;La Cèze;GARD
V543000202;La Cèze à Saint-Ambroix;4.199915246;44.262632339;30;La Cèze;GARD
V546401001;La Cèze à Saint-André-de-Roquepertuis;4.446762513;44.247509471;30;La Cèze;GARD
V545401001;La Cèze à Tharaux;4.299857196;44.24378301;30;La Cèze;GARD
V547401001;La Cèze à la Roque-sur-Cèze;4.5268789;44.190006933;30;La Cèze;GARD
O330401001;La Dourbie à Dourbies [La Borie];3.543912998;44.067741752;30;La Dourbie;GARD
O331401002;La Dourbie à Dourbies [Le Mazet];3.466262531;44.06999897;30;La Dourbie;GARD
O331401001;La Dourbie à Dourbies [Le Mazet] - Ancienne;3.466188297;44.07008029;30;La Dourbie;GARD
V542521001;La Ganière à Gagnières [Bannes];4.11310492;44.329446261;30;La Ganière;GARD
V713504901;La Salindrenque à Lasalle [1] - (ancienne station);3.863683447;44.038896059;30;La Salindrenque;GARD
V713505001;La Salindrenque à Lasalle [2];3.857669458;44.04209758;30;La Salindrenque;GARD
V713505101;La Salindrenque à Thoiras - (ancienne station);3.934844567;44.06620109;30;La Salindrenque;GARD
V713505102;La Salindrenque à Thoiras - (nouvelle station);3.936135965;44.070088171;30;La Salindrenque;GARD
V713504701;La Salindrenque à Thoiras [Malerargues];3.890782518;44.043687739;30;La Salindrenque;GARD
V547402701;La Tave [Rivière Tave] à Laudun-l'Ardoise;4.689954521;44.114170743;30;La Tave;GARD
Y203001001;La Vis à Blandas [Lafoux de la Vis];3.490085433;43.897968044;30;La Vis;GARD
Y203002101;La Vis à Rogues - Madières;3.56374075;43.853920175;30;La Vis;GARD
Y203002001;La Vis à Saint-Laurent-le-Minier;3.681704571;43.939797032;30;La Vis;GARD
Y203002002;La Vis à Saint-Laurent-le-Minier - Pont de la mine;3.672514803;43.936274749;30;La Vis;GARD
V718501901;Le Bourdic à Aubussargues [DREAL LR];4.332606322;44.001710058;30;Le Bourdic;GARD
O334571001;Le Bramabiau à Saint-Sauveur-Camprieu [Camprieu];3.484702153;44.115641679;30;Le Bramabiau;GARD
V700000101;Le Briançon à Théziers;4.626877516;43.915675809;30;Le Briançon;GARD
Y350000101;Le Buffalon à Rodilhan [Pont du lycée];4.449283531;43.829351849;30;Le Buffalon;GARD
Y351402201;Le Cadereau [cadereau d'ales] à Nîmes [cadereau d'ales];4.35979545;43.806959598;30;Le Cadereau;GARD
Y343501001;Le Crieulon à Bragassargues [La Rouvière];4.024418341;43.925349115;30;Ruisseau de Crieulon;GARD
Y343501501;Le Crieulon à la Rouvière [Barrage de La Rouvière];4.02506698;43.92616811;30;Ruisseau de Crieulon;GARD
V715621001;Le Galeizon à Saint-Paul-la-Coste [Aube Morte];3.97909081;44.159065768;30;Le Galeizon;GARD
V715621002;Le Galeizon à Saint-Paul-la-Coste [Aube Morte] - (nouvelle station);3.982728837;44.157041796;30;Le Galeizon;GARD
V719401002;Le Gard [Gardon aval] à Remoulins - CNR - amont seuil;4.557552803;43.940354359;30;Le Gard;GARD
V719401005;Le Gard [Gardon aval] à Remoulins - Pont Seguin;4.55810936;43.936811244;30;Le Gard;GARD
V719401001;Le Gard [Gardon aval] à Remoulins - Pont neuf;4.556605005;43.937290465;30;Le Gard;GARD
V719401004;Le Gard [Gardon aval] à Remoulins - Seuil de la Soubeyranne;4.56722817;43.928904145;30;Le Gard;GARD
V719401003;Le Gard [Gardon aval] à Remoulins - Station étiage;4.555798749;43.938381048;30;Le Gard;GARD
V714401001;Le Gard à Anduze;3.984925912;44.060102126;30;Le Gard;GARD
V714401003;Le Gard à Anduze - Anduze faubourg;3.987656609;44.057355318;30;Le Gard;GARD
V714401002;Le Gard à Anduze - Echelle Annonce de Crue (EAC);3.987599691;44.055423208;30;Le Gard;GARD
V716401001;Le Gard à Boucoiran-et-Nozières [Pont de Ners];4.1554955;44.016328283;30;Le Gard;GARD
V719401101;Le Gard à Comps;4.607269203;43.854237897;30;Le Gard;GARD
V712401001;Le Gard à Générargues [Roucan];3.969153772;44.079331546;30;Le Gard;GARD
V712401501;Le Gard à Mialet [en amont du camping];3.90946572;44.125052221;30;Le Gard;GARD
V712401502;Le Gard à Mialet [en amont du camping] - Echelle Annonce de Crue EAC - Pont des Camisards;3.938537978;44.111792774;30;Le Gard;GARD
V717000801;Le Gard à Moussac - Echelle Annonce de Crues (EAC);4.225504329;43.978625524;30;Le Gard;GARD
V716401501;Le Gard à Ners [Pont RN 106];4.155089928;44.015843166;30;Le Gard;GARD
V716401502;Le Gard à Ners [Pont RN 106] - Echelle Annonce de Crue (EAC);4.156874915;44.017147221;30;Le Gard;GARD
V718401501;Le Gard à Sainte-Anastasie [Russan];4.32027411;43.931512241;30;Le Gard;GARD
V718501801;Le Gard à Sanilhac-Sagriès [DREAL LR];4.430094222;43.938946506;30;Le Gard;GARD
V718502101;Le Gard à Sanilhac-Sagriès [La Baume] - La Baume;4.432140331;43.938297812;30;Le Gard;GARD
V712401902;Le Gard à Thoiras [Roucan];3.968626122;44.079509302;30;Le Gard;GARD
V712401901;Le Gard à Thoiras [Roucan] - Roucan;3.967579212;44.079596185;30;Le Gard;GARD
V715501001;Le Gardon d'Alès à Alès [Pont Vieux];4.078850426;44.120354719;30;Le Gardon d'Alès;GARD
V715501002;Le Gardon d'Alès à Alès [Pont Vieux] - aval pont Vieux RD;4.080012892;44.120182333;30;Le Gardon d'Alès;GARD
V715503001;Le Gardon d'Alès à Branoux-les-Taillades [Cambous];3.986394209;44.233353303;30;Le Gardon d'Alès;GARD
V715622901;Le Gardon d'Alès à Cendras [La Blaquière];4.059556054;44.148618448;30;Le Gardon d'Alès;GARD
V715622902;Le Gardon d'Alès à Cendras [La Blaquière] - Lacoste-La Vabreille;4.060046448;44.150355586;30;Le Gardon d'Alès;GARD
V715504001;Le Gardon d'Alès à Saint-Hilaire-de-Brethmas;4.101199426;44.096905125;30;Le Gardon d'Alès;GARD
V715503501;Le Gardon d'Alès à Sainte-Cécile-d'Andorge [Barrage de Sainte-Cécile-d'Andorge];3.980965035;44.242283002;30;Le Gardon d'Alès;GARD
V715622801;Le Gardon d'Alès à Sainte-Cécile-d'Andorge [aval du barrage des Cambous];3.98884222;44.233915102;30;Le Gardon d'Alès;GARD
V715623001;Le Gardon d'Alès à la Grand-Combe [EPTB Gardons];4.028312953;44.207291052;30;Le Gardon d'Alès;GARD
V713501001;Le Gardon de Saint-Jean à Corbès [Roc Courbe];3.960844727;44.073424354;30;Le Gardon de Saint-Jean;GARD
V713505301;Le Gardon de Saint-Jean à Saint-André-de-Valborgne - pont de l'Elze;3.69072214;44.150722416;30;Le Gardon de Saint-Jean;GARD
V713501701;Le Gardon de Saint-Jean à Saint-Jean-du-Gard [Bâtiment communal];3.883793139;44.10389704;30;Le Gardon de Saint-Jean;GARD
V713501702;Le Gardon de Saint-Jean à Saint-Jean-du-Gard [Bâtiment communal] - Echelle Annonce des Crues EAC - Pont vieux;3.880824679;44.104857717;30;Le Gardon de Saint-Jean;GARD
V713505401;Le Gardon de Saint-Jean à Saint-Jean-du-Gard [Pont de Camboneral];3.87278715;44.112241124;30;Le Gardon de Saint-Jean;GARD
V713503501;Le Gardon de Saint-Jean à Saumane;3.761804283;44.119853503;30;Le Gardon de Saint-Jean;GARD
V713504801;Le Gardon de Saint-Jean à Saumane [DREAL LR];3.771197193;44.113172142;30;Le Gardon de Saint-Jean;GARD
V713504501;Le Gardon de Saint-Jean à l'Estréchure [DREAL LR];3.807080501;44.101905645;30;Le Gardon de Saint-Jean;GARD
O330561001;Le Lingas à Dourbies [Lingas];3.518227392;44.047651423;30;Ruisseau du Lingas;GARD
V541000701;Le Luech à Chambon;4.043917009;44.306586846;30;Le Luech;GARD
V541000501;Le Luech à Chambon [DREAL LR];4.023275339;44.301943762;30;Le Luech;GARD
V541000401;Le Luech à Chambon [chamboredon];4.043672608;44.306640826;30;Le Luech;GARD
V541000601;Le Luech à Chamborigaud - Echelle d'Annonce de Crues (EAC);3.971501747;44.307427462;30;Le Luech;GARD
Y351403501;Le Petit Vistre ou Vistre de la Fontaine [Source de la Fontaine] à Nîmes - Fontaine de Nimes;4.348630718;43.840363041;30;Petit Vistre ou Vistre de la Fontaine;GARD
Y351402101;Le Petit Vistre ou Vistre de la Fontaine à Nîmes;4.378173141;43.803749755;30;Petit Vistre ou Vistre de la Fontaine;GARD
Y352501001;Le Rhony au Cailar;4.225457447;43.687057645;30;Le Rhony;GARD
Y352501301;Le Rhony à Vergèze [A 9];4.208174059;43.749170943;30;Le Rhony;GARD
V720000501;Le Rhône à Beaucaire [Pont de Beaucaire];4.649077876;43.804384672;30;Le Rhône;GARD
V523401103;Le Rhône à Chusclan - CNR;4.715881082;44.152038234;30;Le Rhône;GARD
V730000202;Le Rhône à Fourques - CNR;4.614199014;43.688581497;30;Le Rhône;GARD
V513101001;Le Rhône à Pont-Saint-Esprit;4.649295748;44.260350149;30;Le Rhône;GARD
V513101002;Le Rhône à Pont-Saint-Esprit - Échelle Annonce de Crues (EAC);4.650952836;44.258050556;30;Le Rhône;GARD
V548000101;Le Rhône à Roquemaure - Station partenaire CNR;4.80252266;44.04097698;30;Le Rhône;GARD
V523401101;Le Rhône à Saint-Étienne-des-Sorts;4.703936572;44.193001864;30;Le Rhône;GARD
Y340501001;Le Rieu Massel à Conqueyrac [Barrage de Ceyrac];3.909108031;43.917017617;30;Le Rieu Massel;GARD
Y210002101;Le Rieutord à Sumène;3.715034363;43.981158754;30;Le Rieutord;GARD
O335431001;Le Trèvezel à Trèves;3.389668605;44.076067525;30;Le Trèvezel;GARD
Y346402001;Le Vidourle à Aigues-Mortes [Portes du Vidourle];4.150654754;43.585233913;30;Le Vidourle;GARD
Y340402001;Le Vidourle à Conqueyrac [Barrage de Conqueyrac];3.928565802;43.951404499;30;Le Vidourle;GARD
Y346400501;Le Vidourle à Gallargues-le-Montueux [Autoroute A9];4.150629746;43.722998658;30;Le Vidourle;GARD
Y341400501;Le Vidourle à Quissac;3.999878214;43.906614962;30;Le Vidourle;GARD
Y340403001;Le Vidourle à Saint-Hippolyte-du-Fort;3.86254866;43.960836342;30;Le Vidourle;GARD
Y340501301;Le Vidourle à Saint-Hippolyte-du-Fort - Echelle d'Annonce de Crues (EAC);3.854360525;43.967959386;30;Le Vidourle;GARD
Y340501201;Le Vidourle à Saint-Hippolyte-du-Fort [la panserie] - La pansiere;3.852825862;43.969588019;30;Le Vidourle;GARD
Y345402001;Le Vidourle à Salinelles [Moulin de Runel];4.068202272;43.822257098;30;Le Vidourle;GARD
Y341401001;Le Vidourle à Sauve [Sabatier];3.981664456;43.925102647;30;Le Vidourle;GARD
Y345401001;Le Vidourle à Sommières [Mairie];4.089161083;43.782286005;30;Le Vidourle;GARD
Y344402001;Le Vidourle à Vic-le-Fesq;4.075321314;43.871131839;30;Le Vidourle;GARD
Y353401001;Le Vieux Vistre [lit mineur] au Cailar;4.244717494;43.670541399;30;Le Vieux Vistre;GARD
Y351402001;Le Vieux Vistre à Bernis;4.306220801;43.762719909;30;Le Vieux Vistre;GARD
Y351400501;Le Vieux Vistre à Caissargues;4.377693211;43.800466055;30;Le Vieux Vistre;GARD
Y351402301;Le Vieux Vistre à Caissargues [DREAL LR];4.350888097;43.791842097;30;Le Vieux Vistre;GARD
Y350000201;Le Vieux Vistre à Rodilhan [Pont de Car];4.42273789;43.833274557;30;Le Vieux Vistre;GARD
Y352401501;Le Vieux Vistre à Vauvert [après le rond point];4.247586473;43.687292117;30;Le Vieux Vistre;GARD
Y352501101;Le Vieux Vistre à Vestric-et-Candiac;4.263394589;43.719183624;30;Le Vieux Vistre;GARD
V713504601;Le ruisseau de Coulègne à Colognac [DREAL LR];3.828118554;44.026543949;30;Ruisseau de Coulègne;GARD
Y200002801;Valat des Trois Fontaines à Valleraugue - Valleraugue;44.0919762;3.5628687;30;Valat des Trois Fontaines;GARD
Y354000101;[La Méditerranée] au Grau-du-Roi - Marégraphe de Port-Camargue;4.12640193;43.520316771;30;;GARD
V713505201;[Ruisseau de Borgne] à Saumane;3.761721931;44.1258334;30;;GARD
O054000201;L'Arbas à Arbas - Arbas;0.900341662;42.984419154;31;L'Arbas;HAUTE-GARONNE
O055401001;L'Arbas à Castelbiague [Pont de Prades];0.928657393;43.046217661;31;L'Arbas;HAUTE-GARONNE
O079402001;L'Arize à Rieux-Volvestre;1.198581158;43.26019871;31;L'Arize;HAUTE-GARONNE
O079401001;L'Arize à Rieux-Volvestre [Volvestre];1.193607703;43.241706422;31;L'Arize;HAUTE-GARONNE
O171251001;L'Ariège à Auterive;1.466145232;43.36901469;31;L'Ariège;HAUTE-GARONNE
O171253001;L'Ariège à Auterive - HE;1.47487383;43.350053817;31;L'Ariège;HAUTE-GARONNE
O171251002;L'Ariège à Auterive - Origine;1.466145232;43.36901469;31;L'Ariège;HAUTE-GARONNE
O188251001;L'Ariège à Pinsaguel [Lacroix-Falgarde];1.408489172;43.498316941;31;L'Ariège;HAUTE-GARONNE
O203401001;L'Aussonnelle à Seilh;1.355595167;43.691837186;31;L'Aussonnelle;HAUTE-GARONNE
O217251001;L'Hers à Baziège;1.610943746;43.451194508;31;L'Hers Mort;HAUTE-GARONNE
O222251001;L'Hers à Toulouse [Pont de Périole];1.480100081;43.627769941;31;L'Hers Mort;HAUTE-GARONNE
O207000401;L'Ousseau [Exutoire l'Ousseau se jette dans le Touch] à Tournefeuille - Station installée sur un pont;1.351467627;43.581289854;31;L'Ousseau;HAUTE-GARONNE
O205000101;La Galage [L'Aiguebelle] à Fonsorbes;1.228021346;43.516657811;31;ruisseau l'aiguebelle;HAUTE-GARONNE
O020002001;La Garonne [partielle] à Saint-Gaudens [Valentine];0.706150546;43.097995649;31;La Garonne;HAUTE-GARONNE
O020004002;La Garonne [totale] à Saint-Gaudens [Valentine - récent];0.71143808;43.095318741;31;La Garonne;HAUTE-GARONNE
O020004001;La Garonne [totale] à Saint-Gaudens [Valentine - récent] - Valentine - ancien;0.71143808;43.095318741;31;La Garonne;HAUTE-GARONNE
O001004002;La Garonne à Arlos - Ancienne;0.707906136;42.888533513;31;La Garonne;HAUTE-GARONNE
O066001001;La Garonne à Carbonne;1.216575534;43.290621877;31;La Garonne;HAUTE-GARONNE
O005002001;La Garonne à Chaum;0.647726338;42.938900133;31;La Garonne;HAUTE-GARONNE
O000001001;La Garonne à Fos [Bossost];0.690576802;42.78196449;31;La Garonne;HAUTE-GARONNE
O001001001;La Garonne à Fos [Plan d'Arem];0.744714866;42.8584204;31;La Garonne;HAUTE-GARONNE
O001003001;La Garonne à Fos [Pont du Roy];0.736111651;42.848874407;31;La Garonne;HAUTE-GARONNE
O005002002;La Garonne à Fronsac;0.642407144;42.953475715;31;La Garonne;HAUTE-GARONNE
O029003001;La Garonne à Mancioux;0.957639731;43.157968396;31;La Garonne;HAUTE-GARONNE
O080001001;La Garonne à Marquefave;1.244784724;43.316871699;31;La Garonne;HAUTE-GARONNE
O082001001;La Garonne à Muret;1.328315214;43.458226636;31;La Garonne;HAUTE-GARONNE
O060001001;La Garonne à Palaminy;1.087581815;43.203709839;31;La Garonne;HAUTE-GARONNE
O060003001;La Garonne à Palaminy [Cazères];1.070928744;43.201847856;31;La Garonne;HAUTE-GARONNE
O200001001;La Garonne à Portet-sur-Garonne;1.415129717;43.526472748;31;La Garonne;HAUTE-GARONNE
O200001002;La Garonne à Portet-sur-Garonne - Origine;1.415129717;43.526472748;31;La Garonne;HAUTE-GARONNE
O001004001;La Garonne à Saint-Béat - Ancienne;0.691927455;42.915621565;31;La Garonne;HAUTE-GARONNE
O001004004;La Garonne à Saint-Béat - Aval-HG;0.69025246;42.916188331;31;La Garonne;HAUTE-GARONNE
O001004003;La Garonne à Saint-Béat - HE;0.692109399;42.915355576;31;La Garonne;HAUTE-GARONNE
O029001001;La Garonne à Saint-Martory;0.943441616;43.143536263;31;La Garonne;HAUTE-GARONNE
O200004002;La Garonne à Toulouse [Pont-Neuf] - Première pile rive droite;1.440123648;43.599423346;31;La Garonne;HAUTE-GARONNE
O200004001;La Garonne à Toulouse [Pont-Neuf] - Quai de Tounis;1.439964216;43.597961996;31;La Garonne;HAUTE-GARONNE
O243402101;La Gesse [Prise] à Villeneuve-Lécussan;0.465552985;43.155092519;31;La Gesse;HAUTE-GARONNE
O243402001;La Gesse à Boulogne-sur-Gesse;0.664847607;43.272530301;31;La Gesse;HAUTE-GARONNE
O270000101;La Gimone à Lunax;0.682588719;43.339824213;31;La Gimone;HAUTE-GARONNE
O187401001;La Lèze à Labarthe-sur-Lèze;1.406773789;43.451301047;31;La Lèze;HAUTE-GARONNE
O029531001;La Noue à Laffite-Toupière [Moulin Laffite];0.914830543;43.170609848;31;La Noue;HAUTE-GARONNE
O004402001;La Pique à Bagnères-de-Luchon;0.602625785;42.805905346;31;La Pique;HAUTE-GARONNE
O004401001;La Pique à Cier-de-Luchon;0.603184881;42.853382011;31;La Pique;HAUTE-GARONNE
O221501001;La Saune à Quint-Fonsegrives;1.548307758;43.574698304;31;La Saune;HAUTE-GARONNE
O256292001;La Save à Grenade;1.288653049;43.770315603;31;La Save;HAUTE-GARONNE
O255000201;La Save à Larra;1.244217269;43.728025068;31;La Save;HAUTE-GARONNE
O245291001;La Save à l'Isle-en-Dodon;0.839273194;43.377787735;31;La Save;HAUTE-GARONNE
O023401001;Le Ger à Aspet [1];0.797218682;43.017435104;31;Le Ger;HAUTE-GARONNE
O023402001;Le Ger à Aspet [2];0.795511873;43.02114816;31;Le Ger;HAUTE-GARONNE
O232401001;Le Girou à Bourg-Saint-Bernard;1.690766224;43.62378027;31;Le Girou;HAUTE-GARONNE
O232401002;Le Girou à Bourg-Saint-Bernard - 2;1.719738781;43.615009478;31;Le Girou;HAUTE-GARONNE
O234401001;Le Girou à Cépet;1.433795114;43.752780707;31;Le Girou;HAUTE-GARONNE
O166291001;Le Grand Hers à Calmont;1.595354656;43.292483263;31;Le Grand Hers;HAUTE-GARONNE
O221591001;Le Jean de Dieu à Aurin;1.691964386;43.536479841;31;Ruisseau de Jean de Dieu;HAUTE-GARONNE
O024431001;Le Job à Encausse-les-Thermes;0.741467318;43.049794388;31;Le Job;HAUTE-GARONNE
O095000101;Le Louge au Fousseret;1.059949647;43.267263834;31;La Louge;HAUTE-GARONNE
O093401001;Le Louge à Francon;0.997279135;43.250454223;31;La Louge;HAUTE-GARONNE
O098401001;Le Louge à Muret;1.31701044;43.459968421;31;La Louge;HAUTE-GARONNE
O001531001;Le Maudan à Melles - [Fos];0.747808596;42.867149436;31;Ruisseau de Maudan;HAUTE-GARONNE
O059251001;Le Salat à Roquefort-sur-Garonne;0.973925196;43.15444263;31;Le Salat;HAUTE-GARONNE
O493101001;Le Tarn à Villemur-sur-Tarn;1.495553357;43.880325538;31;Le Tarn;HAUTE-GARONNE
O493101002;Le Tarn à Villemur-sur-Tarn - Origine;1.495662523;43.88042375;31;Le Tarn;HAUTE-GARONNE
O193431001;Le Touch à Bérat;1.173668496;43.384108789;31;Le Touch;HAUTE-GARONNE
O196431001;Le Touch à Plaisance-du-Touch;1.304248491;43.565572637;31;Le Touch;HAUTE-GARONNE
O205000201;Le Touch à Saint-Lys;1.243609313;43.50470825;31;Le Touch;HAUTE-GARONNE
O198431001;Le Touch à Toulouse [Saint-Martin-du-Touch];1.3761835;43.598683273;31;Le Touch;HAUTE-GARONNE
O218681001;Le Tricou à Labège;1.525872115;43.530643374;31;Ruisseau de Tricou;HAUTE-GARONNE
O200008001;Le bras inférieur de la Garonne à Toulouse - St-Michel;1.43915079;43.591902739;31;Bras Inférieur Garonne;HAUTE-GARONNE
O020671001;Le canal d'Auné à Saint-Gaudens;0.709623433;43.097115758;31;Canal d'Auné;HAUTE-GARONNE
O090000101;Le canal de Franquevielle à Cardeilhac à Franquevielle;0.50697013;43.119630258;31;Canal de Franquevielle à Cardeilhac;HAUTE-GARONNE
O207000201;Le canal de Saint-Martory [Dodin Fin canal St Martory se jette dans fossé menant à la rivière Touch] à Tournefeuille;1.365388783;43.575364658;31;Canal de Saint-Martory;HAUTE-GARONNE
O095000201;Le canal de Saint-Martory [Réalimentation Louge par siphon de Louge] au Fousseret;1.065470054;43.27060175;31;Canal de Saint-Martory;HAUTE-GARONNE
O029021002;Le canal de Saint-Martory à Mancioux;0.951441972;43.151822409;31;Canal de Saint-Martory;HAUTE-GARONNE
O029021001;Le canal de Saint-Martory à Saint-Martory;0.94035412;43.144665006;31;Canal de Saint-Martory;HAUTE-GARONNE
O029531202;Le canal de Saint-Martory à Saint-Martory [Prise en Garonne] - Sonde Rittmeyer;0.935929297;43.143372017;31;Canal de Saint-Martory;HAUTE-GARONNE
O029531201;Le canal de Saint-Martory à Saint-Martory [Prise en Garonne] - radar puit;0.934526512;43.143110457;31;Canal de Saint-Martory;HAUTE-GARONNE
O029531301;Le canal de Saint-Martory à Saint-Martory [Sonde aval];0.938391019;43.14396385;31;Canal de Saint-Martory;HAUTE-GARONNE
O024431101;Le ruisseau de la Maure à Izaut-de-l'Hôtel - Mourou;0.738541419;43.016028706;31;Ruisseau de la Maure;HAUTE-GARONNE
O023402101;Le ruisseau des Goutes à Milhas [MILHAS Laouech];0.808022059;42.976250066;31;Ruisseau des Goutes;HAUTE-GARONNE
O282000101;Le ruisseau du Pest à Laréole [Cologne];1.004892115;43.731769217;31;Ruisseau du Pest;HAUTE-GARONNE
O200008201;[Exutoire du canal Cottes Goubard (Lou Verdai) réalimentant la Saudrune] à Villeneuve-Tolosane - Sonde LT-US;1.367876125;43.528338647;31;;HAUTE-GARONNE
O200008101;[Exutoire du canal Peyramond se jettant dans la Louge via l'Aussau] à Muret - Exutoire canal Peyramond sans seuil (poutre);1.304916695;43.459791791;31;;HAUTE-GARONNE
O005002201;[Naou Hounts] à Bagnères-de-Luchon;0.60873476;42.753911026;31;;HAUTE-GARONNE
O240000201;[Prise de la Seygouade] à Villeneuve-Lécussan;0.456521228;43.1444137;31;;HAUTE-GARONNE
O005002301;à Esténos [Source Castech à Esténos];0.634097217;42.936017567;31;;HAUTE-GARONNE
Q045001001;L'Adour à Cahuzac-sur-Adour;-0.019904931;43.641091543;32;L'Adour;GERS
Q074001001;L'Adour à Corneillan;-0.170390443;43.66340675;32;L'Adour;GERS
Q074002001;L'Adour à Riscle;-0.08104267;43.66388649;32;L'Adour;GERS
O605401001;L'Arrats à Aubiet;0.779229906;43.646078156;32;L'Arrats;GERS
O606401001;L'Arrats à Mauvezin;0.872881067;43.731538373;32;L'Arrats;GERS
O609000101;L'Arrats à Saint-Antoine;0.852012;44.041260055;32;L'Arrats;GERS
Q061251001;L'Arros à Juillac;0.108652804;43.545043464;32;L'Arros;GERS
Q067231001;L'Arros à Plaisance;0.049290799;43.60667884;32;L'Arros;GERS
Q061252001;L'Arros à Villecomtal-sur-Arros;0.196979119;43.400998299;32;L'Arros;GERS
Q061253001;L'Arros à Villecomtal-sur-Arros [RN21];0.196844867;43.401219873;32;L'Arros;GERS
O665401001;L'Auloue à Castéra-Verduzan;0.430987336;43.804783384;32;L'Auloue;GERS
O678431001;L'Auzoue à Montréal;0.196388989;43.950238238;32;L'Auzoue;GERS
Q209000101;L'Izaute à Monlezun-d'Armagnac;-0.152311852;43.824972023;32;L'Izaute;GERS
O680000201;L'Osse à Miélan [Castex];0.324277259;43.399349769;32;L'Osse;GERS
O682461001;L'Osse à Montesquiou;0.33878112;43.604973827;32;L'Osse;GERS
O687000201;L'Osse à Mouchan;0.293407055;43.905463456;32;L'Osse;GERS
O683000201;L'Osse à Roquebrune;0.313205215;43.727535689;32;L'Osse;GERS
O686461001;L'Osse à Vic-Fezensac;0.304807851;43.758742135;32;L'Osse;GERS
Q068000201;La Barne à Tasque [Peyrens];0.03229155;43.630598828;32;La Barne;GERS
O662000201;La Baïse à Beaucaire;0.380984302;43.852304558;32;La Baïse;GERS
O661291101;La Baïse à Biran;0.392870015;43.696584181;32;La Baïse;GERS
O666292001;La Baïse à Condom;0.368414663;43.956615169;32;La Baïse;GERS
O666291001;La Baïse à Condom [Graziac];0.364954977;43.918190232;32;La Baïse;GERS
O655000101;La Baïse à Estipouy [Mouches];0.409785733;43.557293096;32;La Baïse;GERS
O658000101;La Baïse à Lamazère;0.449851087;43.556388489;32;La Baïse;GERS
O654294001;La Baïse à Mirande;0.412098674;43.515732762;32;La Baïse;GERS
O661291001;La Baïse à Saint-Jean-Poutge;0.380316423;43.723625508;32;La Baïse;GERS
O656431001;La Baïse à Viozan;0.478105632;43.39448273;32;La Baïse;GERS
O658000201;La Baïse à l'Isle-de-Noé;0.413328111;43.58979595;32;La Baïse;GERS
Q224291001;La Douze à Cazaubon;-0.081396704;43.936649347;32;La Douze;GERS
O274331101;La Gimone [CACG] à Gimont [CACG];0.880999683;43.639990426;32;La Gimone;GERS
O274331001;La Gimone à Gimont;0.870142648;43.62964297;32;La Gimone;GERS
O671331001;La Gélise à Eauze;0.112945;43.86929433;32;La Gélise;GERS
O272000201;La Lauze à Sémézies-Cachan [Faget-Abbatial];0.729767127;43.497797172;32;La Lauze;GERS
Q204251001;La Midouze [Le Midou] à Nogaro;-0.025203172;43.764031696;32;La Midouze;GERS
Q206000101;La Midouze [le Midour] à Laujuzan;-0.116819094;43.821498636;32;La Midouze;GERS
O246293201;La Save [CACG] à Lombez [CACG];0.881517814;43.453239341;32;La Save;GERS
O246293001;La Save à Lombez;0.911995475;43.475331701;32;La Save;GERS
O252291001;La Save à l'Isle-Jourdain;1.078444713;43.613688282;32;La Save;GERS
Q066402002;Le Bouès à Beaumarchés;0.114991719;43.559788614;32;Le Bouès;GERS
Q066402001;Le Bouès à Juillac;0.1242417;43.554812162;32;Le Bouès;GERS
Q065000301;Le Bouès à Marciac;0.160469603;43.529666112;32;Le Bouès;GERS
Q064402001;Le Bouès à Miélan;0.291363069;43.426157475;32;Le Bouès;GERS
O630252001;Le Gers à Auch;0.595097843;43.665836097;32;Le Gers;GERS
O630252201;Le Gers à Auch - Ancien;0.587487395;43.644539408;32;;GERS
O633251101;Le Gers à Fleurance;0.670837768;43.848083817;32;Le Gers;GERS
O633251001;Le Gers à Lectoure;0.61086991;43.933895144;32;Le Gers;GERS
O622251001;Le Gers à Masseube;0.585748742;43.42888025;32;Le Gers;GERS
O631000101;Le Gers à Montestruc-sur-Gers;0.627913956;43.7909801;32;Le Gers;GERS
O621251101;Le Gers à Panassac;0.568331546;43.38338834;32;Le Gers;GERS
Q068000101;Le Las à Tasque [R-CASSAGNAC (LAAS)];0.016670577;43.637536554;32;Le Las;GERS
Q109402002;Le Lées à Bernède;-0.23663307;43.678349215;32;Le Lées;GERS
Q109402001;Le Lées à Lannux;-0.234488337;43.647181695;32;Le Lées;GERS
O625401001;Le Sousson à Saint-Jean-le-Comtal;0.538124404;43.570362943;32;Le Sousson;GERS
O273501001;Le bras de la Gimone à Tirent-Pontéjac;0.799657672;43.55728321;32;Bras de la Gimone;GERS
O623501001;Le bras du Gers à Orbessan;0.615231269;43.542910242;32;Bras du Gers;GERS
Q045001101;Le canal d'Alaric [Restitution Adour] à Izotges;-0.016396752;43.643656868;32;Canal d'Alaric;GERS
Q036001101;Le canal d'Alaric [Restitution] à Tieste-Uragnoux [Moulin des Charrutots - R-Alaric];0.014416982;43.552269424;32;Canal d'Alaric;GERS
Q067231101;Le canal de Cassagnac à Plaisance [Restitution];0.046833299;43.608682966;32;Canal de Cassagnac;GERS
Q036001201;Le canal de Cassagnac à Tieste-Uragnoux [Prise - Moulin des Charrutots (TC)];0.014287487;43.552617008;32;Canal de Cassagnac;GERS
Q212000201;Le ruisseau de Houeillède à Lannemaignan;-0.200250709;43.914631941;32;Ruisseau de Houeillède;GERS
Q061391001;Le ruisseau de Larté à Ladevèze-Rivière;0.098404634;43.54552618;32;Ruisseau de Larté;GERS
O251741001;Le ruisseau de Montoussé à Auradé;1.060068262;43.562942178;32;Ruisseau de Montoussé;GERS
S121502501;Craste Castagnot à Saumos - [152 - Craste Castagnot];-1.030140639;44.928799618;33;Craste Castagnot;GIRONDE
S121502701;Craste Courtieux à Saumos - [161 - Craste Courtieux];-0.991381844;44.887304136;33;Craste Courtieux;GIRONDE
S121502101;Craste Dreyt à Lacanau - [137 - Craste Dreyt];-1.106275036;44.923690968;33;Craste Dreyt;GIRONDE
S121501801;Craste Neuve au Temple - [101 - Craste Neuve];-0.977646219;44.85970604;33;Craste Neuve;GIRONDE
S121501901;Craste de Goupilleyre au Porge - [105 - Craste de la Goupilleyre];-1.04814524;44.875587429;33;Craste de Goupilleyre;GIRONDE
S121502001;Craste de Goupilleyre au Porge - [107];-1.127533499;44.831016668;33;Craste de Goupilleyre;GIRONDE
S121502901;Craste de Goupilleyre au Porge - [181 - Craste de la Goupilleyre];-1.081731555;44.90758768;33;Craste de Goupilleyre;GIRONDE
S121501401;Craste de l'Eyron à Saumos - [77 - Craste de l'Eyron];-0.984212109;44.941453938;33;Craste de l'Eyron;GIRONDE
S121501501;Craste du Pont des Tables à Lacanau - [91];-1.002654032;45.002586918;33;Craste du Pont des Tables;GIRONDE
S121501601;Craste du Pont des Tables à Lacanau - [96 - Pont des Tables];-1.087724466;44.995335232;33;Craste du Pont des Tables;GIRONDE
P726151001;L'Isle à Abzac;-0.126061563;45.021919912;33;L'Isle;GIRONDE
P817000101;L'Isle à Savignac-de-l'Isle;-0.23331829;44.986888098;33;L'Isle;GIRONDE
P931501001;La Barbanne à Puisseguin [Moulin de Bassat];-0.059420482;44.925179729;33;La Barbanne;GIRONDE
O919561401;La Bassanne à Aillas;-0.054306632;44.4685979;33;La Bassanne;GIRONDE
S121501001;La Berle de la Garroueyre à Hourtin;-1.045032087;45.126712049;33;Berle de la Garroueyre;GIRONDE
S120511101;La Craste Matouse à Hourtin - [191 - Craste de la Matouse];-1.072043255;45.199002247;33;Craste Matouse;GIRONDE
S120511001;La Craste Matouse à Hourtin [Nord];-1.07186191;45.198963784;33;Craste Matouse;GIRONDE
P916000101;La Dordogne à Bayon-sur-Gironde - Bec d'Ambès;-0.60355366;45.04050302;33;La Dordogne;GIRONDE
P577001001;La Dordogne à Libourne;-0.248825173;44.912917261;33;La Dordogne;GIRONDE
P555001001;La Dordogne à Pessac-sur-Dordogne;0.078035443;44.82123349;33;La Dordogne;GIRONDE
P846251001;La Dronne à Coutras;-0.132252324;45.041957307;33;La Dronne;GIRONDE
P846252001;La Dronne à Coutras [aval];-0.133364821;45.038673049;33;La Dronne;GIRONDE
O979000101;La Garonne à Ambès - Le Marquis;-0.5596302;45.0031247;33;La Garonne;GIRONDE
O972001101;La Garonne à Bassens;-0.537295191;44.904184182;33;La Garonne;GIRONDE
O972001001;La Garonne à Bordeaux;-0.552717678;44.859971896;33;La Garonne;GIRONDE
O972001002;La Garonne à Bordeaux - Station GPMB;-0.552561613;44.859508244;33;La Garonne;GIRONDE
O960001001;La Garonne à Cadillac;-0.324223318;44.635550635;33;La Garonne;GIRONDE
O960001002;La Garonne à Cadillac - ancienne station;-0.322390224;44.634425362;33;La Garonne;GIRONDE
O945001001;La Garonne à Langon;-0.246907504;44.556325267;33;La Garonne;GIRONDE
O945001002;La Garonne à Langon - Airbus;-0.238005473;44.557767082;33;La Garonne;GIRONDE
O919001001;La Garonne à la Réole;-0.034612117;44.579311754;33;La Garonne;GIRONDE
S224251001;La Grande Leyre à Salles;-0.871323646;44.547838621;33;La Grande Leyre;GIRONDE
S114000201;La Jalle de Castelnau à Castelnau-de-Médoc;-0.785075863;45.030961557;33;Jalle de Castelnau;GIRONDE
O978531001;La Jalle de Ludon au Pian-Médoc;-0.686723334;44.9569724;33;La Jalle de Ludon;GIRONDE
S036401001;La Livenne [partielle] à Saint-Aubin-de-Blaye;-0.570282714;45.24825;33;La Livenne;GIRONDE
O968531001;La Pimpine à Cénac;-0.477555535;44.786219794;33;La Pimpine;GIRONDE
O942401001;Le Beuve à Lados;-0.161174918;44.474323372;33;Le Beuve;GIRONDE
O956401001;Le Ciron à Préchac;-0.342980562;44.410375829;33;Le Ciron;GIRONDE
O957000101;Le Ciron à Villandraut;-0.365956846;44.454086406;33;Le Ciron;GIRONDE
O937251002;Le Dropt à Loubens;-0.033595652;44.631899327;33;Le Dropt;GIRONDE
O937251001;Le Dropt à Saint-Sulpice-de-Guilleragues;0.053305829;44.644727626;33;Le Dropt;GIRONDE
O965000101;Le Gat-Mort à Saint-Selve;-0.482638912;44.670791138;33;Le Gat-Mort;GIRONDE
P941401001;Le Moron à Saint-Christoly-de-Blaye;-0.479082722;45.1387723;33;Le Moron;GIRONDE
S121502201;Le canal de Caupos à Lacanau - [139 - Canal de Caupos];-1.070345515;44.931005465;33;Canal de Caupos;GIRONDE
S121502301;Le canal de Caupos à Lacanau - [141 - Canal de Caupos];-1.044523631;44.940456824;33;Canal de Caupos;GIRONDE
S036431001;Le canal de Saint-Simon à Saint-Aubin-de-Blaye;-0.5710909;45.249711395;33;Canal de Saint-Simon;GIRONDE
S121501701;Le canal de la Berle à Lacanau - [98 - Canal de la Berle];-1.080527041;44.973268861;33;Canal de la Berle;GIRONDE
S121501301;Le canal de la Berle à Sainte-Hélène - [73 - Craste de la Levade];-0.975581639;44.958032675;33;Canal de la Berle;GIRONDE
S131501001;Le canal des Etangs au Porge [Lauros];-1.151321425;44.838235703;33;canal des étangs;GIRONDE
S112000101;Le chenal du Milieu [La Gironde] à Cussac-Fort-Médoc - Médoc - Station GPMB;-0.700267764;45.117264068;33;Chenal du Milieu;GIRONDE
S224551001;Le fossé de la Longère à Belin-Béliet [Lugos];-0.913187107;44.448144788;33;Fossé de la Longère;GIRONDE
P943511001;Le ruisseau de Bourdillot à Pugnac;-0.481487171;45.088072503;33;ruisseau de bourdillot;GIRONDE
S223561001;Le ruisseau de Bouron à Belin-Béliet [Moulin du Moine];-0.772161902;44.465132075;33;Ruisseau de Bouron;GIRONDE
P571521001;Le ruisseau de Gourmeron à Martres [Boissonneau];-0.153494907;44.711218653;33;Ruisseau de Gourmeron;GIRONDE
S223501001;Le ruisseau de Lilaire à Belin-Béliet [Muret];-0.821276993;44.420224712;33;Ruisseau de Lilaire;GIRONDE
S227511001;Le ruisseau de Tagon à Biganos;-0.98922007;44.659000227;33;Ruisseau de Tagon;GIRONDE
P571501001;Le ruisseau de l'Engranne à Baigneaux;-0.176203099;44.724913556;33;Ruisseau de l'Engranne;GIRONDE
P927401001;Le ruisseau de la Saye à Périssac;-0.291286856;45.013667915;33;Ruisseau de la Saye;GIRONDE
P568561001;Le ruisseau du Courbut à Ruch;-0.033723516;44.770453263;33;Ruisseau du Courbut;GIRONDE
S121502401;[Etang de la Levade] à Sainte-Hélène - [149 - Etang de la Levade];-0.97874486;44.958255783;33;;GIRONDE
O919561701;[La Bassanne] à Savignac;-0.105816239;44.520636408;33;;GIRONDE
O919621001;[La Cadanne] à Pondaurat;-0.074986325;44.524500122;33;;GIRONDE
S100001001;[La Gironde] au Verdon-sur-Mer;-1.0616001;45.563826611;33;;GIRONDE
S100001002;[La Gironde] au Verdon-sur-Mer - Station GPMB;-1.0616001;45.563826611;33;;GIRONDE
S100001003;[La Gironde] au Verdon-sur-Mer - Station SHOM;-1.06152458;45.568400792;33;;GIRONDE
S100001301;[La Gironde] à Jau-Dignac-et-Loirac - Richard - Station GPMB;-0.925203184;45.443274991;33;;GIRONDE
S110000201;[La Gironde] à Pauillac;-0.746250947;45.218048742;33;;GIRONDE
S110000202;[La Gironde] à Pauillac - Station GPMB;-0.746070671;45.219542163;33;;GIRONDE
S102000101;[La Gironde] à Saint-Yzans-de-Médoc - Lamena - Station GPMB;-0.795241017;45.335740256;33;;GIRONDE
S121502601;[Lagune Saumos-sud] à Saumos - [160 - Lagune Saumos sud];-0.984848858;44.895731673;33;;GIRONDE
O967521001;[Le Jaugat] à Saucats [Argilas];-0.621402052;44.638504091;33;;GIRONDE
O967501001;[Le Saucats] à Saucats;-0.642070302;44.661040547;33;;GIRONDE
O962053101;[Le ruisseau des Hountettes] à Illats [source du Lavoir];-0.373129957;44.598953699;33;;GIRONDE
S121502801;au Porge - [174 - Le Canal];-1.128607823;44.825398085;33;;GIRONDE
S121501201;à Lanton - [102];-0.960495896;44.830117144;33;;GIRONDE
O400101101;L'Agout à Fraisse-sur-Agout [EDF];2.812662304;43.619293345;34;L'Agout;HERAULT
Y144502101;L'Espène à Olonzac;2.73492418;43.283892494;34;L'Espène;HERAULT
Y237002001;L'Hérault à Agde - Ecluse de Prades;3.47833641;43.326099291;34;L'Hérault;HERAULT
Y230002001;L'Hérault à Aspiran;3.470100762;43.570381096;34;L'Hérault;HERAULT
Y230001001;L'Hérault à Canet - Hérault;3.493030496;43.597668458;34;L'Hérault;HERAULT
Y213001001;L'Hérault à Causse-de-la-Selle [Moulin de Bertrand];3.664942463;43.80749888;34;L'Hérault;HERAULT
Y237001001;L'Hérault à Florensac;3.447874647;43.384668967;34;L'Hérault;HERAULT
Y237001002;L'Hérault à Florensac;3.446707161;43.384050257;34;L'Hérault;HERAULT
Y210001001;L'Hérault à Ganges;3.702161;43.932107561;34;L'Hérault;HERAULT
Y214001001;L'Hérault à Gignac;3.537415346;43.663764497;34;L'Hérault;HERAULT
Y214001002;L'Hérault à Gignac - Aval;3.534623845;43.651522709;34;L'Hérault;HERAULT
Y210002001;L'Hérault à Laroque;3.735831751;43.915407175;34;L'Hérault;HERAULT
Y233001001;L'Hérault à Montagnac;3.445574088;43.474735303;34;L'Hérault;HERAULT
Y233001002;L'Hérault à Montagnac;3.44418881;43.476126523;34;L'Hérault;HERAULT
Y213001002;L'Hérault à Puéchabon [Moulin de Bertrand];3.618589861;43.746389737;34;L'Hérault;HERAULT
Y214002001;L'Hérault à Saint-Guilhem-le-Désert [La Combe du Corps];3.599180401;43.749188877;34;L'Hérault;HERAULT
Y256003001;L'Ilouvre [source] à Babeau-Bouldoux [Poussarou];2.895633394;43.454305209;34;Ruisseau d'Ilouvre;HERAULT
Y250003101;L'Orb à Avène;3.093367847;43.765697176;34;L'Orb;HERAULT
Y250002001;L'Orb à Avène [Truscas];3.128214172;43.726024561;34;L'Orb;HERAULT
Y251002001;L'Orb à Bédarieux;3.157282344;43.616029815;34;L'Orb;HERAULT
Y251003001;L'Orb à Bédarieux [Hérépian];3.137105618;43.594273749;34;L'Orb;HERAULT
Y258002002;L'Orb à Béziers [Béziers] - Pont neuf;3.208215241;43.338453385;34;L'Orb;HERAULT
Y258001002;L'Orb à Béziers [Tabarka];3.175997983;43.370689508;34;L'Orb;HERAULT
Y258001001;L'Orb à Béziers [Tabarka] - Ancienne;3.175725534;43.370312111;34;L'Orb;HERAULT
Y250001001;L'Orb à Ceilhes-et-Rocozels;3.121987883;43.80298802;34;L'Orb;HERAULT
Y257001001;L'Orb à Cessenon-sur-Orb;3.046691065;43.45082769;34;L'Orb;HERAULT
Y257404001;L'Orb à Cessenon-sur-Orb [Base canoé de Réals] - Base canoé;3.087817041;43.437424158;34;L'Orb;HERAULT
Y257005001;L'Orb à Cessenon-sur-Orb [Réals];3.09011276;43.437017426;34;L'Orb;HERAULT
Y250003001;L'Orb à Lunas [Cazilhac] - Cazilhac;3.152622501;43.717210656;34;L'Orb;HERAULT
Y257002001;L'Orb à Thézan-lès-Béziers [Pont Doumergue];3.132476241;43.412224478;34;L'Orb;HERAULT
Y255001002;L'Orb à Vieussan - Aval;2.9858399;43.534715464;34;L'Orb;HERAULT
Y251001001;L'Orb à la Tour-sur-Orb [Boubals];3.16417189;43.664959238;34;L'Orb;HERAULT
Y345402401;La Bénovie à Buzignargues - Source de Fontbonne;43.7790711;3.9976201;34;La Bénovie;HERAULT
Y160506001;La Cesse à Agel;2.83757319;43.342220167;34;La Cesse;HERAULT
Y160501001;La Cesse à la Caunette;2.789858541;43.346186209;34;La Cesse;HERAULT
Y160503001;La Cesse à la Livinière [Cantignergues];2.651200125;43.370189625;34;La Cesse;HERAULT
Y221001001;La Lergue à Lodève;3.323993421;43.728488528;34;La Lergue;HERAULT
Y221001002;La Lergue à Lodève - Hauteur;3.323993421;43.728488528;34;La Lergue;HERAULT
Y252001001;La Mare à Saint-Gervais-sur-Mare;3.052249903;43.656819404;34;La Mare;HERAULT
Y252002002;La Mare à Villemagne-l'Argentière;3.120552724;43.617291459;34;La Mare;HERAULT
Y252002001;La Mare à Villemagne-l'Argentière - Le Pradal;3.111344136;43.626577997;34;La Mare;HERAULT
Y311000201;La Mosson [Ruisseau de l'Avy - affluent de la Mosson] à Grabels - Source Avy;3.792233956;43.646754245;34;La Mosson;HERAULT
Y311000301;La Mosson à Juvignac;3.81719941;43.615305578;34;La Mosson;HERAULT
Y314001001;La Mosson à Saint-Jean-de-Védas;3.821010639;43.552503815;34;La Mosson;HERAULT
Y234001101;La Peyne à Pézenas;3.423689251;43.463918743;34;La Peyne;HERAULT
Y234001001;La Peyne à Roujan;3.310067812;43.521731307;34;La Peyne;HERAULT
Y234001002;La Peyne à Vailhan;3.300761787;43.546158146;34;La Peyne;HERAULT
Y160541001;Le Briant à Minerve;2.741373036;43.363866445;34;Le Briant;HERAULT
Y334001001;Le Dardaillon à Saint-Just;4.112765185;43.65369449;34;Le Dardaillon;HERAULT
Y251003201;Le Graveson à Lunas;3.183372553;43.703944656;34;Le Graveson;HERAULT
Y254003001;Le Jaur à Mons [La Trivalle];2.942168764;43.562871588;34;Le Jaur;HERAULT
Y254002001;Le Jaur à Olargues - Amont;2.910681173;43.553879862;34;Le Jaur;HERAULT
Y254002003;Le Jaur à Olargues - Ancienne;2.91120102;43.553709339;34;Le Jaur;HERAULT
Y254002002;Le Jaur à Olargues - Aval;2.915290002;43.557653452;34;Le Jaur;HERAULT
Y254002004;Le Jaur à Olargues - sncf;2.91788505;43.557824674;34;Le Jaur;HERAULT
Y254001001;Le Jaur à Saint-Pons-de-Thomières;2.7810449;43.485749216;34;Le Jaur;HERAULT
Y320001001;Le Lez [source] à Saint-Clément-de-Rivière;3.847281832;43.716477128;34;Le lez;HERAULT
Y321002001;Le Lez à Lattes [3ème écluse];3.895080838;43.562967873;34;Le lez;HERAULT
Y320002001;Le Lez à Montferrier-sur-Lez [Lavalette];3.87075972;43.651465264;34;Le lez;HERAULT
Y321002101;Le Lez à Montpellier - Trinquat;3.904095942;43.592487899;34;Le lez;HERAULT
Y321001001;Le Lez à Montpellier [Pont Garigliano];3.896731869;43.618769845;34;Le lez;HERAULT
Y241001001;Le Libron à Magalas [Saint-Jean];3.198451918;43.488199857;34;Le Libron;HERAULT
Y320003001;Le Lirou au Triadou [Pont du Lien];3.867579771;43.728780761;34;Le Lirou;HERAULT
Y258051001;Le Lirou à Puisserguier;3.039936723;43.362593774;34;Le Lirou;HERAULT
Y257003001;Le Rieutort à Saint-Nazaire-de-Ladarez [Barrac];3.123481365;43.504937576;34;Le Rieutort;HERAULT
Y223001001;Le Salagou à Clermont-l'Hérault [Mas Audran];3.414124288;43.669144801;34;Le Salagou;HERAULT
Y331001001;Le Salaison à Mauguio;3.994666452;43.610152016;34;Le Salaison;HERAULT
Y257004001;Le Taurou à Cabrerolles [La Liquière];3.153337542;43.520914331;34;Le Taurou;HERAULT
Y256001001;Le Vernazobre [source] à Babeau-Bouldoux [Malibert];2.87768208;43.446126439;34;Le Vernazobre;HERAULT
Y256002001;Le Vernazobre à Saint-Chinian;2.946271576;43.422782046;34;Le Vernazobre;HERAULT
Y346401001;Le Vidourle [Vidourle aval] à Marsillargues;4.181136155;43.667839734;34;Le Vidourle;HERAULT
Y160502001;Le ruisseau de Campredon à Ferrals-les-Montagnes;2.63398202;43.403662186;34;Ruisseau de Campredon;HERAULT
Y303000101;[La Méditerranée] à Sète - Marégraphe au port de pêche;3.698877431;43.397689238;34;;HERAULT
Y144502001;[Un affluent de l'Ognon] à Félines-Minervois [Hameau de Camplong];2.595887842;43.353255309;34;;HERAULT
J860241001;L'Aff à Paimpont - Pont du Secret;-2.142756113;47.982260503;35;l'Aff;ILLE-ET-VILAINE
J870241001;L'Aff à Sixt-sur-Aff - Pont D 55;-2.08351787;47.784547726;35;l'Aff;ILLE-ET-VILAINE
I912201001;L'Airon à Louvigné-du-Désert - Moulin du Pont;-1.071908022;48.486959222;35;L'Airon;ILLE-ET-VILAINE
J710301001;L'Ille à Montreuil-sur-Ille - Ecluse d'Ille;-1.672535487;48.296307789;35;;ILLE-ET-VILAINE
J711401001;L'Illet à Chasné-sur-Illet - Le Bas Janson;-1.574945953;48.247194238;35;l'Illet;ILLE-ET-VILAINE
J747000101;L'Ise à Bourgbarré - Pont D 39;-1.612181333;47.998309136;35;l'Ise;ILLE-ET-VILAINE
J705301001;La Cantache à Champeaux - Rabaud;-1.273471112;48.13660229;35;la Cantache;ILLE-ET-VILAINE
J705302001;La Cantache à Pocé-les-Bois [retenue Cantache] - Hauteur;-1.292951052;48.127648644;35;la Cantache;ILLE-ET-VILAINE
J704301001;La Cantache à Taillis - La Basse Molière;-1.224970969;48.162753046;35;la Cantache;ILLE-ET-VILAINE
J736422001;La Chèze à Plélan-le-Grand - L'Enlevrier;-2.039535449;48.008943181;35;la Chèze;ILLE-ET-VILAINE
J736421001;La Chèze à Saint-Thurial;-1.950624023;48.025805518;35;la Chèze;ILLE-ET-VILAINE
J721401001;La Flume à Pacé - Tixuë;-1.779692486;48.180859874;35;la Flume;ILLE-ET-VILAINE
J014401001;La Loisance à Saint-Ouen-la-Rouërie - Moulin Neuf;-1.435815393;48.427932361;35;;ILLE-ET-VILAINE
J014421001;La Loisance à Saint-Étienne-en-Coglès - La Cour;-1.323686429;48.406523314;35;;ILLE-ET-VILAINE
J011000101;La Minette à Chauvigné;-1.447622505;48.346188092;35;la Minette;ILLE-ET-VILAINE
J705401001;La Pérouse à Montreuil-sous-Pérouse - Pont D 179;-1.222315838;48.152124992;35;la Pérouse;ILLE-ET-VILAINE
J744301001;La Seiche à Amanlis - Pont D 37;-1.473598052;48.009479757;35;la Seiche;ILLE-ET-VILAINE
J748301001;La Seiche à Bruz - Carcé;-1.722288147;48.019484849;35;la Seiche;ILLE-ET-VILAINE
J748301002;La Seiche à Pont-Péan - Pont D 837;-1.706593213;48.023260496;35;la Seiche;ILLE-ET-VILAINE
J013000301;La Tamout à Bazouges-la-Pérouse [Le Bas Jugué] - Syndicat du Couesnon;-1.514049638;48.424744464;35;la Tamout;ILLE-ET-VILAINE
J702401001;La Valière à Erbrée - Les Ravenières;-1.126534907;48.108913352;35;la Valière;ILLE-ET-VILAINE
J702403001;La Valière à Erbrée [retenue Valière] - Hauteur;-1.164286573;48.082939478;35;la Valière;ILLE-ET-VILAINE
J702402001;La Valière à Vitré - Le Château des Rochers [aval retenue Valière];-1.165763004;48.076759643;35;la Valière;ILLE-ET-VILAINE
J702404001;La Valière à Vitré - Pont d'Etrelles;-1.202017161;48.082869466;35;la Valière;ILLE-ET-VILAINE
J737311001;La Vaunoise à Saint-Gilles - Villebrioux;-1.853489974;48.138935921;35;la Vaunoise;ILLE-ET-VILAINE
J708311001;La Veuvre [Le Chevré] à la Bouëxière - Le Drugeon;-1.498538972;48.183122013;35;la Veuvre;ILLE-ET-VILAINE
J750061002;La Vilaine à Bourg-des-Comptes - La Bouëxière [amont écluse];-1.750343903;47.94567137;35;;ILLE-ET-VILAINE
J722061001;La Vilaine à Bruz - Ecluse de Mons-amont;-1.772972093;48.027345843;35;;ILLE-ET-VILAINE
J722061002;La Vilaine à Bruz - Ecluse de Mons-aval;-1.772938866;48.02697756;35;;ILLE-ET-VILAINE
J709063001;La Vilaine à Cesson-Sévigné - Cesson [Ancienne];-1.60923011;48.114499922;35;;ILLE-ET-VILAINE
J709063003;La Vilaine à Cesson-Sévigné - Plaine de Baud;-1.643081404;48.111719049;35;;ILLE-ET-VILAINE
J709063002;La Vilaine à Cesson-Sévigné - Pont Briand;-1.56367843;48.123664694;35;;ILLE-ET-VILAINE
J709063004;La Vilaine à Cesson-Sévigné - Pont- Briand [étiage - échelle aval];-1.56396774;48.123896849;35;;ILLE-ET-VILAINE
J706062001;La Vilaine à Châteaubourg - Bel Air;-1.403798224;48.108038272;35;;ILLE-ET-VILAINE
J706062002;La Vilaine à Châteaubourg - Pont D857 (Etiage);-1.404974238;48.10802475;35;;ILLE-ET-VILAINE
J701063001;La Vilaine à Erbrée - Rideux [aval retenue Haute Vilaine];-1.145838696;48.143161342;35;;ILLE-ET-VILAINE
J750061001;La Vilaine à Guichen - Le Boël [aval écluse];-1.755065515;47.992902377;35;;ILLE-ET-VILAINE
J770061001;La Vilaine à Guipry - Ecluse de Guipry;-1.822064869;47.822475049;35;;ILLE-ET-VILAINE
J770061002;La Vilaine à Guipry - Ecluse de Mâlon [amont];-1.842605574;47.798417417;35;;ILLE-ET-VILAINE
J770061003;La Vilaine à Guipry - Ecluse de Mâlon [aval];-1.842321146;47.798086533;35;;ILLE-ET-VILAINE
J790061001;La Vilaine à Langon;-1.852367016;47.708343683;35;;ILLE-ET-VILAINE
J790061002;La Vilaine à Langon - Droulin;-1.852044509;47.708176723;35;;ILLE-ET-VILAINE
J900061001;La Vilaine à Redon - Quai Duguay-Trouin;-2.084732453;47.647861612;35;;ILLE-ET-VILAINE
J720061101;La Vilaine à Rennes - Moulin du Comte - amont;-1.708425863;48.106519499;35;;ILLE-ET-VILAINE
J720061102;La Vilaine à Rennes - Moulin du Comte - aval;-1.708975739;48.106497511;35;;ILLE-ET-VILAINE
J701062001;La Vilaine à Saint-M'Hervé;-1.10964084;48.144951509;35;;ILLE-ET-VILAINE
J706061001;La Vilaine à Servon-sur-Vilaine - La Croix Texier;-1.465812221;48.116996254;35;;ILLE-ET-VILAINE
J701061001;La Vilaine à Vitré - Bas Pont;-1.222673816;48.12276275;35;;ILLE-ET-VILAINE
J701064001;La Vilaine à la Chapelle-Erbrée [retenue Haute Vilaine] - Hauteur;-1.127763642;48.145823059;35;;ILLE-ET-VILAINE
J722401001;Le Blosne à Chantepie - Le Bois Guiheux;-1.640238887;48.082580317;35;le Blosne;ILLE-ET-VILAINE
J752302001;Le Canut [nord] à Lassy - Le Val;-1.855092326;47.962754322;35;le Canut;ILLE-ET-VILAINE
J752302002;Le Canut [nord] à Lassy - Pont de Lassy;-1.878254827;47.957854063;35;le Canut;ILLE-ET-VILAINE
J751301001;Le Canut [nord] à Maxent - La Botelerais;-1.993295072;47.995407599;35;le Canut;ILLE-ET-VILAINE
J797301001;Le Canut [sud] à Saint-Just - Pont D 54;-1.979393278;47.776219355;35;le Canut;ILLE-ET-VILAINE
J865301001;Le Combs à Maure-de-Bretagne - Compessy;-1.954135689;47.876568513;35;le Combs;ILLE-ET-VILAINE
J010151001;Le Couesnon à Mézières-sur-Couesnon - La Roche;-1.430750755;48.312096249;35;le Couesnon;ILLE-ET-VILAINE
J012151001;Le Couesnon à Romazy - La Mondrais;-1.503785903;48.365470791;35;le Couesnon;ILLE-ET-VILAINE
J734401001;Le Garun à Iffendic - La Roncelinais;-1.993620882;48.170010172;35;le Garun;ILLE-ET-VILAINE
J032301001;Le Guyoult à Epiniac - La Vieux-Ville;-1.688678546;48.525998802;35;le Guyoult;ILLE-ET-VILAINE
J040761001;Le Meleuc à Plerguer - Pont D 676;-1.860841363;48.512711767;35;le Meleuc;ILLE-ET-VILAINE
J739301001;Le Meu à Bréal-sous-Montfort - Le Grand Pont;-1.853940757;48.068695385;35;le Meu;ILLE-ET-VILAINE
J731301001;Le Meu à Gaël - Le Pont Perrin;-2.217195248;48.126923733;35;le Meu;ILLE-ET-VILAINE
J735301001;Le Meu à Montfort-sur-Meu - L'Abbaye;-1.944196378;48.128600682;35;le Meu;ILLE-ET-VILAINE
J001401002;Le Nançon à Lécousse - Aval moulin;-1.200005251;48.374033486;35;le Nançon;ILLE-ET-VILAINE
J001401001;Le Nançon à Lécousse - Pont aux Anes;-1.196450736;48.375583015;35;le Nançon;ILLE-ET-VILAINE
J062661001;Le Néal à Médréac - Pont D 220;-2.042997801;48.272685076;35;le Néal;ILLE-ET-VILAINE
J763301001;Le Semnon à Bain-de-Bretagne - Rochereuil;-1.629832927;47.860127352;35;le Semnon;ILLE-ET-VILAINE
J735501001;Le Serein à Treffendel - Pont D 36;-2.034790773;48.047487987;35;le Serein;ILLE-ET-VILAINE
J712301001;Le canal d'Ille et Rance [L'Ille] à Saint-Grégoire - Ecluse de St Grégoire;-1.679329198;48.150758015;35;;ILLE-ET-VILAINE
J712001001;Le canal d'Ille et Rance à Rennes - Ecluse de St Martin;-1.679039187;48.123024053;35;;ILLE-ET-VILAINE
J900001001;Le canal de Nantes à Brest à Redon - Ecluse d'Oust;-2.08524784;47.648226997;35;;ILLE-ET-VILAINE
J050000101;[La Manche] à Cancale - [Marégraphe] - Port de Cancale;-1.85172199;48.668393245;35;;ILLE-ET-VILAINE
J735601001;[Le Careil] à Monterfil - La Violais;-1.985359115;48.058772864;35;;ILLE-ET-VILAINE
L555000201;L'Allemette à Bélâbre - [30];1.184864159;46.529047588;36;l'Allemette;INDRE
L556000102;L'Anglin à Mauvières;1.09310129;46.568753568;36;l'Anglin;INDRE
L574191001;L'Anglin à Mérigny;0.924295125;46.630508401;36;l'Anglin;INDRE
L551191001;L'Anglin à Prissac;1.253237547;46.504011451;36;l'Anglin;INDRE
L550000301;L'Anglin à la Châtre-Langlin - [28];1.361564322;46.417354035;36;l'Anglin;INDRE
K704000101;L'Igneraie [Pont C6] à Nohant-Vic;1.954614237;46.651901972;36;l'Igneraie;INDRE
K720261001;L'Indre à Ardentes;1.83058488;46.741917075;36;l'Indre;INDRE
K720261002;L'Indre à Ardentes - Station débitmétrique;1.830626108;46.741827444;36;l'Indre;INDRE
K722261011;L'Indre à Buzançais - Pont voie ferrée;1.415264085;46.898805252;36;l'Indre;INDRE
K721261010;L'Indre à Châteauroux;1.684905755;46.813364694;36;l'Indre;INDRE
K731262010;L'Indre à Châtillon-sur-Indre - Ancienne;1.179288064;46.989167708;36;l'Indre;INDRE
K715261010;L'Indre à Mers-sur-Indre - Ancienne;1.875581874;46.66848006;36;l'Indre;INDRE
K702262001;L'Indre à Montgivray;1.979289667;46.600201245;36;l'Indre;INDRE
K700000201;L'Indre à Pérassay - [13];2.111321816;46.477653875;36;l'Indre;INDRE
K731261001;L'Indre à Saint-Cyran-du-Jambot;1.127077888;47.016871719;36;l'Indre;INDRE
K702260010;L'Indre à Sainte-Sévère-sur-Indre;2.058010659;46.487330724;36;l'Indre;INDRE
K702262101;L'Indre à Sainte-Sévère-sur-Indre - [14];2.058165566;46.487171078;36;l'Indre;INDRE
L611000201;L'Yoson à Mézières-en-Brenne [Pont D925];1.298170805;46.807245738;36;l'Yoson;INDRE
L463000101;La Bouzanne à Jeu-les-Bois - [22];1.78613667;46.670614069;36;la Bouzanne;INDRE
L460000202;La Bouzanne à Neuvy-Saint-Sépulchre;1.808322259;46.596064757;36;la Bouzanne;INDRE
L460000201;La Bouzanne à Neuvy-Saint-Sépulchre - Zd DIREN Centre;1.808322259;46.596064757;36;la Bouzanne;INDRE
L465301001;La Bouzanne à Velles [Forges];1.626867662;46.666054418;36;la Bouzanne;INDRE
K722261301;La Cité à Palluau-sur-Indre - [19];1.349455168;46.939077521;36;la Cité;INDRE
K722261201;La Cité à Saint-Genou [L'Auneau] - RD64;1.381352589;46.935751608;36;la Cité;INDRE
L612000301;La Claise à Martizay;1.090098301;46.802691771;36;la Claise;INDRE
L610000201;La Claise à Vendœuvres - [20];1.325997843;46.822527815;36;la Claise;INDRE
K713000201;La Couarde à Sarzay - [17];1.916058174;46.606817492;36;la Couarde;INDRE
L473071001;La Creuse au Blanc;1.062097304;46.630759792;36;la Creuse;INDRE
L454072001;La Creuse à Argenton-sur-Creuse;1.517900027;46.588547464;36;la Creuse;INDRE
L471071001;La Creuse à Ciron [Scoury];1.289223681;46.632483873;36;la Creuse;INDRE
L454071001;La Creuse à Gargilesse-Dampierre [Pont-Noir];1.584314769;46.513551345;36;la Creuse;INDRE
L470071001;La Creuse à Saint-Gaultier;1.427459438;46.635277666;36;la Creuse;INDRE
L473072001;La Creuse à Tournon-Saint-Martin;0.951959595;46.734048539;36;la Creuse;INDRE
L453000201;La Creuse à Éguzon-Chantôme [EDF];1.612873159;46.454983225;36;la Creuse;INDRE
L454072201;La Gargilesse à Gargilesse-Dampierre - [25];1.595372589;46.512867139;36;la Gargilesse;INDRE
K720751001;La Ringoire à Déols;1.689194208;46.834548624;36;la Ringoire;INDRE
K720751002;La Ringoire à Déols - Station débitmétrique;1.689194208;46.834548624;36;la Ringoire;INDRE
L553000201;La Sonne à Prissac [Chambert];1.271363764;46.521840869;36;la Sonne;INDRE
K700000301;La Taisonne à Pérassay - [15];2.098003935;46.484658547;36;la Taisonne;INDRE
K612311010;La Théols à Meunet-Planches;1.955834389;46.836583898;36;;INDRE
K612311011;La Théols à Meunet-Planches - Station débitmétrique;1.955890198;46.836530562;36;;INDRE
K617313003;La Théols à Sainte-Lizaigne - L'Échardon;2.032963032;47.018315947;36;la Théols;INDRE
K617313002;La Théols à Sainte-Lizaigne - Pont RD 34;2.027265597;47.005707448;36;la Théols;INDRE
K617313001;La Théols à Sainte-Lizaigne - Pont RD34 - Station débitmétrique;2.027070109;47.005826398;36;la Théols;INDRE
K616000101;La Tournemine à Saint-Aoustrille - [12];1.921847217;46.940752302;36;la Tournemine;INDRE
K721751201;La Trégonce à Villedieu-sur-Indre - Ancienne 1;1.549408429;46.853042985;36;;INDRE
K721751202;La Trégonce à Villedieu-sur-Indre - La Beauce - Ancienne;1.56609224;46.870407065;36;;INDRE
K721751301;La Trégonce à Villedieu-sur-Indre - [18];1.537922952;46.846375876;36;;INDRE
K721751001;La Trégonce à Vineuil - Pont de Pierre;1.63562453;46.92754243;36;;INDRE
K714301001;La Vauvre à Montipouret - Moulin d'Angibault;1.904001226;46.625971861;36;la Vauvre;INDRE
K615000201;La Vignole à Issoudun [Rouache];1.978136584;46.946241967;36;;INDRE
L470071201;Le Bouzanteuil à Chasseneuil - [26];1.465994625;46.647743012;36;le Bouzanteuil;INDRE
L472000101;Le Brion à Ciron - [27];1.26619225;46.623978287;36;le Brion;INDRE
K614000101;Le Cousseron à Condé - [10];1.963471839;46.891544792;36;le Cousseron;INDRE
L464000101;Le Creuzançais à Arthon - [24];1.697093992;46.692753366;36;le Creuzançais;INDRE
K652000201;Le Fouzon à Dun-le-Poëlier;1.755357966;47.20452835;36;le Fouzon;INDRE
K652000301;Le Fouzon à Dun-le-Poëlier - [3];1.756177277;47.196845755;36;le Fouzon;INDRE
K659300010;Le Fouzon à Menetou-sur-Nahon - Ancienne;1.622518809;47.223302266;36;le Fouzon;INDRE
L462000201;Le Gourdon à Jeu-les-Bois [Pont D74];1.797829571;46.666292102;36;le Gourdon;INDRE
K613000201;Le Liennet à Vouillon - [9];1.933105354;46.829200636;36;le Liennet;INDRE
K660000401;Le Modon à Lye [Les Cartes];1.459164772;47.239578417;36;le Modon;INDRE
K660000201;Le Modon à Villentrois - [1b];1.466380249;47.202661574;36;le Modon;INDRE
K656000201;Le Nahon à Gehée - [7];1.509142795;47.049140167;36;le Nahon;INDRE
K658000101;Le Nahon à Poulaines - Barzelle;1.601104114;47.177691765;36;le Nahon;INDRE
K654000101;Le Poulain à Poulaines;1.66538891;47.151068863;36;le Poulain;INDRE
K653000301;Le Renon à Rouvres-les-Bois - [4];1.697881318;47.070297644;36;le Renon;INDRE
K654000201;Le Renon à Sembleçay - [5a];1.677368677;47.219652538;36;le Renon;INDRE
K653000401;Le Saint Martin à Guilly - [6];1.732841174;47.070163763;36;le Saint Martin;INDRE
K660000301;Le Traîne Feuilles à Lye - [2];1.442353507;47.216201239;36;le Traîne Feuilles;INDRE
K654000301;[Bras droit] à Sembleçay - Renon aval [5b];1.681812545;47.219705583;36;;INDRE
L552000101;[L'Abloux] à Sacierges-Saint-Martin;1.355680398;46.497610439;36;;INDRE
K657000201;à Langé [La Céphons] - Céphons [8];1.526210601;47.062262723;36;;INDRE
L621000301;L'Aigronne au Grand-Pressigny [Pont Saint Martin];0.805567459;46.916722292;37;l'Aigronne;INDRE-ET-LOIRE
K481000201;L'Amasse à Saint-Règle;1.061147506;47.412057249;37;l'Amasse;INDRE-ET-LOIRE
L900000601;L'Authion à Benais - Pont de Juteau;0.191417833;47.330209915;37;l'Authion;INDRE-ET-LOIRE
K751401001;L'Echandon à Saint-Branchs;0.818916274;47.247365239;37;l'Echandon;INDRE-ET-LOIRE
M135401010;L'Escotais à Saint-Paterne-Racan;0.476991918;47.603299499;37;l'Escotais;INDRE-ET-LOIRE
L631000301;L'Estrigueil à Ciran;0.874286145;47.057160788;37;l'Estrigueil;INDRE-ET-LOIRE
L632000201;L'Esves à Marcé-sur-Esves;0.656103117;47.03096605;37;l'Esves;INDRE-ET-LOIRE
K754000501;L'Indre à Bréhémont;0.351393767;47.282834447;37;l'Indre;INDRE-ET-LOIRE
K750261010;L'Indre à Cormery;0.834674827;47.269527055;37;l'Indre;INDRE-ET-LOIRE
K754000401;L'Indre à Lignières-de-Touraine - Marnay;0.388338282;47.281735546;37;l'Indre;INDRE-ET-LOIRE
K733261010;L'Indre à Loches - Ancienne;1.001549228;47.128810425;37;;INDRE-ET-LOIRE
K752262401;L'Indre à Montbazon;0.716369906;47.288260477;37;l'Indre;INDRE-ET-LOIRE
K752262011;L'Indre à Monts;0.627192545;47.278428013;37;l'Indre;INDRE-ET-LOIRE
K752262010;L'Indre à Monts - Station débitmétrique - Ancienne;0.627192545;47.278428013;37;l'Indre;INDRE-ET-LOIRE
K732261001;L'Indre à Perrusson;1.018383336;47.103082065;37;l'Indre;INDRE-ET-LOIRE
K743303201;L'Indrois à Chemillé-sur-Indrois;1.168234816;47.162215168;37;l'Indrois;INDRE-ET-LOIRE
K743303001;L'Indrois à Genillé;1.09660763;47.179709834;37;l'Indrois;INDRE-ET-LOIRE
K743303002;L'Indrois à Genillé - Les Foulons;0.99522219;47.207597361;37;l'Indrois;INDRE-ET-LOIRE
K741301010;L'Indrois à Montrésor - Ancienne;1.197783273;47.153556679;37;;INDRE-ET-LOIRE
K742000201;L'Olivet à Beaumont-Village - 1;1.210846357;47.182747023;37;l'Olivet;INDRE-ET-LOIRE
K742000202;L'Olivet à Beaumont-Village - 2;1.22551072;47.192265902;37;l'Olivet;INDRE-ET-LOIRE
L701000201;La Bourouse à Theneuil;0.437996667;47.090192888;37;la Bourouse;INDRE-ET-LOIRE
K487312001;La Brenne à Villedômer - Bas Villaumay;0.898195076;47.567900305;37;;INDRE-ET-LOIRE
K487312002;La Brenne à Villedômer - Bas-Villaumay [Ancienne];0.898301085;47.56791122;37;;INDRE-ET-LOIRE
K497000301;La Bresme à Saint-Étienne-de-Chigny;0.526140519;47.395118053;37;la Bresme;INDRE-ET-LOIRE
K492000101;La Choisille [bras nord] à Mettray;0.651713296;47.451655542;37;;INDRE-ET-LOIRE
K492000201;La Choisille [bras sud] à Mettray;0.652667554;47.450179833;37;la Choisille;INDRE-ET-LOIRE
K485300001;La Cisse à Nazelles-Négron;0.965964808;47.434852534;37;la Cisse;INDRE-ET-LOIRE
L621000201;La Claise au Grand-Pressigny [Pont de Fer];0.793280784;46.924613582;37;la Claise;INDRE-ET-LOIRE
L620201001;La Claise au Grand-Pressigny [Étableau 1];0.8120843;46.908282035;37;la Claise;INDRE-ET-LOIRE
L620201002;La Claise au Grand-Pressigny [Étableau 1] - Étableau 2;0.8120843;46.908282035;37;la Claise;INDRE-ET-LOIRE
L620201201;La Claise à Chaumussay;0.862964387;46.871578961;37;la Claise;INDRE-ET-LOIRE
L630071001;La Creuse à Descartes;0.694908264;46.972228152;37;la Creuse;INDRE-ET-LOIRE
K741401201;La Jobardière à Nouans-les-Fontaines;1.293031806;47.154703499;37;la Jobardière;INDRE-ET-LOIRE
K683002001;La Loire à Langeais;0.405305762;47.319856739;37;la Loire;INDRE-ET-LOIRE
K490003101;La Loire à Tours - Amont du pont Wilson RG -ANCIENNE;0.684247258;47.39965067;37;;INDRE-ET-LOIRE
K490003102;La Loire à Tours - Aval du pont Wilson RD -ANCIENNE;0.684331578;47.400769079;37;;INDRE-ET-LOIRE
K490003010;La Loire à Tours - Pont Mirabeau;0.697735013;47.397838186;37;la Loire;INDRE-ET-LOIRE
K683002101;La Loire à la Chapelle-sur-Loire;0.224346825;47.246623892;37;;INDRE-ET-LOIRE
L711000601;La Mable à Champigny-sur-Veude;0.325604313;47.037179284;37;la Mable;INDRE-ET-LOIRE
L702000101;La Manse à Crouzilles [La Couture];0.440155329;47.138592322;37;la Manse;INDRE-ET-LOIRE
L620201501;La Muanne à Chaumussay;0.880064083;46.88358493;37;la Muanne;INDRE-ET-LOIRE
K488000401;La Quintame à Auzouer-en-Touraine;0.931092649;47.556200563;37;la Quintame;INDRE-ET-LOIRE
K485301201;La Ramberge à Pocé-sur-Cisse - 1;0.986370542;47.451596145;37;la Ramberge;INDRE-ET-LOIRE
K485301202;La Ramberge à Pocé-sur-Cisse - 2;0.987507866;47.455244718;37;la Ramberge;INDRE-ET-LOIRE
K753000302;La Thilouze à Pont-de-Ruan - 2;0.583464523;47.256683657;37;la Thilouze;INDRE-ET-LOIRE
K753000301;La Thilouze à Pont-de-Ruan - Les Porchers;0.586071516;47.251658142;37;la Thilouze;INDRE-ET-LOIRE
K741401001;La Tourmente à Villeloin-Coulangé - Coulangé – Ancienne;1.240498734;47.135879413;37;la Tourmente;INDRE-ET-LOIRE
L710000401;La Veude à Chaveignes;0.357597092;47.001205831;37;;INDRE-ET-LOIRE
L712301001;La Veude à Lémeré [Moulin de Coutureau];0.305949057;47.100891951;37;;INDRE-ET-LOIRE
L720061001;La Vienne à Chinon;0.238392936;47.165936556;37;la Vienne;INDRE-ET-LOIRE
L700061001;La Vienne à Nouâtre;0.544852523;47.050101496;37;la Vienne;INDRE-ET-LOIRE
L700061002;La Vienne à Pouzay;0.531462944;47.079766347;37;la Vienne;INDRE-ET-LOIRE
K732261601;Le Ballon et Vitray à Saint-Hippolyte;1.121478212;47.045212922;37;le Ballon et le Vitray;INDRE-ET-LOIRE
K732261701;Le Beugon à Saint-Jean-Saint-Germain;1.073363235;47.085393467;37;le Beugon;INDRE-ET-LOIRE
K752262501;Le Bourdin à Sorigny;0.724385023;47.249664063;37;le Bourdin;INDRE-ET-LOIRE
L621000601;Le Brignon à Neuilly-le-Brignon;0.774214865;46.95756223;37;le Brignon;INDRE-ET-LOIRE
L621000402;Le Brignon à Paulmy - 1;0.813189844;46.978800854;37;le Brignon;INDRE-ET-LOIRE
L621000501;Le Brignon à Paulmy - 2;0.826453661;46.981456392;37;le Brignon;INDRE-ET-LOIRE
K672000201;Le Cher à Savonnières - Ancienne;0.546010248;47.348567297;37;le Cher;INDRE-ET-LOIRE
K671091001;Le Cher à Tours - Pont Saint-Sauveur;0.6780093;47.373102769;37;le Cher;INDRE-ET-LOIRE
K754000601;Le Doigt à Cheillé;0.450129636;47.257014671;37;le Doigt;INDRE-ET-LOIRE
L900000401;Le Gravot à Bourgueil - Active de 1967 à 1971;0.181605662;47.320009227;37;;INDRE-ET-LOIRE
L900000501;Le Lane à Saint-Patrice;0.249134922;47.265893069;37;;INDRE-ET-LOIRE
L911000401;Le Lathan à Rillé;0.248386673;47.452289576;37;;INDRE-ET-LOIRE
M135401401;Le Long [Vandoeuvre] à Neuvy-le-Roi;0.612166609;47.579569561;37;le Long ou la Vandoeuvre;INDRE-ET-LOIRE
K752262601;Le Montison à Thilouze;0.645757772;47.229261165;37;le Montison;INDRE-ET-LOIRE
L721000801;Le Négron à Marçay;0.187296513;47.102870491;37;;INDRE-ET-LOIRE
K732261801;Le Verneuil à Verneuil-sur-Indre;1.051084518;47.060037695;37;le Verneuil;INDRE-ET-LOIRE
K488000301;[La Brenne] à Vernou-sur-Brenne;0.843285191;47.415566255;37;;INDRE-ET-LOIRE
L702000301;[La Manse] à Sainte-Maure-de-Touraine;0.598572086;47.113652921;37;;INDRE-ET-LOIRE
L900000701;[Le Changeon] à Gizeux [Moulin Foulon];0.205229692;47.354886504;37;;INDRE-ET-LOIRE
M135401301;[Ruisseau de l'étang Gaillard] à Beaumont-la-Ronce;0.624995335;47.560830522;37;;INDRE-ET-LOIRE
V173501001;L'Agny à Nivolas-Vermelle;5.303361867;45.559017809;38;L'Agny;ISERE
V152541001;L'Ainan à Saint-Geoire-en-Valdaine [Pont de la Martinette] - [1972-1986];5.639646723;45.453613194;38;L'Ainan;ISERE
V152541002;L'Ainan à Saint-Geoire-en-Valdaine [Pont de la Martinette] - [1986-2003];5.641459969;45.456210331;38;L'Ainan;ISERE
W275000201;L'Eau d'Olle à Allemond [EDF - La Pernière - QNR];6.019754014;45.120510959;38;L'Eau d'Olle;ISERE
W275000302;L'Eau d'Olle à Allemond [La Pernière] - DREAL;6.019666027;45.120531364;38;L'Eau d'Olle;ISERE
W275000301;L'Eau d'Olle à Allemond [La Pernière] - EDF;6.019666027;45.120531364;38;L'Eau d'Olle;ISERE
W253401001;L'Ebron à Clelles [Parassat];5.669227078;44.825874571;38;L'Ebron;ISERE
V172501001;L'Hien à Saint-Victor-de-Cessieu;5.374706213;45.554631903;38;L'Hien;ISERE
V172502001;L'Hien à Saint-Victor-de-Cessieu;5.397493652;45.543967957;38;L'Hien;ISERE
W131001002;L'Isère au Cheylas - DREAL;5.9806506;45.366627147;38;L'Isère;ISERE
W131001001;L'Isère au Cheylas - EDF;5.980778249;45.366623749;38;L'Isère;ISERE
W130001002;L'Isère à Barraux [La Gache] - DREAL;6.004754652;45.434935514;38;L'Isère;ISERE
W130001001;L'Isère à Barraux [La Gache] - EDF;6.0034866;45.43468114;38;L'Isère;ISERE
W140000101;L'Isère à Crolles - DREAL;5.898879238;45.265324754;38;L'Isère;ISERE
W140000102;L'Isère à Crolles - SyMBHI;5.89887877;45.265315756;38;L'Isère;ISERE
W141001001;L'Isère à Grenoble [Bastille];5.724998279;45.192991225;38;L'Isère;ISERE
W320001002;L'Isère à Saint-Gervais [Le Port] - DREAL;5.465689765;45.206847967;38;L'Isère;ISERE
W320001001;L'Isère à Saint-Gervais [Le Port] - EDF;5.465636851;45.206804092;38;L'Isère;ISERE
W320001201;L'Isère à Saint-Gervais [QNR Le Port - EDF];5.465636851;45.206804092;38;L'Isère;ISERE
W302000301;L'Isère à Veurey-Voroize [EDF];5.619983991;45.271750263;38;L'Isère;ISERE
W231401001;La Bonne à Entraigues [Pont Battant];5.94445407;44.900346848;38;La Bonne;ISERE
V173401001;La Bourbre à Bourgoin-Jallieu;5.293805501;45.588716286;38;La Bourbre;ISERE
V171401001;La Bourbre à Cessieu;5.375418548;45.566472443;38;La Bourbre;ISERE
V177401001;La Bourbre à Tignieu-Jameyzieu;5.159141306;45.71526346;38;La Bourbre;ISERE
W334000102;La Bourne à Saint-Just-de-Claix [Pont de Manne] - DREAL;5.280429976;45.061264043;38;La Bourne;ISERE
W334000101;La Bourne à Saint-Just-de-Claix [Pont de Manne] - EDF;5.280429976;45.061264043;38;La Bourne;ISERE
W330401001;La Bourne à Villard-de-Lans [Pont des Aniers];5.556626659;45.09550796;38;La Bourne;ISERE
W323501001;La Fure au Pin;5.516685471;45.450025219;38;La Fure;ISERE
W312503002;La Fure à Charavines [2];5.517199081;45.428589885;38;La Fure;ISERE
W312503001;La Fure à Charavines [2] - 1;5.517648649;45.432300573;38;La Fure;ISERE
V360000301;La Galaure à Roybon;5.188340061;45.258562873;38;La Galaure;ISERE
W280402001;La Gresse à Gresse-en-Vercors [Pont Jacquet];5.570569584;44.926676779;38;La Gresse;ISERE
W280401001;La Gresse à Saint-Guillaume [Pont des Beaumettes];5.571920011;44.937199942;38;La Gresse;ISERE
V322402001;La Gère à Jardin [Pont de Malissol];4.923830915;45.516227646;38;La Gère;ISERE
V322401001;La Gère à Pont-Évêque [Cancane];4.902095632;45.529145087;38;La Gère;ISERE
V320401001;La Gère à Villeneuve-de-Marc [Pont Rouge];5.141170769;45.457714418;38;La Gère;ISERE
W240502001;La Jonche à Pierre-Châtel;5.790576412;44.968123251;38;La Jonche;ISERE
W240501001;La Jonche à la Mure;5.782881587;44.913886015;38;La Jonche;ISERE
V342431001;La Raille [Rival] à Beaufort;5.118842237;45.335731747;38;La Raille;ISERE
V340431001;La Raille [Rival] à Brézins;5.315852318;45.348061727;38;La Raille;ISERE
W274601001;La Rive au Bourg-d'Oisans;6.030243283;45.05906241;38;La Rive;ISERE
W233521001;La Roizonne à la Valette [La Rochette];5.86745355;44.94987782;38;La Roizonne;ISERE
W274601302;La Romanche au Bourg-d'Oisans [Pont Rouge] - DREAL;6.013249773;45.115541916;38;La Romanche;ISERE
W274601301;La Romanche au Bourg-d'Oisans [Pont Rouge] - EDF;6.013249773;45.115541916;38;La Romanche;ISERE
W274601201;La Romanche au Bourg-d'Oisans [Pont de la Romanche] - DREAL;6.036767734;45.058407114;38;La Romanche;ISERE
W274601202;La Romanche au Bourg-d'Oisans [Pont de la Romanche] - Vitesse;6.036741857;45.058398809;38;La Romanche;ISERE
W276721102;La Romanche à Livet-et-Gavet [Champeau] - DREAL;5.977490688;45.117701215;38;La Romanche;ISERE
W276721101;La Romanche à Livet-et-Gavet [Champeau] - EDF;5.97744417;45.117783551;38;La Romanche;ISERE
W271000101;La Romanche à Mizoën [EDF - Chambon amont];6.182965878;45.038608392;38;La Romanche;ISERE
W271000103;La Romanche à Mizoën [EDF - Chambon amont];6.182965878;45.038608392;38;La Romanche;ISERE
W276721401;La Romanche à Notre-Dame-de-Mésage;5.76502408;45.077062718;38;La Romanche;ISERE
V333501001;La Sanne à Saint-Romain-de-Surieu;4.885991395;45.384491067;38;La Sanne;ISERE
W221741001;La Souloise à Pellafol [Petites Gillardes];5.888816705;44.760289866;38;La Souloise;ISERE
V313581001;La Sévenne à Luzinay;4.946428004;45.580052416;38;La Sévenne;ISERE
W301501001;La Vence à Proveysieux [Pont de l'Oulle];5.699787524;45.246309367;38;La Vence;ISERE
W333521201;La Vernaisson à Pont-en-Royans [EDF];5.342892183;45.05898582;38;La Vernaisson;ISERE
W333521202;La Vernaisson à Pont-en-Royans [EDF];5.342892183;45.05898582;38;La Vernaisson;ISERE
V321501001;La Vesonne à Estrablin [Pont de Bourgeat];4.964114157;45.514089092;38;La Vesonne;ISERE
V322542002;La Véga à Pont-Évêque;4.903559355;45.533335717;38;La Véga;ISERE
V322542001;La Véga à Pont-Évêque - Cancane;4.901944402;45.529967313;38;La Véga;ISERE
W300521001;Le Bruyant [résurgence] à Saint-Nizier-du-Moucherotte;5.616025806;45.147462544;38;Le Bruyant;ISERE
W114402001;Le Bréda à Pontcharra;6.021500689;45.435260361;38;Le Bréda;ISERE
W312521001;Le Courbon à Paladru;5.558714038;45.473795833;38;Courbon;ISERE
V332401001;Le Dolon à Revel-Tourdan;5.024566552;45.382865125;38;Le Dolon;ISERE
W283201001;Le Drac au Pont-de-Claix;5.697006877;45.119740188;38;Le Drac;ISERE
W283201002;Le Drac au Pont-de-Claix - rive droite;5.697006877;45.119740188;38;Le Drac;ISERE
W222000101;Le Drac à Corps [EDF - Le Sautet];5.909317491;44.817547824;38;Le Drac;ISERE
W283201102;Le Drac à Fontaine - DREAL;5.692676255;45.20310932;38;Le Drac;ISERE
W283201101;Le Drac à Fontaine - EDF;5.692625339;45.203110548;38;Le Drac;ISERE
V151501001;Le Guiers Vif à Saint-Christophe-sur-Guiers [Pont Saint-Martin];5.782609679;45.442264099;38;Le Guiers Vif;ISERE
V151500001;Le Guiers Vif à Saint-Pierre-d'Entremont [Cirque de St-Même];5.891045007;45.399882816;38;Le Guiers Vif;ISERE
V153402001;Le Guiers à Romagnieu - DREAL;5.661311596;45.56568759;38;Le Guiers;ISERE
V150401001;Le Guiers à Saint-Laurent-du-Pont;5.736524438;45.385968782;38;Le Guiers;ISERE
V150401002;Le Guiers à Saint-Laurent-du-Pont;5.736190085;45.388720154;38;Le Guiers;ISERE
W331501001;Le Méaudret à Méaudre;5.530962691;45.112138113;38;Le Méaudret;ISERE
V300911301;Le Rhône à Anthon;5.161273442;45.794570562;38;Le Rhône;ISERE
V342561001;Le Suzon à Saint-Barthélemy;5.083780489;45.344496794;38;Le Suzon;ISERE
W273000102;Le Vénéon à Saint-Christophe-en-Oisans - DREAL;6.251979618;44.937353403;38;Le Vénéon;ISERE
W322000201;Le Vézy à Têche;5.388899514;45.187497839;38;Le Vézy;ISERE
V175501001;Le canal de déssèchement de Catelan à l'Isle-d'Abeau;5.238974161;45.631431368;38;Canal de Dessèchement de Catelan;ISERE
V150601001;Le canal de l'Herrétang à Saint-Joseph-de-Rivière;5.691632027;45.381200178;38;Canal de l'Herrétang;ISERE
W300501001;Le canal du Furon à Engins;5.622363818;45.17779146;38;Canal du Furon;ISERE
W330541001;Le ruisseau de Font Noire à Villard-de-Lans;5.557173633;45.077712282;38;Ruisseau de Font Noire;ISERE
V340501001;Le ruisseau de Saint-Michel à Saint-Geoirs;5.340102547;45.31955936;38;Ruisseau de Saint-Michel;ISERE
W141001201;Le ruisseau du Doménon à Domène;5.837266951;45.202204393;38;Ruisseau du Doménon;ISERE
W141001203;Le ruisseau du Doménon à Domène - Station vitesse;5.837279679;45.202204069;38;Ruisseau du Doménon;ISERE
W276721001;[La Duy] à Vizille;5.774925826;45.066734899;38;;ISERE
V150511001;[La résurgence de Fontaine-Noire] à Saint-Pierre-de-Chartreuse;5.858470476;45.329761837;38;;ISERE
W300541001;[Le Germe] à Sassenage [Les Cuves];5.652329949;45.207687772;38;;ISERE
V200201001;L'Ain [source] à Conte;6.022732291;46.75032749;39;L'Ain;JURA
V201201001;L'Ain à Bourg-de-Sirod;5.955838814;46.723902508;39;L'Ain;JURA
V201201002;L'Ain à Bourg-de-Sirod;5.955815585;46.723957169;39;L'Ain;JURA
V232201201;L'Ain à Cernon [QNR Vouglans - EDF];5.666245498;46.397804729;39;L'Ain;JURA
V232201001;L'Ain à Cernon [Vouglans - EDF];5.665633084;46.397530727;39;L'Ain;JURA
V220202001;L'Ain à Châtillon;5.74081281;46.654395932;39;L'Ain;JURA
V220611101;L'Ain à Marigny [QNR EDF - Chalain];5.767110503;46.6856513;39;L'Ain;JURA
V231000201;L'Ain à Pont-de-Poitte;5.700295811;46.584974832;39;L'Ain;JURA
V211401001;L'Angillon à Champagnole;5.869070052;46.755816768;39;L'Angillon;JURA
U254052001;L'Arne à Lavans-lès-Dole;5.624387524;47.156671235;39;L'Arne;JURA
U271501001;L'Orain au Deschaux;5.506086359;46.963044882;39;L'Orain;JURA
V240901001;L'Orbe aux Rousses;6.107204118;46.516988343;39;L'Orbe;JURA
V244403001;La Bienne à Chancia;5.646653944;46.343409645;39;La Bienne;JURA
V244401001;La Bienne à Chassal;5.802220835;46.365622596;39;La Bienne;JURA
V244402001;La Bienne à Jeurre;5.706153794;46.362726361;39;La Bienne;JURA
V241402001;La Bienne à Morbier [Tancua];5.963831487;46.509630536;39;La Bienne;JURA
V241403001;La Bienne à Morez;6.015984761;46.531100396;39;La Bienne;JURA
V241401001;La Bienne à Saint-Claude [Chenavier];5.867851168;46.416540404;39;La Bienne;JURA
U341502001;La Brenne à Sellières [les forges Baudin];5.572685812;46.824433178;39;La Brenne;JURA
U256501001;La Clauge à Villette-lès-Dole [Arcore];5.479012668;47.041260581;39;La Clauge;JURA
U256502001;La Clauge à la Loye;5.539901502;47.035597343;39;La Clauge;JURA
U265502001;La Cuisance aux Planches-près-Arbois;5.81451505;46.879195198;39;La Cuisance;JURA
U265501001;La Cuisance à Bans;5.589769371;46.991823818;39;La Cuisance;JURA
U265503001;La Cuisance à Mesnay;5.803400693;46.890890315;39;La Cuisance;JURA
U265503101;La Cuisance à Vaudrey [Champs levés];5.614881666;46.984059638;39;La Cuisance;JURA
U263501001;La Furieuse à Salins-les-Bains;5.878140156;46.942433047;39;La Furieuse;JURA
V203501001;La Lemme à Fort-du-Plasne [Pont-de-Lemme];5.95830399;46.623578901;39;La Lemme;JURA
U265402001;La Loue [rivière] à Parcey;5.496065193;47.015571264;39;La Loue;JURA
U265401001;La Loue [totale] à Parcey;5.496123438;47.014552118;39;La Loue;JURA
U263401001;La Loue à Champagne-sur-Loue;5.815070542;47.043455799;39;La Loue;JURA
U264000101;La Loue à Montbarrey [Les trois Ours];5.63033579;47.011364024;39;La Loue;JURA
U263402001;La Loue à Port-Lesney;5.823258163;47.004228556;39;La Loue;JURA
V230561001;La Raillette à Clairvaux-les-Lacs;5.753305652;46.55954775;39;La Raillette;JURA
V230563001;La Raillette à Clairvaux-les-Lacs [Clairvaux aval];5.749857504;46.579722628;39;La Raillette;JURA
V230562001;La Raillette à Soucia [Clairvaux amont];5.758637742;46.551355459;39;La Raillette;JURA
V202401001;La Saine à Foncine-le-Bas;6.027537444;46.64005325;39;La Saine;JURA
V203041001;La Saine à Syam;5.940379789;46.704070013;39;La Saine;JURA
U340402001;La Seille à Arlay;5.51991532;46.760154704;39;La Seille;JURA
U340401001;La Seille à Voiteur [amont];5.612181352;46.75862492;39;La Seille;JURA
U340403001;La Seille à Voiteur [aval];5.615831144;46.755244124;39;La Seille;JURA
U340403002;La Seille à Voiteur [aval] - amont;5.616578067;46.755200534;39;La Seille;JURA
V261911001;La Thoreigne à Orgelet [Pont de la Thoreigne];5.599551928;46.542944998;39;La Thoreigne;JURA
V261912001;La Thoreigne à Orgelet [Sézéria];5.572973762;46.519293018;39;La Thoreigne;JURA
U345501001;La Vallière à Lons-le-Saunier;5.563931546;46.672164089;39;La Vallière;JURA
U345502001;La Vallière à Montmorot;5.510813936;46.677087044;39;La Vallière;JURA
V262401001;La Valouse à Thoirette [Chalea];5.51715033;46.272836199;39;;JURA
U343621001;Le Besançon à Montagna-le-Reconduit;5.387016233;46.456445808;39;Ruisseau Besançon;JURA
U255201001;Le Doubs à Dole;5.492693623;47.088633379;39;Le Doubs;JURA
U272201001;Le Doubs à Neublans-Abergement;5.350597382;46.921642545;39;Le Doubs;JURA
U254201001;Le Doubs à Rochefort-sur-Nenon;5.562372404;47.122798815;39;Le Doubs;JURA
V220601001;Le Hérisson à Doucier;5.775310093;46.648114959;39;Le Hérisson;JURA
U263901001;Le Lizon supérieur à Dournon;5.972873303;46.925336936;39;Le Lizon Supérieur;JURA
V280401001;Le Suran à Gigny [Croupet];5.457424611;46.438322148;39;Le Suran;JURA
V242056001;Le Tacon à Saint-Claude;5.873191793;46.378156049;39;Le Tacon;JURA
V261501001;Le Valouson à Chavéria [Chatagna];5.551823827;46.486811318;39;Le Valouson;JURA
V261912101;Le Valouson à Marigna-sur-Valouse;5.536136728;46.443150605;39;Le Valouson;JURA
V280531001;Le ruisseau de Veria à Graye-et-Charnay;5.449000232;46.468962236;39;Ruisseau de Veria;JURA
V220591001;[Le lac de Chalain (château)] à Fontenu [Chalain];5.813596705;46.66590413;39;;JURA
V220611001;[Le lac de Chalin] à Fontenu [Chalain];5.813298712;46.662929157;39;;JURA
V242901001;[Le lac de l'Embouteilleux] à la Pesse;5.863671126;46.303580249;39;;JURA
V203911001;[Le lac de la Motte (ou d'Ilay)] à la Chaux-du-Dombief;5.888177375;46.618493585;39;;JURA
U265403001;[canal du moulin] à Parcey;5.48245844;47.017850842;39;;JURA
Q110001002;L'Adour à Aire-sur-l'Adour;-0.261986653;43.703897733;40;L'Adour;LANDES
Q110001001;L'Adour à Aire-sur-l'Adour - Ancienne;-0.262051888;43.703517527;40;L'Adour;LANDES
Q312001001;L'Adour à Dax;-1.054010535;43.71257385;40;L'Adour;LANDES
Q312003001;L'Adour à Dax [Pont des arènes];-1.053884686;43.712200113;40;L'Adour;LANDES
Q116001001;L'Adour à Grenade-sur-l'Adour;-0.428047936;43.771972395;40;L'Adour;LANDES
Q142001001;L'Adour à Onard - Audon;-0.836261293;43.789283507;40;L'Adour;LANDES
Q303001001;L'Adour à Pontonx-sur-l'Adour;-0.925320229;43.784181942;40;L'Adour;LANDES
Q836001001;L'Adour à Saint-Laurent-de-Gosse [Urt];-1.304135842;43.503745857;40;L'Adour;LANDES
Q124001001;L'Adour à Saint-Sever;-0.569240214;43.76692255;40;L'Adour;LANDES
Q312001002;L'Adour à Saint-Vincent-de-Paul;-0.999516117;43.734413215;40;L'Adour;LANDES
Q236401001;L'Estampon à Arue;-0.283555696;44.065513052;40;L'Estampon;LANDES
Q235401001;L'Estampon à Retjons;-0.274164028;44.083152877;40;L'Estampon;LANDES
Q229291001;La Douze à Roquefort;-0.310140586;44.029211469;40;La Douze;LANDES
Q240291001;La Douze à Roquefort [Petit Coutchon];-0.335097288;44.034515805;40;La Douze;LANDES
Q240291002;La Douze à Roquefort [Petit Coutchon] - Petit Coutchon;-0.341457627;44.034808141;40;La Douze;LANDES
Q241431201;La Gouaneyre [canal] à Cachen;-0.437750603;44.075642604;40;La Gouaneyre;LANDES
Q241431101;La Gouaneyre [rivière] à Cachen;-0.437750603;44.075642604;40;La Gouaneyre;LANDES
Q242431001;La Gouaneyre à Arue [Téchené];-0.424613179;44.041118761;40;La Gouaneyre;LANDES
Q241431301;La Gouaneyre à Cachen;-0.437750603;44.075642604;40;La Gouaneyre;LANDES
S204000101;La Grande Leyre à Pissos;-0.75874488;44.310549599;40;La Grande Leyre;LANDES
Q219252001;La Midouze [Le Midou] à Mont-de-Marsan;-0.501792815;43.89168235;40;La Midouze;LANDES
Q219252002;La Midouze [Le Midou] à Mont-de-Marsan;-0.480542576;43.897406775;40;La Midouze;LANDES
Q219252003;La Midouze [Le Midou] à Mont-de-Marsan;-0.465347354;43.894468331;40;La Midouze;LANDES
Q215251001;La Midouze [Le Midou] à Villeneuve-de-Marsan;-0.304304964;43.901984226;40;La Midouze;LANDES
Q259331001;La Midouze à Campagne;-0.659126536;43.907636558;40;La Midouze;LANDES
Q250332001;La Midouze à Mont-de-Marsan;-0.503587222;43.890678888;40;La Midouze;LANDES
Q250332002;La Midouze à Mont-de-Marsan - [1];-0.503094628;43.890973958;40;La Midouze;LANDES
Q250331001;La Midouze à Mont-de-Marsan [1];-0.503094628;43.890973958;40;La Midouze;LANDES
Q266311001;La Midouze à Tartas;-0.807511638;43.833023748;40;La Midouze;LANDES
S213401001;La Petite Leyre à Belhade;-0.686423119;44.374655122;40;La Petite Leyre;LANDES
Q122402002;Le Bahus à Classun;-0.405211108;43.711595298;40;Le Bahus;LANDES
Q122402001;Le Bahus à Eugénie-les-Bains;-0.377098671;43.696629146;40;Le Bahus;LANDES
Q265401001;Le Bès à Saint-Yaguen;-0.756332413;43.876134307;40;Le Bès;LANDES
Q745101001;Le Gave de Pau [Les Gaves réunis] à Peyrehorade;-1.105640321;43.543141645;40;Gave de Pau;LANDES
Q308040001;Le Louts à Gamarde-les-Bains;-0.839906709;43.73969414;40;Le Louts;LANDES
Q305401001;Le Louts à Hagetmau;-0.592227636;43.649860325;40;Le Louts;LANDES
Q218000101;Le Ludon à Bougue;-0.390218051;43.889909299;40;Le Ludon;LANDES
Q322401001;Le Luy à Monget;-0.518859127;43.571543144;40;Le Luy;LANDES
Q346401001;Le Luy à Saint-Pandelon;-1.04192191;43.676839536;40;Le Luy;LANDES
S314501001;Le canal des Landes à Biscarrosse [Navarosse];-1.175249727;44.427442047;40;Canal des Landes;LANDES
S421401001;Le courant de Soustons à Magescq;-1.225078965;43.781388677;40;Courant de Soustons;LANDES
S423541001;Le ruisseau de Bibic à Soustons;-1.344156707;43.748052591;40;Ruisseau de Bibic;LANDES
S321401001;Le ruisseau de Canteloup à Saint-Paul-en-Born;-1.151111793;44.233726299;40;ruisseau de la forge-pontenx;LANDES
S322501001;Le ruisseau de Canteloup à Sainte-Eulalie-en-Born [Serbiat];-1.15150001;44.233720625;40;ruisseau de la forge-pontenx;LANDES
S222461001;Le ruisseau de Castera à Moustey [Biganon];-0.7524079;44.410805829;40;Ruisseau de Castera;LANDES
Q258461001;Le ruisseau de Geloux à Saint-Martin-d'Oney;-0.627412053;43.932307798;40;Ruisseau de Geloux;LANDES
Q138571001;Le ruisseau de Laudon à Audignon;-0.603055169;43.732488573;40;Ruisseau de Laudon;LANDES
Q241431001;Le ruisseau de l'Estrigon à Cachen [1];-0.548964058;43.976578334;40;Ruisseau de l'Estrigon;LANDES
Q255431001;Le ruisseau de l'Estrigon à Campet-et-Lamolère;-0.562437232;43.916510706;40;Ruisseau de l'Estrigon;LANDES
Q254431001;Le ruisseau de l'Estrigon à Cère;-0.548964058;43.976578334;40;Ruisseau de l'Estrigon;LANDES
S411401001;Le ruisseau de la Palue à Castets;-1.18164053;43.885699269;40;Ruisseau de la Palue;LANDES
S411401101;Le ruisseau de la Palue à Saint-Michel-Escalus;-1.293941767;43.887430874;40;Ruisseau de la Palue;LANDES
Q110501001;Le ruisseau des Arribauts à Aire-sur-l'Adour;-0.262734899;43.702650484;40;Ruisseau des Arribauts;LANDES
S312431001;Le ruisseau des Forges à Parentis-en-Born;-1.050921331;44.337264234;40;Ruisseau des Forges;LANDES
Q340510501;[Les Eschourdes] à Donzacq;-0.787175783;43.657167418;40;;LANDES
K469000201;La Bièvre à Contres;47.4162921;1.4279124;41;la Bièvre;LOIR-ET-CHER
K469000202;La Bièvre à Contres - La Bièvre à Contres;47.416241;1.42796;41;la Bièvre;LOIR-ET-CHER
K465000101;La Bonne Heure à Vernou-en-Sologne;47.4990315;1.7065356;41;la Bonne Heure;LOIR-ET-CHER
M123302010;La Braye [bras rive droite] à Savigny-sur-Braye;0.80313156;47.879786524;41;la Braye;LOIR-ET-CHER
M123301010;La Braye [bras rive gauche] à Savigny-sur-Braye;0.803370041;47.879845008;41;la Braye;LOIR-ET-CHER
M123304010;La Braye à Sargé-sur-Braye;0.841455731;47.911375964;41;la Braye;LOIR-ET-CHER
K447311001;La Cisse [bras de dérivation] à Chouzy-sur-Cisse - Les Vallées - Ancienne;1.245446542;47.514342059;41;la Cisse;LOIR-ET-CHER
K485301001;La Cisse à Chouzy-sur-Cisse - Le Vau - Ancienne;1.212316899;47.505915141;41;la Cisse;LOIR-ET-CHER
K484000102;La Cisse à Coulanges - Moulin Jouan;1.235465156;47.54658671;41;la Cisse;LOIR-ET-CHER
K484000101;La Cisse à Coulanges - Moulin Jouan - Ancienne;1.235413773;47.546531911;41;la Cisse;LOIR-ET-CHER
K447001001;La Loire à Blois;1.335147948;47.584957074;41;la Loire;LOIR-ET-CHER
K480001001;La Loire à Onzain - Pont de Chaumont;1.190335367;47.485577961;41;la Loire;LOIR-ET-CHER
K645301001;La Rère à Theillay - La Loge;2.056646489;47.345463133;41;la Rère;LOIR-ET-CHER
K648251001;La Sauldre à Pruniers-en-Sologne;1.671547667;47.320917289;41;la Sauldre;LOIR-ET-CHER
K640250011;La Sauldre à Salbris - Ancienne;2.032398521;47.423776668;41;la Sauldre;LOIR-ET-CHER
K640250010;La Sauldre à Salbris - Pont RN20 - Ancienne;2.051926363;47.427448432;41;la Sauldre;LOIR-ET-CHER
K640252001;La Sauldre à Salbris - Valaudran;2.032185821;47.423801907;41;la Sauldre;LOIR-ET-CHER
K649251001;La Sauldre à Selles-sur-Cher - Saint-André - Ancienne;1.534966491;47.286490938;41;la Sauldre;LOIR-ET-CHER
K467000101;Le Beuvron à Cellettes - Clénord;1.420533553;47.5325123;41;le Beuvron;LOIR-ET-CHER
K467000103;Le Beuvron à Cellettes - Clénord - Station débitmétrique;1.420658053;47.532421511;41;le Beuvron;LOIR-ET-CHER
K467000102;Le Beuvron à Cellettes - [Moulin Pezet] - Ancienne;1.420533553;47.5325123;41;le Beuvron;LOIR-ET-CHER
K455000101;Le Beuvron à Chaumont-sur-Tharonne;1.918212379;47.5754344;41;le Beuvron;LOIR-ET-CHER
K455000201;Le Beuvron à Chaumont-sur-Tharonne;47.5756332;1.91924;41;le Beuvron;LOIR-ET-CHER
K457221001;Le Beuvron à Montrieux-en-Sologne - Bois Olympe;1.70755632;47.529619622;41;le Beuvron;LOIR-ET-CHER
K467000201;Le Beuvron à Tour-en-Sologne;1.499789667;47.53967223;41;le Beuvron;LOIR-ET-CHER
K467000301;Le Beuvron à Tour-en-Sologne;47.543335;1.5108481;41;le Beuvron;LOIR-ET-CHER
K650091001;Le Cher à Châtillon-sur-Cher;1.488142911;47.27025012;41;le Cher;LOIR-ET-CHER
K620090010;Le Cher à Mennetou-sur-Cher;1.870065751;47.267909366;41;le Cher;LOIR-ET-CHER
K664090010;Le Cher à Montrichard;1.186684741;47.342028215;41;le Cher;LOIR-ET-CHER
K622091101;Le Cher à Saint-Julien-sur-Cher;1.769184693;47.285079037;41;le Cher;LOIR-ET-CHER
K622091002;Le Cher à Selles-sur-Cher - Echelle SAC - Ancienne;1.534912835;47.273416421;41;le Cher;LOIR-ET-CHER
K622091003;Le Cher à Selles-sur-Cher - Pont D 956A;1.557872339;47.278245121;41;le Cher;LOIR-ET-CHER
K468000201;Le Conon à Cour-Cheverny;47.4918297;1.5190441;41;le Conon;LOIR-ET-CHER
K479301001;Le Cosson à Chailles;1.309387152;47.543684348;41;le Cosson;LOIR-ET-CHER
K478000301;Le Cosson à Thoury;47.638616;1.5877349;41;le Cosson;LOIR-ET-CHER
K478000201;Le Cosson à Vineuil;1.366872369;47.579733376;41;le Cosson;LOIR-ET-CHER
M121301301;Le Couétron à Souday - Glatigny;0.849758368;48.053977701;41;le Couétron;LOIR-ET-CHER
K659302001;Le Fouzon à Meusnes - Le Gué au Loup;1.484626065;47.26032664;41;le Fouzon;LOIR-ET-CHER
K659302002;Le Fouzon à Meusnes - Le gué de Meusnes - Ancienne;1.512906193;47.252120754;41;le Fouzon;LOIR-ET-CHER
M112481601;Le Loir à Morée;1.213437784;47.918337649;41;le Loir;LOIR-ET-CHER
M114161010;Le Loir à Vendôme;1.060309124;47.794067718;41;;LOIR-ET-CHER
M115161010;Le Loir à Villavard;0.890596043;47.759345078;41;le Loir;LOIR-ET-CHER
K462000101;Le Néant à Vernou-en-Sologne - Le Néant à Vernou-en-Sologne;47.517453;1.691328;41;le Néant;LOIR-ET-CHER
K446641001;[La Tronne] à Mer;1.511098016;47.693609895;41;;LOIR-ET-CHER
K478000401;à Huisseau-sur-Cosson;47.5936202;1.4515843;41;;LOIR-ET-CHER
K081301001;L'Aix à Grézolles [Château d'Aix];3.939486038;45.859887933;42;l'Aix;LOIRE
K081302001;L'Aix à Saint-Germain-Laval;3.987246235;45.83427406;42;l'Aix;LOIRE
K054301201;L'Andrable à Apinac - Les Terrasses;4.016836353;45.391471788;42;l'Andrable;LOIRE
K074401001;L'Anzon à Débats-Rivière-d'Orpra - Cotes;3.952453968;45.763663035;42;l'Anzon;LOIRE
V351561001;L'Argental à Bourg-Argental;4.548308614;45.291580111;42;L'Argental;LOIRE
K058000101;L'Ondaine à Unieux - Le Pertuiset;4.252086421;45.408578412;42;l'Ondaine;LOIRE
K061601001;L'Onzon à Sorbiers;4.438187919;45.506285867;42;l'Onzon;LOIRE
K093701001;L'Oudan à Riorges - Amont pont SNCF [HS];4.045313805;46.063640393;42;l'Oudan;LOIRE
K067331001;La Coise à Saint-Médard-en-Forez - Moulin Brûlé;4.375442113;45.607679115;42;la Coise;LOIRE
V351501001;La Deume à Saint-Julien-Molin-Molette [La Garinière];4.619001494;45.291777051;42;La Deume;LOIRE
K063001010;La Loire à Andrézieux-Bouthéon - Ancienne;4.250299793;45.529860905;42;la Loire;LOIRE
K079001010;La Loire à Balbigny;4.182092398;45.816048239;42;la Loire;LOIRE
K091003010;La Loire à Commelle-Vernay - Barrage de Villerest;4.048727187;45.986916251;42;la Loire;LOIRE
K070001020;La Loire à Feurs - Amont;4.210462815;45.742475251;42;la Loire;LOIRE
K070001010;La Loire à Feurs - Aval – Ancienne;4.210462815;45.742475251;42;la Loire;LOIRE
K069001001;La Loire à Montrond-les-Bains;4.225359399;45.643330184;42;la Loire;LOIRE
K090000101;La Loire à Pinay - Amont - Ancienne;4.129131402;45.86827474;42;la Loire;LOIRE
K090000102;La Loire à Pinay - Aval - Ancienne;4.121157604;45.866670028;42;la Loire;LOIRE
K090000104;La Loire à Saint-Jodard - Pont de la Vourdiat - Ancienne;4.111578364;45.88132705;42;la Loire;LOIRE
K060001001;La Loire à Saint-Just-Saint-Rambert - Barrage de Grangent;4.248623304;45.466739937;42;la Loire;LOIRE
K090000103;La Loire à Saint-Paul-de-Vézelin - La Roche aval - Ancienne;4.093297825;45.898836098;42;la Loire;LOIRE
K091001010;La Loire à Villerest - Aval;4.041950368;46.001550028;42;la Loire;LOIRE
K091001011;La Loire à Villerest - Pont de Villerest;4.046223009;45.995864072;42;la Loire;LOIRE
K091001014;La Loire à Villerest - Pont de Villerest - Q - Exploitation temps réel;4.046223009;45.995864072;42;la Loire;LOIRE
K091001012;La Loire à Villerest - Sortie barrage;4.048439704;45.987423233;42;la Loire;LOIRE
K071401001;La Loise à Salt-en-Donzy;4.288754806;45.739076949;42;la Loise;LOIRE
K064311001;La Mare à Saint-Marcellin-en-Forez - Vérines;4.130570308;45.490037091;42;la Mare;LOIRE
K056753001;La Semène à Jonzieux;4.363365892;45.299894879;42;la Semène;LOIRE
K108401001;La Teyssonne à Changy [La Noaillerie];3.884069257;46.137775818;42;la Teyssonne;LOIRE
K108402001;La Teyssonne à la Bénisson-Dieu;4.04143475;46.150463729;42;la Teyssonne;LOIRE
K070451001;La Toranche à Saint-Cyr-les-Vignes;4.295392912;45.673265602;42;la Toranche;LOIRE
V331501001;La Valencize à Chavanay;4.720106732;45.4128027;42;La Valencize;LOIRE
V331501002;La Valencize à Chavanay - Aval;4.731796221;45.413262188;42;La Valencize;LOIRE
K106301201;Le Bezo [Bras principal] à Charlieu [Rue Jean Laures];4.177950832;46.163413541;42;le Bezo;LOIRE
K062451001;Le Bonson à Saint-Marcellin-en-Forez - Le Bled - Ancienne;4.186933383;45.470300248;42;le Bonson;LOIRE
K062451002;Le Bonson à Saint-Marcellin-en-Forez - Le Bled - Pont;4.18709762;45.470199448;42;le Bonson;LOIRE
V311501001;Le Dorlay à la Terrasse-sur-Dorlay;4.578434537;45.431269704;42;Le Dorlay;LOIRE
K061401001;Le Furan à Andrézieux-Bouthéon;4.258105743;45.522632121;42;le Furan;LOIRE
K061401002;Le Furan à Andrézieux-Bouthéon - Pont de l'Avenue de l'Europe;4.264275495;45.519072374;42;le Furan;LOIRE
K061403001;Le Furan à Saint-Étienne - Gouffre d'Enfer [HS];4.446379691;45.393000783;42;le Furan;LOIRE
K097401001;Le Gand à Neaux;4.187665151;45.9547623;42;le Gand;LOIRE
V311401001;Le Gier à Rive-de-Gier;4.648207658;45.540686895;42;Le Gier;LOIRE
V310401001;Le Gier à Saint-Chamond;4.528268512;45.483444669;42;Le Gier;LOIRE
K072451001;Le Gourtarou [Chanasson] à Civens [La rivière];4.243753576;45.785476893;42;le Gourtarou;LOIRE
K075321001;Le Lignon à Boën;4.002998753;45.743322576;42;le Lignon;LOIRE
K073322002;Le Lignon à Chalmazel - Ancienne;3.867191204;45.696749729;42;le Lignon;LOIRE
K073322001;Le Lignon à Chalmazel - Chevelières;3.867012221;45.696784429;42;le Lignon;LOIRE
K077322101;Le Lignon à Poncins - 1 - Ancienne;4.17173265;45.737543858;42;le Lignon;LOIRE
K077322001;Le Lignon à Poncins - Le Bourg;4.16063558;45.730291847;42;le Lignon;LOIRE
K092401001;Le Renaison à Renaison - Ancienne;3.926536266;46.047373187;42;le Renaison;LOIRE
K098301001;Le Rhins à Saint-Cyr-de-Favières [Pont Mordon] - [HS];4.119080645;45.980335187;42;rivière le rhins;LOIRE
K098301101;Le Rhins à Saint-Vincent-de-Boisset - Pont Maréchal;4.098373386;46.018524341;42;rivière le rhins;LOIRE
K100451001;Le Rhodon à Perreux;4.124541005;46.036423469;42;le Rhodon;LOIRE
K106301002;Le Sornin à Pouilly-sous-Charlieu;4.151682572;46.150316121;42;le Sornin;LOIRE
K106301001;Le Sornin à Pouilly-sous-Charlieu - Ancienne;4.153588664;46.150064682;42;le Sornin;LOIRE
K076331001;Le Vizezy à Essertines-en-Châtelneuf - La Guillanche - Ancienne;4.018640016;45.611439691;42;le Vizezy;LOIRE
K076331201;Le Vizezy à Poncins - Précivet;4.138631563;45.707110149;42;le Vizezy;LOIRE
K056831001;[L'Ecotay] à Marlhes;4.385962936;45.27364465;42;;LOIRE
K259301001;L'Alagnon à Lempdes-sur-Allagnon - Fermée;3.265679425;45.383577702;43;l'Alagnon;HAUTE-LOIRE
K259301002;L'Alagnon à Lempdes-sur-Allagnon - Pont SNCF - Fermée;3.264177531;45.382131518;43;l'Alagnon;HAUTE-LOIRE
K259301301;L'Alagnon à Lempdes-sur-Allagnon [Passerelle];3.267241374;45.386869659;43;l'Alagnon;HAUTE-LOIRE
K258301001;L'Alagnon à Léotoing [Lanau] - [HS];3.219237094;45.355836193;43;l'Alagnon;HAUTE-LOIRE
K221084101;L'Allier à Alleyras - Ancienne;3.672957187;44.947137958;43;l'Allier;HAUTE-LOIRE
K221083001;L'Allier à Alleyras - Barrage de Poutès entrant - Ancienne;3.672957187;44.947137958;43;l'Allier;HAUTE-LOIRE
K221084301;L'Allier à Alleyras [Pont D33];3.671939308;44.919331073;43;l'Allier;HAUTE-LOIRE
K243081001;L'Allier à Auzon - Pont d'Auzon;3.356327267;45.385640289;43;l'Allier;HAUTE-LOIRE
K230081001;L'Allier à Langeac;3.490556685;45.116848521;43;l'Allier;HAUTE-LOIRE
K230081002;L'Allier à Langeac - Historique - Ancienne;3.498822653;45.10070005;43;l'Allier;HAUTE-LOIRE
K221084001;L'Allier à Monistrol-d'Allier - Barrage de Poutès sortant - Ancienne;3.672957187;44.947137958;43;l'Allier;HAUTE-LOIRE
K221084201;L'Allier à Monistrol-d'Allier [EDF - QNR];3.6732544;44.947326328;43;l'Allier;HAUTE-LOIRE
K224082001;L'Allier à Prades - Pont amont Seuges;3.594688984;45.02950225;43;l'Allier;HAUTE-LOIRE
K224082002;L'Allier à Prades - amont du pont - Ancienne;3.597242805;45.027273579;43;l'Allier;HAUTE-LOIRE
K209081001;L'Allier à Saint-Haon - Le Nouveau Monde;3.743386623;44.838886182;43;l'Allier;HAUTE-LOIRE
K233081001;L'Allier à Vieille-Brioude;3.408876799;45.260991129;43;l'Allier;HAUTE-LOIRE
K222303002;L'Ance [du sud] à Saint-Préjet-d'Allier;3.624988573;44.914905037;43;;HAUTE-LOIRE
K222303001;L'Ance [du sud] à Saint-Préjet-d'Allier - Ancienne;3.624795164;44.915743478;43;;HAUTE-LOIRE
K222302001;L'Ance [du sud] à Saint-Préjet-d'Allier [Chambonnet];3.630888245;44.897530408;43;;HAUTE-LOIRE
K054301001;L'Ance à Beauzac - Bérard;4.081133953;45.276223701;43;l'Ance;HAUTE-LOIRE
K054301002;L'Ance à Beauzac - Station débitmétrique;4.081133953;45.276223701;43;l'Ance;HAUTE-LOIRE
K223403201;L'Ance à Monistrol-d'Allier [Pouzas EDF - QNR];3.626179651;44.93303222;43;;HAUTE-LOIRE
K053000101;L'Ance à Saint-Julien-d'Ance [Laprat - EDF];3.939587127;45.308839922;43;l'Ance;HAUTE-LOIRE
K053000102;L'Ance à Saint-Julien-d'Ance [Laprat - EDF];3.939587127;45.308839922;43;l'Ance;HAUTE-LOIRE
K032000101;L'Arzon à Chomelix - Ancienne;3.825415467;45.265337423;43;l'Arzon;HAUTE-LOIRE
K033301001;L'Arzon à Vorey - Pont Eytravazet;3.879560763;45.20645629;43;l'Arzon;HAUTE-LOIRE
K043651001;L'Auze à Araules - Pont - Ancienne;4.177567382;45.085214091;43;l'Auze;HAUTE-LOIRE
K025302002;La Borne à Aiguilhe;3.887927616;45.05017806;43;la Borne;HAUTE-LOIRE
K025301001;La Borne à Chadrac - Ancienne;3.906057452;45.056650348;43;la Borne;HAUTE-LOIRE
K025302001;La Borne à Espaly-Saint-Marcel - Ancienne;3.864249115;45.049301775;43;la Borne;HAUTE-LOIRE
K024301001;La Borne à Saint-Paulien - La Rochelambert;3.793957524;45.120266443;43;la Borne;HAUTE-LOIRE
K231621001;La Cronce à Aubazat;3.438144131;45.141671876;43;la Cronce;HAUTE-LOIRE
K228311002;La Desges à Chanteuges - Bourg Chanteuges;3.532967867;45.072323019;43;la Desges;HAUTE-LOIRE
K228311001;La Desges à Chanteuges - La Cambuse - Amont pont SNCF [Hors service];3.546672501;45.066466974;43;la Desges;HAUTE-LOIRE
K045402001;La Dunières à Dunières;4.332070082;45.220077103;43;la Dunières;HAUTE-LOIRE
K045401001;La Dunières à Sainte-Sigolène - Vaubarlet;4.21458613;45.214752216;43;la Dunières;HAUTE-LOIRE
K226621001;La Fioule à Vissac-Auteyrac [La Croze];3.599286615;45.10079057;43;la Fioule;HAUTE-LOIRE
K021401001;La Gagne à Saint-Germain-Laprade - Les Pandraux;3.980383845;45.012799309;43;la Gagne;HAUTE-LOIRE
K011402001;La Gazeille au Monastier-sur-Gazeille - La Besseyre Haute;4.039683076;44.926836043;43;la Gazeille;HAUTE-LOIRE
K011401001;La Gazeille au Monastier-sur-Gazeille [Ancienne];3.9740548;44.936470836;43;la Gazeille;HAUTE-LOIRE
K011403001;La Gazeille à Chadron - Colempce Bas;3.936053012;44.952653778;43;la Gazeille;HAUTE-LOIRE
K013401001;La Laussonne à Lantriac - Pont de Moulines;3.975279371;44.965336908;43;la Laussonne;HAUTE-LOIRE
K010002201;La Loire à Arlempdes;3.923196937;44.86806846;43;la Loire;HAUTE-LOIRE
K055001010;La Loire à Bas-en-Basset;4.117993226;45.295231598;43;la Loire;HAUTE-LOIRE
K055001011;La Loire à Bas-en-Basset - Station débitmétrique;4.117993226;45.295231598;43;la Loire;HAUTE-LOIRE
K022001001;La Loire à Brives-Charensac [Ancienne];3.928909862;45.04119953;43;la Loire;HAUTE-LOIRE
K026001001;La Loire à Chadrac - Ancienne;3.904983349;45.068004735;43;la Loire;HAUTE-LOIRE
K026001002;La Loire à Chadrac - Pont du Monteil;3.901844912;45.068012172;43;la Loire;HAUTE-LOIRE
K012002010;La Loire à Coubon - Ancienne;3.918036246;44.997717387;43;la Loire;HAUTE-LOIRE
K012002011;La Loire à Coubon - Charentus - Ancienne;3.895813737;44.997432342;43;la Loire;HAUTE-LOIRE
K010002010;La Loire à Goudet;3.921882753;44.889049776;43;la Loire;HAUTE-LOIRE
K010002011;La Loire à Goudet - Station débitmétrique;3.921882753;44.889049776;43;la Loire;HAUTE-LOIRE
K034000101;La Loire à Vorey - Le Chambon de Vorey;3.933441205;45.20327253;43;la Loire;HAUTE-LOIRE
K004551001;La Méjeanne à Saint-Arcons-de-Barges - Montbel;3.944342221;44.825941118;43;la Méjeanne;HAUTE-LOIRE
K056752001;La Semène à Saint-Didier-en-Velay - Le Crouzet;4.249602144;45.314515547;43;la Semène;HAUTE-LOIRE
K239000201;La Senouire à Domeyrat [Blannat];3.498113585;45.258035888;43;la Senouire;HAUTE-LOIRE
K236301001;La Senouire à Paulhaguet [Ancienne] - La Fridière;3.52214171;45.197632481;43;la Senouire;HAUTE-LOIRE
K236302002;La Senouire à Salzuit - Pont RD 641;3.502457973;45.209572544;43;la Senouire;HAUTE-LOIRE
K236302001;La Senouire à Salzuit - STEP;3.502693012;45.210210798;43;la Senouire;HAUTE-LOIRE
K225401001;La Seuge à Saugues;3.550791704;44.971202261;43;la Seuge;HAUTE-LOIRE
K256000101;La Sianne à Blesle [La Bessière] - La Bessière;3.180526599;45.312593823;43;la Sianne;HAUTE-LOIRE
K027401001;La Sumène à Blavozy - Ancienne;3.96254189;45.05748228;43;la Sumène;HAUTE-LOIRE
K027401002;La Sumène à Blavozy - Le Bourg;3.980971335;45.055763727;43;la Sumène;HAUTE-LOIRE
K242401001;La Vendage à Cohade [Largelier];3.364362788;45.336521502;43;la Vendage;HAUTE-LOIRE
K223403001;La Virlange à Saint-Préjet-d'Allier [Freycenet (pompage)];3.578001338;44.929565418;43;la Virlange;HAUTE-LOIRE
K223402001;La Virlange à Saugues [Freycenet];3.573192164;44.926556043;43;la Virlange;HAUTE-LOIRE
K233551001;Le Ceroux à Saint-Just-près-Brioude [Le Mas];3.357164494;45.241349627;43;le Ceroux;HAUTE-LOIRE
K025801001;Le Dolaizon à Vals-près-le-Puy - Les Vigneaux;3.86247821;45.024229317;43;le Dolaizon;HAUTE-LOIRE
K238311001;Le Doulon à Domeyrat;3.508807355;45.252116806;43;le Doulon;HAUTE-LOIRE
K237311001;Le Doulon à Saint-Vert;3.531118574;45.371477091;43;le Doulon;HAUTE-LOIRE
K221084401;Le Gourlong à Alleyras [Pont RD40];3.6773671;44.920702726;43;le Gourlong;HAUTE-LOIRE
K236551001;Le Lidenne à Couteuges [La Tuilerie Basse];3.503358318;45.200645141;43;le Lidenne;HAUTE-LOIRE
K040301001;Le Lignon au Chambon-sur-Lignon;4.300928202;45.057763535;43;le Lignon;HAUTE-LOIRE
K040302001;Le Lignon aux Vastres - Ancienne;4.241930971;44.990467753;43;le Lignon;HAUTE-LOIRE
K040302002;Le Lignon aux Vastres - Pont Marie;4.241930971;44.990467753;43;le Lignon;HAUTE-LOIRE
K043303001;Le Lignon à Grazac - Barrage de la Chapelette;4.178835744;45.167713914;43;le Lignon;HAUTE-LOIRE
K046301002;Le Lignon à Monistrol-sur-Loire [Pont de Lignon] - Station Limnimétrique;4.1502841;45.256802831;43;le Lignon;HAUTE-LOIRE
K046301001;Le Lignon à Monistrol-sur-Loire [Pont de Lignon] - Station débitmétrique;4.1502841;45.256802831;43;le Lignon;HAUTE-LOIRE
K043302010;Le Lignon à Saint-Jeures - Barrage de la Valette;4.209982116;45.149901581;43;le Lignon;HAUTE-LOIRE
K040303201;Le Lignon à Tence - Ancienne;4.275097172;45.140234243;43;le Lignon;HAUTE-LOIRE
K041031001;Le Lignon à Tence - Seuil levée Morin;4.275223351;45.140187775;43;le Lignon;HAUTE-LOIRE
K041031002;Le Lignon à Tence - Seuil levée Morin - Station débitmétrique;4.275223351;45.140187775;43;le Lignon;HAUTE-LOIRE
K043651101;Le Lignon à Yssingeaux [EDF - Versilhac-la-Valette - QNR];4.211981288;45.149795413;43;le Lignon;HAUTE-LOIRE
K222601001;Le Panis à Saint-Préjet-d'Allier [La Romaine];3.630969611;44.898007146;43;le Panis;HAUTE-LOIRE
K035631001;Le Ramel à Beaux - Malataverne;4.075350628;45.170145652;43;le Ramel;HAUTE-LOIRE
K259301401;[Béal] à Lempdes-sur-Allagnon [Bief];3.268735168;45.38659595;43;;HAUTE-LOIRE
K024881001;[La Musette] à Loudes - Vendos - Ancienne;3.766526153;45.095381025;43;;HAUTE-LOIRE
J782401001;L'Aron à Mouais - La Bernardais;-1.689848601;47.713194;44;l'Aron;LOIRE-ATLANTIQUE
M633301010;L'Erdre à Bonnœuvre [Les Basses Provostières];-1.272396868;47.51772337;44;l'Erdre;LOIRE-ATLANTIQUE
M633302010;L'Erdre à Nort-sur-Erdre [Moulin de Vault];-1.48218338;47.464394888;44;l'Erdre;LOIRE-ATLANTIQUE
M632301020;L'Erdre à Saint-Mars-la-Jaille;-1.17867915;47.52488284;44;l'Erdre;LOIRE-ATLANTIQUE
J920251010;L'Isac à Guenrouet [Melneuf];-1.922698991;47.497422126;44;;LOIRE-ATLANTIQUE
J910000101;L'Isac à Saffré - La Noe Peguille;-1.612060565;47.475782472;44;;LOIRE-ATLANTIQUE
M820502010;L'Ognon aux Sorinières [Villeneuve];-1.531963559;47.121540966;44;l'Ognon;LOIRE-ATLANTIQUE
M820501010;L'Ognon à Montbert;-1.467986297;47.039240282;44;l'Ognon;LOIRE-ATLANTIQUE
J780302010;La Chère à Châteaubriant [Béré];-1.388552809;47.719062493;44;la Chère;LOIRE-ATLANTIQUE
J783301020;La Chère à Derval - Pont RN 137;-1.703474793;47.700482908;44;la Chère;LOIRE-ATLANTIQUE
J783301030;La Chère à Derval - Sonde 4m (Aval pont RN 137);-1.703825603;47.700522885;44;la Chère;LOIRE-ATLANTIQUE
J783301010;La Chère à Pierric - Ancienne;-1.732341679;47.701562391;44;la Chère;LOIRE-ATLANTIQUE
M814402010;La Logne à Legé [Le Paradis];-1.604799337;46.88372554;44;la Logne;LOIRE-ATLANTIQUE
M814401010;La Logne à Saint-Colomban [La Roussière];-1.589979367;47.01593745;44;la Logne;LOIRE-ATLANTIQUE
M800002001;La Loire [totale] à Nantes [Roche Maurice] - Usine brulée;-1.633681697;47.19345125;44;la Loire;LOIRE-ATLANTIQUE
M800002201;La Loire au Pellerin;-1.765157606;47.205391781;44;la Loire;LOIRE-ATLANTIQUE
M612001010;La Loire à Ancenis;-1.177255859;47.363503314;44;la Loire;LOIRE-ATLANTIQUE
M840000101;La Loire à Cordemais;-1.889804495;47.277230859;44;la Loire;LOIRE-ATLANTIQUE
M622001010;La Loire à Mauves-sur-Loire;-1.379007553;47.295597324;44;la Loire;LOIRE-ATLANTIQUE
M842001201;La Loire à Montoir-de-Bretagne;-2.088324696;47.305678346;44;la Loire;LOIRE-ATLANTIQUE
M800001010;La Loire à Nantes - Pont Anne de Bretagne;-1.566759232;47.208808864;44;la Loire;LOIRE-ATLANTIQUE
M800001020;La Loire à Nantes - Saint Félix [Ancienne];-1.539972094;47.211594013;44;la Loire;LOIRE-ATLANTIQUE
M800001021;La Loire à Nantes - Salorges;-1.574242681;47.20422086;44;la Loire;LOIRE-ATLANTIQUE
M612001020;La Loire à Oudon;-1.278297624;47.340765312;44;la Loire;LOIRE-ATLANTIQUE
M841000101;La Loire à Paimbœuf;-2.000420596;47.286591035;44;la Loire;LOIRE-ATLANTIQUE
M622001031;La Loire à Saint-Julien-de-Concelles - L'Officière;-1.453686198;47.242528871;44;la Loire;LOIRE-ATLANTIQUE
M622001030;La Loire à Sainte-Luce-sur-Loire - Pont de Bellevue;-1.468840305;47.229718036;44;la Loire;LOIRE-ATLANTIQUE
M622001020;La Loire à Thouaré-sur-Loire;-1.429092472;47.258674159;44;la Loire;LOIRE-ATLANTIQUE
M745301010;La Maine à Remouillé;-1.371328829;47.055701651;44;la Maine;LOIRE-ATLANTIQUE
M730242010;La Sèvre Nantaise à Clisson - La Moine à Clisson;-1.278169853;47.086637956;44;la Sèvre Nantaise;LOIRE-ATLANTIQUE
M730242011;La Sèvre Nantaise à Clisson - Pont de Nid d'Oie;-1.281623582;47.090729635;44;la Sèvre Nantaise;LOIRE-ATLANTIQUE
M750242010;La Sèvre Nantaise à Vertou;-1.482470558;47.165240584;44;la Sèvre Nantaise;LOIRE-ATLANTIQUE
J798061001;La Vilaine à Avessac - Painfaut;-1.976627084;47.678793455;44;;LOIRE-ATLANTIQUE
M850301010;Le Brivet à Pontchâteau;-2.089825012;47.436505137;44;le Brivet;LOIRE-ATLANTIQUE
M635701010;Le Cens à Orvault;-1.623073255;47.267634634;44;le Cens;LOIRE-ATLANTIQUE
M635702010;Le Cens à Orvault [Pont du Cens];-1.57867275;47.248927377;44;le Cens;LOIRE-ATLANTIQUE
M632501010;Le Croissel à Saint-Mars-la-Jaille;-1.168251738;47.522912838;44;le Croissel;LOIRE-ATLANTIQUE
J795301010;Le Don à Conquereuil - Les Rivières;-1.747691207;47.616051942;44;le Don;LOIRE-ATLANTIQUE
J795301020;Le Don à Guémené-Penfao - Juzet;-1.789096024;47.622980087;44;le Don;LOIRE-ATLANTIQUE
J793301010;Le Don à Treffieux [Le Bourg];-1.538878178;47.616853129;44;le Don;LOIRE-ATLANTIQUE
N011302010;Le Falleron à Machecoul [Le Bas Falleron];-1.796051509;46.978658079;44;;LOIRE-ATLANTIQUE
N011303010;Le Falleron à Saint-Étienne-de-Mer-Morte;-1.750349909;46.93042549;44;;LOIRE-ATLANTIQUE
M635702301;Le Gesvres à Treillières;-1.616064368;47.320325654;44;;LOIRE-ATLANTIQUE
M620401010;Le Hâvre à Mésanger [Pont-Esnault];-1.297640562;47.419950959;44;le Hâvre;LOIRE-ATLANTIQUE
J912441010;Le Perche [Ruis de Clégreuc] au Gâvre [Le Bas-Luc];-1.745656701;47.550929122;44;le Perche;LOIRE-ATLANTIQUE
K444301001;L'Ardoux à Lailly-en-Val;1.655754727;47.747510065;45;l'Ardoux;LOIRET
F411000102;L'Aveyron à Montbouy - Les Cerfs;2.836247408;47.876722128;45;L'Aveyron;LOIRET
F411000101;L'Aveyron à la Chapelle-sur-Aveyron;2.870861881;47.862779574;45;L'Aveyron;LOIRET
F450000301;L'Essonne à Bondaroy;2.279115511;48.173994276;45;L'Essonne;LOIRET
K415001301;L'Ethelin à Châtillon-sur-Loire;2.744421295;47.588243027;45;l'Ethelin;LOIRET
F416000101;L'Ouanne à Château-Renard;2.927686917;47.931990881;45;L'Ouanne;LOIRET
F416000102;L'Ouanne à Château-Renard - Centre;2.924808782;47.931287113;45;L'Ouanne;LOIRET
F416000103;L'Ouanne à Château-Renard - Déchetterie;2.924398324;47.928011031;45;L'Ouanne;LOIRET
F416000201;L'Ouanne à Gy-les-Nonains;2.846246907;47.948399543;45;L'Ouanne;LOIRET
H332201001;La Bezonde à Pannes;2.675656766;48.002885449;45;La Bezonde;LOIRET
K428000201;La Bonnée à Saint-Aignan-des-Gués;2.316506457;47.83783723;45;la Bonnée;LOIRET
K428000301;La Bonnée à Saint-Martin-d'Abbat;2.257009821;47.849915262;45;la Bonnée;LOIRET
K428000302;La Bonnée à Saint-Martin-d'Abbat - station débitmétrique;2.257009821;47.849915262;45;la Bonnée;LOIRET
F428000101;La Cléry à Ferrières-en-Gâtinais - Les Collumeaux;2.783382251;48.11232462;45;La Clery;LOIRET
F428000201;La Cléry à Saint-Loup-de-Gonois - La Recette;2.921556796;48.056715054;45;La Clery;LOIRET
K433000201;La Crénolle à Donnery;2.09352964;47.912748048;45;la Crénolle;LOIRET
K438311001;La Dhuy à Saint-Cyr-en-Val - Gobson - Ancienne;1.943903041;47.84922293;45;;LOIRET
K437311001;La Dhuy à Sandillon - La ferme de Louy;2.018526029;47.821185815;45;;LOIRET
K430001010;La Loire à Châteauneuf-sur-Loire - Ancienne;2.223197992;47.859703238;45;la Loire;LOIRET
K415001010;La Loire à Châtillon-sur-Loire - Ancienne;2.767477835;47.591612694;45;la Loire;LOIRET
K415001011;La Loire à Châtillon-sur-Loire - Pont - Ancienne;2.759537277;47.596826317;45;la Loire;LOIRET
K418001020;La Loire à Gien - Le Colombier;2.640696773;47.676801646;45;la Loire;LOIRET
K418001022;La Loire à Gien - Nouveau Pont;2.641573093;47.676807395;45;la Loire;LOIRET
K418001010;La Loire à Gien - Vieux Pont;2.631800114;47.683650637;45;la Loire;LOIRET
K418001021;La Loire à Gien - avant Villerest à Gien;2.631940795;47.682579977;45;la Loire;LOIRET
K418001201;La Loire à Gien [débit complet après Villerest] - débit complet après Villerest;2.631800114;47.683650637;45;la Loire;LOIRET
K435001010;La Loire à Orléans - Pont Royal;1.90452268;47.89796478;45;la Loire;LOIRET
K435001020;La Loire à Orléans - Quai du Roi;1.925717445;47.899367866;45;la Loire;LOIRET
K430002010;La Loire à Saint-Denis-de-l'Hôtel - Pont de Jargeau - Ancienne;2.124937366;47.870451035;45;la Loire;LOIRET
K441409001;La Mauve de Détourbe à Meung-sur-Loire;1.69461322;47.820222839;45;la Mauve de la Détourbe;LOIRET
K419000201;La Notreure à Autry-le-Châtel;2.589719421;47.604058086;45;la Notreure;LOIRET
K476000101;Le Cosson à Ligny-le-Ribault;47.6823065;1.7835086;45;le Cosson;LOIRET
K476000102;Le Cosson à Ligny-le-Ribault;47.6823065;1.7835086;45;le Cosson;LOIRET
K471000201;Le Cosson à Marcilly-en-Villette;47.7394588;2.0168969;45;le Cosson;LOIRET
K473000101;Le Cosson à la Ferté-Saint-Aubin;1.928505468;47.725525485;45;le Cosson;LOIRET
H352201011;Le Fusain à Courtempierre;2.637052302;48.110408242;45;Le Fusain;LOIRET
H352201010;Le Fusain à Courtempierre - Station débitmétrique;2.637052302;48.110408242;45;Le Fusain;LOIRET
K442701001;Le Lien à Tavers;1.614974732;47.754893277;45;le Lien;LOIRET
F422000201;Le Loing à Châlette-sur-Loing [Gué de Lancy];2.732199928;48.035505299;45;Le Loing;LOIRET
F420000101;Le Loing à Montargis - Pont de Tivoli;2.73439845;48.001115897;45;Le Loing;LOIRET
F410000601;Le Loing à Montbouy;2.821546083;47.860760926;45;Le Loing;LOIRET
K439000101;Le Loiret à Olivet - Pont Maréchal Leclerc;1.902164441;47.86826334;45;le Loiret;LOIRET
H320331001;Le Puiseaux à Saint-Hilaire-sur-Puiseaux;2.7008921;47.922290853;45;Le Puiseaux;LOIRET
F421000501;Le Vernisson à Mormant-sur-Vernisson;2.739965422;47.948725425;45;Le Vernisson;LOIRET
F421000401;Le Vernisson à Nogent-sur-Vernisson;2.744165468;47.850007818;45;Le Vernisson;LOIRET
F411000301;Le ru de Vaubiot à Saint-Maurice-sur-Aveyron;2.904059354;47.853433527;45;Ru de Vaubiot;LOIRET
P224000201;L'Alzou à Gramat;1.729305577;44.776862045;46;L'Alzou;LOT
P224000301;L'Alzou à Rocamadour;1.622607702;44.801628045;46;L'Alzou;LOT
P227402002;L'Ouysse à Calès;1.55680979;44.804004667;46;L'Ouysse;LOT
P227402003;L'Ouysse à Calès - L'Ouysse à Calès (Pont RD 673);1.556413039;44.803693344;46;L'Ouysse;LOT
P225000101;L'Ouysse à Lacave [Moulin de Caugnaguet];1.560336707;44.808525847;46;;LOT
P222000101;L'Ouysse à Thémines - Themines;1.8410464;44.745751162;46;L'Ouysse;LOT
P204000201;La Bave à Frayssinhes;1.948175592;44.857851892;46;La Bave;LOT
P205401001;La Bave à Frayssinhes [Le Martinet];1.948137268;44.857838869;46;La Bave;LOT
P204000101;La Bave à Saint-Céré;1.897328418;44.859092831;46;La Bave;LOT
P231502501;La Borrèze à Lachapelle-Auzac;1.471441749;44.907702457;46;La Borrèze;LOT
P231502001;La Borrèze à Lachapelle-Auzac [Lamothe];1.471574846;44.907627338;46;La Borrèze;LOT
P231502201;La Borrèze à Souillac;1.47530614;44.89202764;46;;LOT
P196291001;La Cère à Biars-sur-Cère [Bretenoux];1.838160866;44.916099439;46;La Cère;LOT
P194291001;La Cère à Gagnac-sur-Cère [Brugale];1.918023625;44.943090551;46;La Cère;LOT
P206000101;La Dordogne à Calviac [EDF - Carennac];1.743081324;44.910142786;46;La Dordogne;LOT
P207002001;La Dordogne à Carennac;1.744308418;44.915375677;46;La Dordogne;LOT
P207002002;La Dordogne à Carennac - Ile de la Prade;1.743386052;44.910160558;46;La Dordogne;LOT
P230001001;La Dordogne à Lanzac - Souillac;1.484331012;44.882461668;46;La Dordogne;LOT
O612501001;La Petite Barguelonne à Montcuq;1.190021999;44.333691479;46;La Petite Barguelonne;LOT
P212000301;La Sourdoire à Vayrac;2.213743519;46.227629394;46;La Sourdoire;LOT
O834402001;La Thèze à Saint-Martin-le-Redon - Boussac;1.01663894;44.518886893;46;La Thèze;LOT
P217541101;La Tourmente à Saint-Denis-lès-Martel;1.667980799;44.946475079;46;La Tourmente;LOT
P218431001;La Tourmente à Saint-Denis-lès-Martel;1.66784814;44.946497564;46;La Tourmente;LOT
O830000201;Le Bervezou à Montet-et-Bouxal - Le bervezou à Montet et Bouxal (Longuecoste);2.057968719;44.755818015;46;Le Bervezou;LOT
O811353001;Le Célé à Bagnac-sur-Célé;2.158125656;44.664675392;46;Le Célé;LOT
O813351001;Le Célé à Cabrerets;1.668693323;44.511999725;46;Le Célé;LOT
O811352001;Le Célé à Figeac;2.034167054;44.607031806;46;Le Célé;LOT
O811351001;Le Célé à Figeac [Merlançon];1.984694508;44.588437847;46;Le Célé;LOT
O813352001;Le Célé à Orniac [Les Amis du Célé];1.679108946;44.520192017;46;Le Célé;LOT
P240401001;Le Céou à Frayssinet [Pont de Rhodes];1.476989662;44.673612133;46;Le Céou;LOT
P246401001;Le Céou à Léobard [Jardel];1.287014863;44.714679219;46;Le Céou;LOT
O819000201;Le Girou à Cénevières [Source de Trou madame] - Ruisseau du Girou à Cénevières (source de Trou madame);1.752922708;44.453202471;46;Le Girou;LOT
P217541001;Le Lafondiale à Condat [Le Bayle];1.665591651;45.002418359;46;Le Lafondiale;LOT
O820151001;Le Lot à Bouziès;1.642718863;44.485447132;46;Le Lot;LOT
O843000101;Le Lot à Cahors;1.432384159;44.445232024;46;Le Lot;LOT
O823153002;Le Lot à Cahors - HE;1.442464199;44.442166845;46;Le Lot;LOT
O823153001;Le Lot à Cahors - Lacombe;1.461590903;44.471240443;46;Le Lot;LOT
O818000101;Le Lot à Cajarc [EDF];1.844265165;44.483288258;46;Le Lot;LOT
O798151001;Le Lot à Cajarc [Pont];1.844212496;44.483367161;46;Le Lot;LOT
O795151001;Le Lot à Capdenac;2.070259401;44.573543595;46;Le Lot;LOT
O791152001;Le Lot à Cuzac [Penchot];2.202931842;44.585618133;46;Le Lot;LOT
O797151001;Le Lot à Faycelles;2.015665055;44.556522904;46;Le Lot;LOT
P200000301;Le Mamoul à Cornac;1.892047565;44.912669949;46;Le Mamoul;LOT
P200000201;Le Mamoul à Prudhomat;1.812232017;44.899853093;46;Le Mamoul;LOT
P203000301;Le Tolerme à Sénaillac-Latronquière;2.040950105;44.827420669;46;Le Tolerme;LOT
P203000101;Le Tolerme à Sénaillac-Latronquière [Station AEP] - Le tolerme à Sénaillac (Captage AEP);2.063453247;44.824314461;46;Le Tolerme;LOT
O825501001;Le Vert à Castelfranc [Les Campagnes];1.231889019;44.511204078;46;Le Vert;LOT
O845000501;Le Vert à Saint-Médard - Source de Font Vincent;1.300258112;44.540840292;46;Le Vert;LOT
O845000401;Le Vert à Saint-Médard [Source du Martinet];1.304411769;44.540877157;46;Le Vert;LOT
O828000201;Le Veyre à Bagnac-sur-Célé [Lafage] - Le Veyre à Bagnac (Lafage);2.137969978;44.690791917;46;Le Veyre;LOT
P212000401;Le bras de la Sourdoire à Vayrac;1.713373327;44.954575047;46;Bras de la Sourdoire;LOT
P212000501;Le bras de la Sourdoire à Vayrac;2.213743519;46.227629394;46;Bras de la Sourdoire;LOT
P193000101;Le ruisseau d'Escalmels à Calviac [Lamativie];2.047633078;44.941097845;46;;LOT
P231502701;Le ruisseau de Blagour à Lachapelle-Auzac;1.477747214;44.927429995;46;Ruisseau de Blagour;LOT
P231502301;Le ruisseau de Blagour à Lachapelle-Auzac - Le Blagour;1.477664414;44.927450352;46;Ruisseau de Blagour;LOT
O831000301;Le ruisseau de Planioles à Figeac;44.61465;2.029914;46;Ruisseau de Planioles;LOT
O831000201;Le ruisseau de Planioles à Planioles;44.633866;2.028415;46;Ruisseau de Planioles;LOT
P245431101;Le ruisseau de l'Ourajoux à Gindou - Rigal_Bas;1.266309233;44.650916835;46;Ruisseau de l'Ourajoux;LOT
P245431001;Le ruisseau de l'Ourajoux à Salviac [Lafuste];1.29617456;44.702042459;46;Ruisseau de l'Ourajoux;LOT
P231502801;Le ruisseau du Boulet à Lachapelle-Auzac;1.468268079;44.933523649;46;Ruisseau du Boulet;LOT
P231502401;Le ruisseau du Boulet à Lachapelle-Auzac - Le Boulet;1.468334904;44.93347276;46;Ruisseau du Boulet;LOT
P222000201;[Source de Fontbelle] à Calès - L'ouysse à Calès (Source de Fontbelle);1.563955176;44.79562402;46;;LOT
O615000301;L'Auroue à Caudecoste;0.756278757;44.1071116;47;Rivière de l'Auroue;LOT-ET-GARONNE
O648000101;L'Auvignon à Calignac;0.438356478;44.149739748;47;L'Auvignon;LOT-ET-GARONNE
O913401001;L'Avance à Montpouillan;0.125963471;44.46715824;47;L'Avance;LOT-ET-GARONNE
O928501001;L'Escourou à Soumensac;0.354431795;44.681537115;47;L'Escourou;LOT-ET-GARONNE
O689000101;L'Osse à Andiran;0.29240609;44.122402565;47;L'Osse;LOT-ET-GARONNE
O905502001;L'Ourbise à Villeton;0.260732226;44.362061592;47;L'Ourbise;LOT-ET-GARONNE
O691292001;La Baïse à Lavardac;0.298152911;44.181686382;47;La Baïse;LOT-ET-GARONNE
O669292003;La Baïse à Nérac - (digue+moulin+éclusées);0.335829838;44.14738611;47;La Baïse;LOT-ET-GARONNE
O669292002;La Baïse à Nérac - Digue;0.335828994;44.147404101;47;La Baïse;LOT-ET-GARONNE
O669292001;La Baïse à Nérac - HE;0.341079784;44.134887562;47;La Baïse;LOT-ET-GARONNE
O900001001;La Garonne au Mas-d'Agenais;0.222084244;44.412028723;47;La Garonne;LOT-ET-GARONNE
O640001001;La Garonne à Agen;0.609076799;44.202321284;47;La Garonne;LOT-ET-GARONNE
O909001001;La Garonne à Marmande;0.156215362;44.49967788;47;La Garonne;LOT-ET-GARONNE
O900001002;La Garonne à Tonneins;0.301146886;44.388928239;47;La Garonne;LOT-ET-GARONNE
O679333001;La Gélise à Mézin;0.246413463;44.075076665;47;La Gélise;LOT-ET-GARONNE
O679333002;La Gélise à Mézin - CACG;0.246409071;44.075075287;47;La Gélise;LOT-ET-GARONNE
O679332001;La Gélise à Mézin [Courbian];0.246405667;44.075263199;47;La Gélise;LOT-ET-GARONNE
O647000101;La Lambronne à Lamontjoie;0.519888922;44.072956591;47;La Lambronne;LOT-ET-GARONNE
O858401001;La Lède à Casseneuil;0.634436071;44.446388007;47;La Lède;LOT-ET-GARONNE
O839431001;La Lémance à Cuzorn;0.945903964;44.536264701;47;La Lémance;LOT-ET-GARONNE
O644501001;La Masse de Prayssas à Frégimont;0.484460168;44.266113651;47;Masse de Prayssas;LOT-ET-GARONNE
O619461001;La Séoune à Saint-Pierre-de-Clairac;0.754199138;44.184154563;47;La Séoune;LOT-ET-GARONNE
O847401001;Le Boudouyssou à Penne-d'Agenais;0.80267496;44.387329049;47;Le Boudouyssou;LOT-ET-GARONNE
O637000201;Le Gers à Layrac;0.660666921;44.095269968;47;Le Gers;LOT-ET-GARONNE
O866151001;Le Lot à Aiguillon;0.339465365;44.305919043;47;Le Lot;LOT-ET-GARONNE
O866151002;Le Lot à Aiguillon - Ville;0.341661438;44.306161311;47;Le Lot;LOT-ET-GARONNE
O848153003;Le Lot à Villeneuve-sur-Lot;0.70121584;44.409310987;47;Le Lot;LOT-ET-GARONNE
O848153001;Le Lot à Villeneuve-sur-Lot - Ancienne;0.700596125;44.409721313;47;Le Lot;LOT-ET-GARONNE
O848153002;Le Lot à Villeneuve-sur-Lot - Ancienne;0.712487587;44.401170525;47;Le Lot;LOT-ET-GARONNE
O903401001;Le Tolzac à Varès;0.353438501;44.43295348;47;Le Tolzac;LOT-ET-GARONNE
K207081010;L'Allier à Langogne;3.85689632;44.734147343;48;l'Allier;LOZERE
K207081011;L'Allier à Langogne - Station débitmétrique;3.85689632;44.734147343;48;l'Allier;LOZERE
K208082201;L'Allier à Langogne [Lavalette];3.832521296;44.75686557;48;l'Allier;LOZERE
K208082001;L'Allier à Naussac - La Valette;3.832381708;44.756853103;48;l'Allier;LOZERE
V504661001;L'Altier à Altier [La Goulette];3.889672639;44.459961241;48;L'Altier;LOZERE
V504661002;L'Altier à Altier [La Goulette] - EDF;3.889672639;44.459961241;48;L'Altier;LOZERE
O720251401;L'Urugne [Saint Frézal Bas - source affluent de l'Urugne] à la Canourgue - Saint Frézal Bas;3.224082878;44.42879482;48;L'Urugne;LOZERE
O720251301;L'Urugne [Saint Frézal Haut - source affluent de l'Urugne] à la Canourgue - Saint Frézal Haut;3.22541387;44.429237358;48;L'Urugne;LOZERE
O710060101;L'Urugne à la Canourgue;3.221928276;44.429137868;48;L'Urugne;LOZERE
O316501001;La Brèze à Meyrueis;3.439679863;44.177585855;48;La Brèze;LOZERE
O316502001;La Brèze à Meyrueis [Crouzet];3.436851719;44.179010297;48;La Brèze;LOZERE
K213401001;La Clamouse à Chastanier;3.755399062;44.724306999;48;la Clamouse;LOZERE
O709401001;La Colagne au Monastier-Pin-Moriès;3.254672275;44.508654467;48;La Colagne;LOZERE
O709401002;La Colagne au Monastier-Pin-Moriès - Échelle DREAL 31;3.261661181;44.515578853;48;La Colagne;LOZERE
O711502101;La Colagne à Ribennes [EDF - Ganivet];3.407414843;44.647330875;48;La Colagne;LOZERE
O707402001;La Colagne à Saint-Léger-de-Peyre;3.303945255;44.594511833;48;La Colagne;LOZERE
O315401001;La Jonte à Meyrueis [amont];3.428805117;44.180086146;48;La Jonte;LOZERE
O319401001;La Jonte à Meyrueis [aval];3.427869652;44.180431833;48;La Jonte;LOZERE
O319401002;La Jonte à Meyrueis [aval] - HE;3.428805117;44.180086146;48;La Jonte;LOZERE
O726501001;La Limagnole à Fontans [Saint-Alban];3.359046071;44.777258755;48;La Limagnole;LOZERE
O308435001;La Mimente à Cassagnas;3.730278515;44.271034839;48;La Mimente;LOZERE
O308432001;La Mimente à Florac;3.603110746;44.315520137;48;La Mimente;LOZERE
O308431001;La Mimente à la Salle-Prunet;3.61247386;44.316449574;48;La Mimente;LOZERE
O723403001;La Rimeize à Fau-de-Peyre [Vareilles];3.235849504;44.749103437;48;La Rimeize;LOZERE
O723402001;La Rimeize à Malbouzon [Malpertus];3.235848787;44.74893238;48;La Rimeize;LOZERE
O723401001;La Rimeize à Rimeize;3.320972413;44.766004513;48;La Rimeize;LOZERE
O737000201;La Truyère au Malzieu-Ville [QNR EDF - Le Soulier];3.34860787;44.834796119;48;La Truyère;LOZERE
O720251001;La Truyère à Serverette;3.385702628;44.703253685;48;La Truyère;LOZERE
O703501201;Le Bramont [Les Fonts Droit - Affluent du Bramont] à Saint-Bauzile - Les Fonts Droits;3.470681144;44.469649698;48;Le Bramont;LOZERE
O703501301;Le Bramont [Les Fonts Gauche - Affluent du Bramont] à Saint-Bauzile - Les Fonts Gauche;3.470655779;44.469648807;48;Le Bramont;LOZERE
O703501001;Le Bramont à Saint-Bauzile [Les Fonts];3.471497674;44.4715358;48;Le Bramont;LOZERE
O303521001;Le Briançon aux Bondons [Cocures];3.612759851;44.355668662;48;Le Briançon;LOZERE
O740402001;Le Bès à Marchastel [Gour du Gou - 1];3.123076473;44.638091751;48;Le Bès;LOZERE
O740401001;Le Bès à Marchastel [Gour du Gou - 2];3.109925495;44.638204634;48;Le Bès;LOZERE
O741040101;Le Bès à Marchastel [Pont de Marchastel];3.090055174;44.654940608;48;Le Bès;LOZERE
K214301001;Le Chapeauroux à Auroux [1];3.715116649;44.767340519;48;le Chapeauroux;LOZERE
K214301002;Le Chapeauroux à Auroux [1] - après Naussac;3.715053233;44.767322921;48;le Chapeauroux;LOZERE
K212301001;Le Chapeauroux à Châteauneuf-de-Randon - Hermet [Hors service];3.699378715;44.67256427;48;le Chapeauroux;LOZERE
K214301101;Le Chapeauroux à Grandrieu [Moulin Chirac] - Ancienne;3.705767444;44.786739916;48;le Chapeauroux;LOZERE
K212301002;Le Chapeauroux à Pierrefiche - Pont de Baves;3.696897429;44.669851977;48;le Chapeauroux;LOZERE
K217302001;Le Chapeauroux à Saint-Bonnet-de-Montauroux;3.712074055;44.817518787;48;le Chapeauroux;LOZERE
K217302101;Le Chapeauroux à Saint-Bonnet-de-Montauroux - Chapeauroux [HS];3.736921929;44.835165753;48;le Chapeauroux;LOZERE
O724501001;Le Chapouillet à Rimeize [Chassignoles];3.295276118;44.791780049;48;Le Chapouillet;LOZERE
V504881601;Le Chassezac à Prévenchères - Echelle d'annonce de crue (EAC);3.907633214;44.522442171;48;Le Chassezac;LOZERE
K207503101;Le Donozau à Langogne [Pont de Bonjour];3.808534209;44.715000468;48;le Donozau;LOZERE
K207501001;Le Donozau à Naussac;3.825189648;44.747776273;48;le Donozau;LOZERE
K207502001;Le Donozau à Naussac - Aval;3.828718752;44.750631063;48;le Donozau;LOZERE
K207503001;Le Donozau à Naussac - Barrage de Naussac;3.825189648;44.747776273;48;le Donozau;LOZERE
O711050202;Le Doulou à Banassac [Ferrière] - L'Escure;3.151098121;44.442148505;48;Le Doulou;LOZERE
O711050201;Le Doulou à Saint-Pierre-de-Nogaret [Ferrière];3.152390262;44.441372558;48;Le Doulou;LOZERE
V710521401;Le Gard à Saint-Étienne-Vallée-Française [DREAL LR];3.839373856;44.169945312;48;Le Gard;LOZERE
V710401001;Le Gard à Saint-Étienne-Vallée-Française [Roq.];3.824417662;44.187242168;48;Le Gard;LOZERE
V710521501;Le Gard à Saint-Étienne-Vallée-Française [les Solièges];3.843118125;44.171652667;48;Le Gard;LOZERE
V715623101;Le Gardon d'Alès au Collet-de-Dèze - Echelle d'annonce de crue (EAC);3.925573199;44.244576456;48;Le Gardon d'Alès;LOZERE
V715622601;Le Gardon d'Alès à Saint-Privat-de-Vallongue [la farelle];3.860287278;44.266846521;48;Le Gardon d'Alès;LOZERE
V710521001;Le Gardon de Saint-Germain à Saint-Germain-de-Calberte [Bastide];3.831675657;44.206207295;48;Gardon de Saint-Germain;LOZERE
V711501002;Le Gardon de Sainte-Croix à Gabriac - Pont Campéménard;3.715020347;44.192196468;48;Le Gardon de Sainte-Croix;LOZERE
V711501001;Le Gardon de Sainte-Croix à Gabriac - Pont Ravagers;3.715948467;44.191490183;48;Le Gardon de Sainte-Croix;LOZERE
V711501401;Le Gardon de Sainte-Croix à Saint-Étienne-Vallée-Française [Pont du Martinet];3.84097079;44.156815651;48;Le Gardon de Sainte-Croix;LOZERE
V711501301;Le Gardon de Sainte-Croix à Sainte-Croix-Vallée-Française;3.74190799;44.180801079;48;Le Gardon de Sainte-Croix;LOZERE
V711501302;Le Gardon de Sainte-Croix à Sainte-Croix-Vallée-Française - Echelle d'Annonce de Crues (EAC);3.742114379;44.180108844;48;Le Gardon de Sainte-Croix;LOZERE
K216311001;Le Grandrieu à Grandrieu;3.636900487;44.788822524;48;le Grandrieu;LOZERE
K206401003;Le Langouyrou à Langogne - Cinéma;3.857203155;44.726095839;48;le Langouyrou;LOZERE
K206401002;Le Langouyrou à Langogne - Passerelle bois;3.857646323;44.730315048;48;le Langouyrou;LOZERE
K206401001;Le Langouyrou à Langogne - Pont SNCF [Hors service];3.859319814;44.731553565;48;le Langouyrou;LOZERE
O704000201;Le Lot [Ruisseau du Triadou - Affluent du Lot] à Chanac - Bernades;3.337267792;44.460030378;48;Le Lot;LOZERE
O700151002;Le Lot à Bagnols-les-Bains;3.664959576;44.506908728;48;Le Lot;LOZERE
O704000101;Le Lot à Balsièges [EDF - Bramonas];3.424420926;44.480657213;48;Le Lot;LOZERE
O710151001;Le Lot à Banassac [La Mothe];3.198483488;44.442550463;48;Le Lot;LOZERE
O702153001;Le Lot à Mende - Amont;3.497785307;44.521446171;48;Le Lot;LOZERE
O702153002;Le Lot à Mende - Aval;3.489360745;44.518276726;48;Le Lot;LOZERE
O702153003;Le Lot à Mende - HE;3.494911479;44.520891943;48;Le Lot;LOZERE
O701151001;Le Lot à Sainte-Hélène;3.595999783;44.52641502;48;Le Lot;LOZERE
O710064101;Le Lot à la Canourgue - Ruisseau du Saint-Frézal;3.221705292;44.429939487;48;Le Lot;LOZERE
O301552001;Le Rieumalet au Pont-de-Montvert;3.74471862;44.364721;48;Le Rieumalet;LOZERE
O312102301;Le Tarn [Le Burle - Affluent du Tarn] à Sainte-Enimie - Burle;3.410321758;44.366271512;48;Le Tarn;LOZERE
O312102101;Le Tarn [Source Affluent du Tarn au centre du village de Saint Chély] à Mas-Saint-Chély - Saint Chély centre;44.3359448;3.3840947;48;Le Tarn;LOZERE
O312102201;Le Tarn [Source du Moulin de Cénaret affluent du Tarn] à Mas-Saint-Chély - Saint Chély Cénarette;3.383610457;44.335313029;48;Le Tarn;LOZERE
O301552101;Le Tarn au Pont-de-Montvert [Ancien];3.725431686;44.359853703;48;;LOZERE
O301552102;Le Tarn au Pont-de-Montvert [Ancien] - Corrigé;3.725431686;44.359853703;48;;LOZERE
O301101001;Le Tarn au Pont-de-Montvert [Fontchalettes];3.755317259;44.360579869;48;Le Tarn;LOZERE
O313000101;Le Tarn aux Vignes [Source de Beldoire] - Station de Beldoire;3.235923428;44.287666262;48;Le Tarn;LOZERE
O314101201;Le Tarn aux Vignes [Source de Rouveyrol] - Station de Rouveyrol;3.226405688;44.276596681;48;Le Tarn;LOZERE
O303101001;Le Tarn à Bédouès [Cocures];3.620507116;44.345912277;48;Le Tarn;LOZERE
O312102002;Le Tarn à Montbrun - Pont de Montbrun;3.496770014;44.333019942;48;Le Tarn;LOZERE
O312102001;Le Tarn à Quézac;3.496770014;44.333019942;48;Le Tarn;LOZERE
O313000201;Le Tarn à Saint-Georges-de-Lévéjac [Source de Fontmaure] - Station de Fontmaure;3.239336477;44.297659379;48;Le Tarn;LOZERE
O300102001;Le Tarn à Saint-Maurice-de-Ventalon [Teste Pies];3.806467262;44.372387781;48;Le Tarn;LOZERE
O309501001;Le Tarnon [source] à Florac;3.593240272;44.323585314;48;Le Tarnon;LOZERE
O306401001;Le Tarnon à Florac;3.598202929;44.313800619;48;Le Tarnon;LOZERE
O306403001;Le Tarnon à Florac - HE;3.590724838;44.331211553;48;Le Tarnon;LOZERE
O309402001;Le Tarnon à Florac [Pont de la Bécède];3.595474692;44.326201736;48;Le Tarnon;LOZERE
O306402001;Le Tarnon à Vebron;3.598280904;44.315249462;48;Le Tarnon;LOZERE
O306404001;Le Tarnon à Vebron;3.57831117;44.238222728;48;Le Tarnon;LOZERE
O700151201;Le ruisseau de Coste Rouge à Saint-Julien-du-Tournel - Saint Julien du Tournel;3.663080599;44.478809724;48;Ruisseau de Coste Rouge;LOZERE
O300671001;Le ruisseau de Goudesche à Saint-Maurice-de-Ventalon [La Cépède];3.788503275;44.34143391;48;Ruisseau de Goudesche;LOZERE
V710521601;Le ruisseau de Mirabelle [Source de Mirabelle] à Saint-Germain-de-Calberte - Saint Germain de Calberte;3.794039262;44.227461248;48;Ruisseau de Mirabelle;LOZERE
O302621001;Le ruisseau de Runes [ou Rhunes] aux Bondons [Rhunes];3.675883844;44.385302648;48;Ruisseau de Runes;LOZERE
O720251201;Le ruisseau de Saint-Saturnin à Banassac - Station de Roquaizou;3.17112453;44.403852263;48;Ruisseau de Saint-Saturnin;LOZERE
O701581001;Le ruisseau de l'Esclancide à Pelouse [Les Salces];3.618723939;44.541045176;48;Ruisseau de l'Esclancide;LOZERE
O721000101;Le ruisseau de l'Hermet à Trélans - Monfalgoux;3.083958793;44.526222791;48;Ruisseau de l'Hermet;LOZERE
O717501201;Le ruisseau del Bouos [Source affluent du ruisseau del Bouos] aux Salces - Monastier;3.177498596;44.549672491;48;valat de las rives;LOZERE
O300561001;Le ruisseau des Pouzets au Pont-de-Montvert [Salarials];3.797725034;44.374557973;48;Ruisseau des Pouzets;LOZERE
O708501001;Le ruisseau du Coulagnet à Marvejols;3.30962809;44.550986983;48;Ruisseau du Coulagnet;LOZERE
O300581001;Les Planches [ru les Planches] au Pont-de-Montvert [Cros];3.790409927;44.373809549;48;Les Planches;LOZERE
O750252201;[Ruisseau Fontanilles] à Nasbinals - Fontrouge;3.035461115;44.619866434;48;;LOZERE
K206401101;[Source Pous] à Saint-Flour-de-Mercoire - Pous;3.816249632;44.689865392;48;;LOZERE
O730000201;[Source Saint Amans] à Estables - Saint Amans;3.475985202;44.677928596;48;;LOZERE
O711502201;[Source Saint Gal - alimente Ruisseau de Chanisse] à Ribennes - Ribennes;3.408749124;44.632087193;48;;LOZERE
M383401020;L'Argos à Marans;-0.868532278;47.650730779;49;l'Argos;MAINE-ET-LOIRE
M383401030;L'Argos à Marans - La Grande Pommeraie;-0.865652216;47.655640585;49;l'Argos;MAINE-ET-LOIRE
M383401010;L'Argos à Sainte-Gemmes-d'Andigné - Basse Rivière;-0.866716336;47.64585467;49;l'Argos;MAINE-ET-LOIRE
M521541010;L'Aubance [Ruisseau de l'Aubance] à Chemillé [La Chaperonnière];-0.751337853;47.224612287;49;l'Aubance;MAINE-ET-LOIRE
M501421020;L'Aubance à Soulaines-sur-Aubance - Charuau;-0.507170137;47.375303825;49;l'Aubance;MAINE-ET-LOIRE
M501421010;L'Aubance à Soulaines-sur-Aubance - Noizé;-0.518513985;47.375531763;49;l'Aubance;MAINE-ET-LOIRE
L922000103;L'Authion aux Ponts-de-Cé [Pont Bourguignon] - Station CM1200;-0.527917009;47.430680285;49;l'Authion;MAINE-ET-LOIRE
L922000102;L'Authion aux Ponts-de-Cé [Pont Bourguignon] - Station Ultraflux;-0.527917009;47.430680285;49;l'Authion;MAINE-ET-LOIRE
L922000101;L'Authion aux Ponts-de-Cé [Pont Bourguignon] - active de 1967 à 1972;-0.528118175;47.430564159;49;l'Authion;MAINE-ET-LOIRE
L910000101;L'Authion à Longué-Jumelles - Active de 1967 à 1980;-0.190671542;47.376754899;49;l'Authion;MAINE-ET-LOIRE
M632301010;L'Erdre à Candé - La Grée;-1.047996595;47.559791392;49;l'Erdre;MAINE-ET-LOIRE
M601303010;L'Evre à Beaupréau [Moulin de la Gobinière];-0.968529579;47.192602509;49;rivière l'èvre;MAINE-ET-LOIRE
M601301020;L'Evre à la Chapelle-Saint-Florent - Moulin Rochard;-1.061397413;47.29354379;49;rivière l'èvre;MAINE-ET-LOIRE
M601301010;L'Evre à la Chapelle-Saint-Florent - Pont Dalaine;-1.052109041;47.310211581;49;rivière l'èvre;MAINE-ET-LOIRE
M521401010;L'Hyrôme à Chanzeaux;-0.646094421;47.266527146;49;l'Hyrôme;MAINE-ET-LOIRE
M521401020;L'Hyrôme à Saint-Lambert-du-Lattay;-0.621667188;47.302060918;49;l'Hyrôme;MAINE-ET-LOIRE
M386181010;L'Oudon à Andigné [Port aux Anglais];-0.76553957;47.66770637;49;l'Oudon;MAINE-ET-LOIRE
M377181010;L'Oudon à Châtelais [Marcillé];-0.926544738;47.773925098;49;l'Oudon;MAINE-ET-LOIRE
M385181010;L'Oudon à Segré [écluse de Maingué];-0.860742011;47.686370346;49;l'Oudon;MAINE-ET-LOIRE
M385181011;L'Oudon à Segré [écluse de Maingué] - station écourues;-0.861055477;47.686828587;49;l'Oudon;MAINE-ET-LOIRE
M621401010;La Divatte à Landemont;-1.263637019;47.259137251;49;la Divatte;MAINE-ET-LOIRE
M510431010;La Gaubretière à Cléré-sur-Layon [Le Mureau];-0.449786921;47.08118619;49;;MAINE-ET-LOIRE
L870001010;La Loire aux Ponts-de-Cé;-0.52167928;47.418661535;49;la Loire;MAINE-ET-LOIRE
M530001020;La Loire à Chalonnes-sur-Loire;-0.762216653;47.353951667;49;la Loire;MAINE-ET-LOIRE
L870001020;La Loire à Gennes;-0.230904781;47.345018049;49;la Loire;MAINE-ET-LOIRE
M530001030;La Loire à Ingrandes;-0.922009552;47.402229136;49;la Loire;MAINE-ET-LOIRE
M530001010;La Loire à Montjean-sur-Loire;-0.861086835;47.392237172;49;la Loire;MAINE-ET-LOIRE
L800001030;La Loire à Montsoreau;0.062725437;47.21563207;49;la Loire;MAINE-ET-LOIRE
L800001010;La Loire à Montsoreau - Ancienne;0.048469814;47.222657079;49;la Loire;MAINE-ET-LOIRE
M530001040;La Loire à Saint-Florent-le-Vieil;-1.014710679;47.364279341;49;la Loire;MAINE-ET-LOIRE
L870001030;La Loire à Saint-Mathurin-sur-Loire;-0.318663129;47.408685712;49;la Loire;MAINE-ET-LOIRE
L800001020;La Loire à Saumur;-0.074335211;47.263292064;49;la Loire;MAINE-ET-LOIRE
M500001020;La Loire à la Possonnière;-0.683961153;47.370970145;49;la Loire;MAINE-ET-LOIRE
M410191050;La Maine à Angers - Basse Chaîne;-0.563072231;47.470105687;49;la Maine;MAINE-ET-LOIRE
M410191040;La Maine à Angers - Haute Chaîne;-0.554044115;47.477437234;49;la Maine;MAINE-ET-LOIRE
M410191010;La Maine à Angers - Pont de Verdun;-0.557874;47.47290404;49;la Maine;MAINE-ET-LOIRE
M363091010;La Mayenne à Chambellay;-0.688248977;47.678119693;49;la Mayenne;MAINE-ET-LOIRE
M720302010;La Moine à Cholet [Pont RN249];-0.92520974;47.054558794;49;la Moine;MAINE-ET-LOIRE
M720301010;La Moine à Maulévrier [La Rousselière];-0.812300559;47.010416076;49;la Moine;MAINE-ET-LOIRE
M721301010;La Moine à Roussay [Clopin];-1.05738667;47.095875322;49;la Moine;MAINE-ET-LOIRE
M721302010;La Moine à Saint-Crespin-sur-Moine;-1.184770951;47.095730617;49;la Moine;MAINE-ET-LOIRE
M381611010;La Nymphe à Noëllet;-1.0923595;47.695773492;49;;MAINE-ET-LOIRE
M731401010;La Sanguèze à Tillières [Moulin Pichon];-1.222235186;47.141331259;49;la Sanguèze;MAINE-ET-LOIRE
M073061010;La Sarthe à Cheffes;-0.506374;47.62086204;49;;MAINE-ET-LOIRE
M072061010;La Sarthe à Châteauneuf-sur-Sarthe;-0.486632182;47.678282349;49;la Sarthe;MAINE-ET-LOIRE
M382301010;La Verzée au Bourg-d'Iré [La Pommeraye];-0.951341311;47.678907623;49;la Verzée;MAINE-ET-LOIRE
M381301010;La Verzée à Noëllet [Le Douet];-1.074778693;47.699100676;49;la Verzée;MAINE-ET-LOIRE
M601401010;Le Beuvron à Andrezé [Tuvache];-0.962136555;47.177984237;49;le Beuvron;MAINE-ET-LOIRE
M411401010;Le Brionneau à Avrillé [La Poële];-0.610791203;47.496046592;49;le Brionneau;MAINE-ET-LOIRE
M411401201;Le Brionneau à la Meignanne - Le Brionneau;-0.667706597;47.518444839;49;le Brionneau;MAINE-ET-LOIRE
L921000401;Le Couasnon à Beaufort-en-Vallée;-0.236387486;47.454998424;49;le Couasnon;MAINE-ET-LOIRE
L921000201;Le Couasnon à Gée - Active de 1967 à 1983;-0.229343845;47.455971224;49;le Couasnon;MAINE-ET-LOIRE
L920000201;Le Couasnon à Pontigné - Active de 1967 à 1984;-0.037566726;47.541426666;49;le Couasnon;MAINE-ET-LOIRE
M511690010;Le Girondeau à Martigné-Briand;-0.419850941;47.224005242;49;;MAINE-ET-LOIRE
L911000701;Le Lathan à Longué-Jumelles [La Moutonnerie];-0.148014169;47.381377847;49;;MAINE-ET-LOIRE
L911000602;Le Lathan à Vernantes - Moulin Guet active depuis 2012;-0.026256295;47.408203176;49;;MAINE-ET-LOIRE
L911000601;Le Lathan à Vernantes - de 1967 à 1982;-0.01532196;47.410870773;49;;MAINE-ET-LOIRE
M510201010;Le Layon à Saint-Georges-sur-Layon;-0.374479334;47.19299553;49;le Layon;MAINE-ET-LOIRE
M522201010;Le Layon à Saint-Lambert-du-Lattay - Pont de Bézigon;-0.632160202;47.316359144;49;le Layon;MAINE-ET-LOIRE
M153161010;Le Loir à Durtal;-0.245141568;47.669491388;49;le Loir;MAINE-ET-LOIRE
M156161010;Le Loir à Seiches-sur-le-Loir;-0.365782559;47.576661372;49;le Loir;MAINE-ET-LOIRE
M512431010;Le Lys à Aubigné-sur-Layon [La Guimardière];-0.481930752;47.223633643;49;le Lys;MAINE-ET-LOIRE
M630431010;Le Pont Ménard à la Cornuaille [La Giraudaie];-1.015354223;47.544300501;49;le Pont Ménard;MAINE-ET-LOIRE
L921000301;Le Tarry à Mazé - Active de 1967 à 1984;-0.234814757;47.480205104;49;le Tarry;MAINE-ET-LOIRE
L860211001;Le Thouet à Chacé;-0.080339787;47.215742716;49;le Thouet;MAINE-ET-LOIRE
L860211002;Le Thouet à Chacé - Pont de Chacé;-0.080336082;47.215744977;49;le Thouet;MAINE-ET-LOIRE
L840211002;Le Thouet à Montreuil-Bellay - Montreuil St Eloi;-0.142074829;47.144899181;49;le Thouet;MAINE-ET-LOIRE
L840211001;Le Thouet à Montreuil-Bellay - Pont Napoléon;-0.154410668;47.135904691;49;le Thouet;MAINE-ET-LOIRE
M720641010;Le Trézon à Mazières-en-Mauges;-0.775454608;47.047709363;49;le Trézon;MAINE-ET-LOIRE
L911000501;Le bras du Lathan à Vernantes - Active de 1974 à 1982;-0.002328593;47.407118762;49;;MAINE-ET-LOIRE
L922000201;Les Aunaies à Bauné - Active de 1967 à 1977;-0.31917763;47.494752453;49;les Aunaies;MAINE-ET-LOIRE
M385481010;[Le Tileul] à Saint-Sauveur-de-Flée;-0.79412028;47.751178913;49;;MAINE-ET-LOIRE
M631561010;[Les Grands Gués] à Angrie [Les Tuyas];-1.03312556;47.571987855;49;;MAINE-ET-LOIRE
I710202001;L'Airou au Mesnil-Rogues;-1.365176738;48.867056191;50;L'Airou;MANCHE
I710201001;L'Airou à Ver;-1.388033859;48.898013902;50;L'Airou;MANCHE
I698301001;L'Ay à Ancteville;-1.467097303;49.108008343;50;L'Ay;MANCHE
I925301001;L'Oir à Ducey;-1.2853263;48.627800805;50;L'Oir;MANCHE
I925301002;L'Oir à Ducey - ancienne;-1.2853263;48.627800805;50;L'Oir;MANCHE
I928000101;L'Oir à Ducey [Les Chéris];-1.259068236;48.641769084;50;L'Oir;MANCHE
I803381001;La Braize à Lolif;-1.379888784;48.725532076;50;La Braize;MANCHE
I694311001;La Divette à Cherbourg-Octeville;-1.624575768;49.621220204;50;La Divette;MANCHE
I652000101;La Divette à Martinvast [Le Boulay];-1.668023254;49.603830854;50;La Divette;MANCHE
I696421001;La Diélette à Tréauville [Diélette];-1.855629595;49.551513252;50;;MANCHE
I640101001;La Douve à Beuzeville-la-Bastille;-1.369686121;49.358346314;50;La Douve;MANCHE
I642101001;La Douve à Carentan [La Barquette];-1.247821881;49.324354695;50;La Douve;MANCHE
I620101001;La Douve à Magneville [Les Allains];-1.56473203;49.43764491;50;La Douve;MANCHE
I620102001;La Douve à Néhou [Pont Romare];-1.567017793;49.438665999;50;La Douve;MANCHE
I621101001;La Douve à Saint-Sauveur-le-Vicomte;-1.525495557;49.386631586;50;La Douve;MANCHE
I621101002;La Douve à Saint-Sauveur-le-Vicomte;-1.525495557;49.386631586;50;La Douve;MANCHE
I501361701;La Douve à Sottevast;-1.590017305;49.523736108;50;La Douve;MANCHE
I692301001;La Saire à Anneville-en-Saire;-1.289138011;49.635061842;50;La Saire;MANCHE
I506000201;La Scye à Bricquebec [Le Valdécie - RD 50];-1.655211947;49.438805958;50;La Scye;MANCHE
I711101001;La Sienne à Cérences;-1.426509584;48.921041329;50;La Sienne;MANCHE
I702101001;La Sienne à Sainte-Cécile [1];-1.194411811;48.839828031;50;La Sienne;MANCHE
I702102001;La Sienne à Sainte-Cécile [2];-1.201701022;48.836996238;50;La Sienne;MANCHE
I713101001;La Sienne à Trelly [Moulin-de-Sey];-1.451671827;48.962224031;50;La Sienne;MANCHE
I722202001;La Soulles à Coutances;-1.444313029;49.036393829;50;La Soulles;MANCHE
I722201001;La Soulles à Nicorps;-1.40703327;49.039354022;50;La Soulles;MANCHE
I720201001;La Soulles à Soulles [Le Bourg];-1.18913145;49.002118501;50;La Soulles;MANCHE
I807000101;La Sée à Brécey [La Grattemondière];-1.199543735;48.712114547;50;La See;MANCHE
I800201001;La Sée à Chérencé-le-Roussel;-1.016440782;48.712119679;50;La See;MANCHE
I803202001;La Sée à Tirepied [CD 104];-1.261825033;48.708931261;50;La See;MANCHE
I923301301;La Sélune à Ducey [EDF - Vézins];-1.233497944;48.579264655;50;La Selune;MANCHE
I903101001;La Sélune à Notre-Dame-du-Touchet;-0.969946704;48.598371185;50;La Selune;MANCHE
I922102001;La Sélune à Saint-Aubin-de-Terregatte [Signy];-1.292804049;48.596227046;50;La Selune;MANCHE
I655201001;La Taute à Saint-Hilaire-Petitville;-1.234114915;49.301835861;50;La Taute;MANCHE
I650201001;La Taute à Saint-Sauveur-Lendelin;-1.39323445;49.116585033;50;La Taute;MANCHE
I790341001;La Vanlée à Bréhal [Pont-Guyot];-1.542090764;48.897965804;50;La Vanlee;MANCHE
I523101001;La Vire à Montmartin-en-Graignes;-1.130631246;49.259451194;50;La Vire;MANCHE
I522101001;La Vire à Saint-Lô [Pont de Gourfaleur];-1.091729369;49.085272663;50;La Vire;MANCHE
I512102001;La Vire à Tessy-sur-Vire;-1.055407971;48.974958567;50;La Vire;MANCHE
I925351101;Le Beuvron à Saint-James [Moulin du Prieur];-1.318730489;48.525631123;50;Le Beuvron;MANCHE
I923301001;Le Beuvron à Saint-Senier-de-Beuvron;-1.31394684;48.577408472;50;Le Beuvron;MANCHE
I696382001;Le Grand Douet à Héauville;-1.828493658;49.581687709;50;Le Grand Douet;MANCHE
I696381001;Le Grand Douet à Vasteville [Pont des Sablons];-1.819855153;49.595410163;50;Le Grand Douet;MANCHE
I630202001;Le Merderet à Gourbesville [Pont de Brehay];-1.381565744;49.434507257;50;Le Merderet;MANCHE
I632201001;Le Merderet à Picauville [Pont de la Fière];-1.364576947;49.400860028;50;Le Merderet;MANCHE
I630201001;Le Merderet à Valognes;-1.474489051;49.501934365;50;Le Merderet;MANCHE
I696401001;Le Petit Douet à Héauville;-1.826896193;49.572513755;50;Le Petit Douet;MANCHE
I791361001;Le Thar à Jullouville;-1.532467099;48.783936069;50;Le Thar;MANCHE
I791361002;Le Thar à Jullouville;-1.53198888;48.784080348;50;Le Thar;MANCHE
I694301001;Le Trottebec à la Glacerie [Le Val Joli];-1.568185792;49.615640998;50;Le Trottebec;MANCHE
I524301001;Le bras de l'Elle à Saint-Jean-de-Savigny;-1.007038397;49.201071217;50;Bras de l'Elle;MANCHE
I695351001;Le ruisseau Lucas à Querqueville;-1.711216014;49.651187367;50;Ruisseau Lucas;MANCHE
I694341001;Le ruisseau de Houlbecq à Flottemanville-Hague;-1.711619258;49.611418469;50;Ruisseau de Houlbecq;MANCHE
I514301001;Le ruisseau de Precurbin à Condé-sur-Vire;-1.018325598;49.055717867;50;Ruisseau de Precurbin;MANCHE
I925351001;Le ruisseau de la Roche à Isigny-le-Buat [La Mancelière];-1.17695984;48.638229093;50;Ruisseau de la Roche;MANCHE
I791301001;Le ruisseau du Boscq à Yquelon;-1.556369628;48.850112477;50;Ruisseau du Boscq;MANCHE
I929000201;[La Manche] à Courtils - La Roche-Torin;-1.423273948;48.642536762;50;;MANCHE
H602101001;L'Aisne à Passavant-en-Argonne;4.970668023;49.019222018;51;L'Aisne;MARNE
H602102001;L'Aisne à Verrières;4.914314557;49.067920606;51;L'Aisne;MARNE
H602321001;L'Ante à Châtrices;4.911758787;49.052428424;51;L'Ante;MARNE
H642302001;L'Ardre à Faverolles-et-Coëmy;3.789768704;49.232674596;51;L'Ardre;MARNE
H642301001;L'Ardre à Fismes;3.672861951;49.306948347;51;L'Ardre;MARNE
H603321001;L'Auve à Dommartin-Dampierre;4.823200291;49.067679056;51;L'Auve;MARNE
H517311001;La Bruxenelle à Brusson;4.697284774;48.74719693;51;La Bruxenelle;MARNE
H514262001;La Chée à Bettancourt-la-Longue;4.88493767;48.819222248;51;La Chee;MARNE
H520421001;La Coole à Écury-sur-Coole;4.339680651;48.902011207;51;La Coole;MARNE
H520101201;La Marne [débit dérivé] à Condé-sur-Marne [Châlons];4.175239181;49.04300701;51;La Marne;MARNE
H520101101;La Marne [rivière] à Châlons-en-Champagne [avant 02/89];4.353723063;48.950951321;51;La Marne;MARNE
H520101003;La Marne à Châlons-en-Champagne;4.353723063;48.950951321;51;La Marne;MARNE
H520101002;La Marne à Châlons-en-Champagne - Après grand lac et avant 02/89;4.353723063;48.950951321;51;La Marne;MARNE
H520101001;La Marne à Châlons-en-Champagne - Avant création grand lac;4.353723063;48.950951321;51;La Marne;MARNE
H520101004;La Marne à Châlons-en-Champagne - Observateur;4.353877678;48.951120456;51;La Marne;MARNE
H523102501;La Marne à Damery;3.860433237;49.070303942;51;La Marne;MARNE
H509101001;La Marne à Frignicourt - Avant création grand lac;4.587473264;48.700911467;51;La Marne;MARNE
H509101002;La Marne à Frignicourt - après création grand lac;4.587459406;48.700902655;51;La Marne;MARNE
F613000102;La Marne à Reuil - Station débitmétrique;3.797567466;49.081410891;51;La Marne;MARNE
F606000101;La Marne à Sogny-aux-Moulins;4.399236147;48.903200998;51;La Marne;MARNE
H520100501;La Marne à la Chaussée-sur-Marne;4.505038808;48.838972996;51;La Marne;MARNE
F613000201;La Marne à Épernay;3.961793177;49.051227426;51;La Marne;MARNE
H631321001;La Py à Dontrien;4.411744892;49.24411543;51;La Py;MARNE
H517201001;La Saulx à Vitry-en-Perthois;4.626324546;48.746151576;51;La Saulx;MARNE
F200000101;La Seine à Conflans-sur-Seine - Barrage (amont) [VNF];3.687643303;48.547081597;51;La Seine;MARNE
F200000102;La Seine à Conflans-sur-Seine - Barrage (aval) [VNF];3.687732621;48.547400191;51;La Seine;MARNE
H524301001;La Semoigne à Verneuil;3.674375861;49.093377654;51;La Semoigne;MARNE
H521331001;La Soude à Soudron;4.202137901;48.838847923;51;La Soude;MARNE
H631303001;La Suippe à Pontfaverger-Moronvilliers;4.318503155;49.300329743;51;La Suippe;MARNE
H631303002;La Suippe à Selles;4.287821722;49.306540694;51;La Suippe;MARNE
H160301001;La Superbe à Saint-Saturnin;3.904853675;48.61410427;51;La Superbe;MARNE
H155000101;La Vesle au Breuil;3.768575917;49.31290713;51;La Vesle;MARNE
H640204001;La Vesle à Beaumont-sur-Vesle;4.187531806;49.177902123;51;La Vesle;MARNE
H640201001;La Vesle à Bouy;4.350907047;49.089073076;51;La Vesle;MARNE
H641202001;La Vesle à Châlons-sur-Vesle;3.922076687;49.278314462;51;La Vesle;MARNE
H640203001;La Vesle à Puisieulx;4.122645319;49.206298373;51;La Vesle;MARNE
H641201001;La Vesle à Saint-Brice-Courcelles;3.979757486;49.265048801;51;La Vesle;MARNE
H640202001;La Vesle à Sept-Saulx;4.245136115;49.156279817;51;La Vesle;MARNE
H515301001;La Vière à Val-de-Vière;4.758148243;48.801363235;51;La Viere;MARNE
H522431001;Le Cubry à Pierry;3.947832916;49.026195819;51;Le Cubry;MARNE
H541203001;Le Petit Morin au Thoult-Trosnay;3.689596724;48.850956513;51;Le Petit Morin;MARNE
F624000201;Le Petit Morin à Montmirail - Amont;3.536147704;48.863215505;51;Le Petit Morin;MARNE
F624000202;Le Petit Morin à Montmirail - Aval;3.536051647;48.863208231;51;Le Petit Morin;MARNE
H641321001;Le Rouillat à Villers-aux-Nœuds;3.993475988;49.192863067;51;Le Rouillat;MARNE
F200000201;Le canal de dérivation de Bernières à Conflans à Conflans-sur-Seine - VNF;3.686585226;48.543883849;51;Canal de Derivation de Bernieres a Conflans;MARNE
U020400101;L'Amance à Maizières-sur-Amance;5.630343469;47.82891963;52;L'Amance;HAUTE-MARNE
U004500401;L'Apance [amont] à Bourbonne-les-Bains;5.74908334;47.962276617;52;L'Apance;HAUTE-MARNE
H100101001;L'Aube à Auberive;5.080510128;47.777488497;52;L'Aube;HAUTE-MARNE
H112202001;L'Aujon à Maranville;4.859289603;48.137303027;52;L'Aujon;HAUTE-MARNE
H112201001;L'Aujon à Rennepont;4.850874583;48.145446045;52;L'Aujon;HAUTE-MARNE
H110200901;L'Aujon à Saint-Loup-sur-Aujon;5.092782608;47.885758218;52;L'Aujon;HAUTE-MARNE
H508302001;La Blaise à Colombey-les-Deux-Églises;4.9591542;48.293763834;52;La Blaise;HAUTE-MARNE
H508307001;La Blaise à Daillancourt;4.957306889;48.302488463;52;La Blaise;HAUTE-MARNE
H508305001;La Blaise à Louvemont [Pont-Varin];4.93071016;48.515805246;52;La Blaise;HAUTE-MARNE
H508305002;La Blaise à Louvemont [Pont-Varin] - Station IIBRBS;4.930715525;48.515808799;52;La Blaise;HAUTE-MARNE
H505321001;La Manoise à Humberville;5.378496515;48.28606646;52;La Manoise;HAUTE-MARNE
H507104001;La Marne à Chamouilley;5.040313905;48.606232323;52;La Marne;HAUTE-MARNE
H503101001;La Marne à Chaumont [Reclancourt];5.154544208;48.126355619;52;La Marne;HAUTE-MARNE
H503102001;La Marne à Condes;5.138012375;48.141464196;52;La Marne;HAUTE-MARNE
H507102001;La Marne à Joinville;5.143338722;48.442816749;52;La Marne;HAUTE-MARNE
H501102001;La Marne à Marnay-sur-Marne;5.248547394;48.012034938;52;La Marne;HAUTE-MARNE
H507105001;La Marne à Mussey-sur-Marne;5.16109593;48.376003257;52;La Marne;HAUTE-MARNE
H501101001;La Marne à Rolampont;5.282944249;47.954338704;52;La Marne;HAUTE-MARNE
H507101001;La Marne à Saint-Dizier - Après création des grands lacs;4.929910143;48.637486881;52;La Marne;HAUTE-MARNE
H507101003;La Marne à Saint-Dizier - Avant création des Grands Lacs;4.929910143;48.637486881;52;La Marne;HAUTE-MARNE
H507101002;La Marne à Saint-Dizier - Hôpital;4.953179654;48.632770713;52;La Marne;HAUTE-MARNE
B022001001;La Meuse à Goncourt;5.614415096;48.240913254;52;La Meuse;HAUTE-MARNE
U071501001;La Resaigne à Coublanc;5.459226902;47.690646646;52;La Resaigne;HAUTE-MARNE
H505301001;La Sueurre à Rimaucourt;5.36812077;48.24727098;52;La Sueurre;HAUTE-MARNE
H503334001;La Suize à Chaumont [Saint-Roch];5.11957625;48.115719314;52;La Suize;HAUTE-MARNE
H503331001;La Suize à Villiers-sur-Suize;5.186556599;47.987861186;52;La Suize;HAUTE-MARNE
H502301001;La Traire à Louvières;5.28135328;48.038852653;52;La Traire;HAUTE-MARNE
H130201001;La Voire à Droyes [Gervilliers];4.725221843;48.498375712;52;La Voire;HAUTE-MARNE
B105201001;Le Mouzon à Sommerécourt;5.664011145;48.224397022;52;Le Mouzon;HAUTE-MARNE
H504201001;Le Rognon à Bourdons-sur-Rognon [Lacrète];5.3159118;48.209767647;52;Le Rognon;HAUTE-MARNE
H506201001;Le Rognon à Doulaincourt-Saucourt;5.165229293;48.343832856;52;Le Rognon;HAUTE-MARNE
F521000201;Le Rongeant à Suzannecourt;5.168638161;48.443310761;52;Le Rongeant;HAUTE-MARNE
U070401001;Le Salon à Coublanc;5.462952743;47.690988237;52;Le Salon;HAUTE-MARNE
F114000201;Le cours d'eau 01 de Tartonvau à Montheries - La source des Dhuits;4.890047784;48.184003964;52;Cours d'Eau 01 de Tartonvau;HAUTE-MARNE
U004500501;[Source de Flanrupt] à Bourbonne-les-Bains;5.749485668;47.962537348;52;;HAUTE-MARNE
I912201002;L'Airon à Landivy;-1.073774334;48.480805755;53;L'Airon;MAYENNE
M301401010;L'Aisne à Javron-les-Chapelles [Les Chapelles];-0.332268714;48.439025468;53;l'Aisne;MAYENNE
M325311010;L'Aron à Moulay;-0.625655091;48.268941852;53;l'Aron;MAYENNE
M332301010;L'Ernée à Andouillé [Les Vaugeois];-0.775860485;48.167081637;53;l'Ernée;MAYENNE
M331301010;L'Ernée à Ernée;-0.930913685;48.274145643;53;l'Ernée;MAYENNE
M061301010;L'Erve à Voutré [La Crousille];-0.322429245;48.132273828;53;l'Erve;MAYENNE
M010401010;L'Ornette à Saint-Pierre-des-Nids [Larray];-0.092088403;48.375222289;53;l'Ornette;MAYENNE
M371181010;L'Oudon à Cossé-le-Vivien;-0.927737797;47.934894222;53;l'Oudon;MAYENNE
M373181010;L'Oudon à Craon;-0.953228914;47.848196004;53;l'Oudon;MAYENNE
M351401010;L'Ouette à Entrammes;-0.706485492;47.970592081;53;l'Ouette;MAYENNE
M374401010;L'Usure à Saint-Michel-de-la-Roë [La Gouranderie];-1.115709159;47.870607259;53;l'Usure;MAYENNE
M321301010;La Colmont à Lesbois [La Bigottière] - La Bigottière;-0.80720786;48.441773089;53;la Colmont;MAYENNE
M322301010;La Colmont à Oisseau;-0.663845692;48.361228461;53;la Colmont;MAYENNE
M342301010;La Jouanne à Forcé;-0.705181179;48.033669266;53;la Jouanne;MAYENNE
M340301010;La Jouanne à Neau [La Touche];-0.475538705;48.153907246;53;la Jouanne;MAYENNE
M306091010;La Mayenne à Ambrières-les-Vallées [Cigné];-0.586379295;48.445247302;53;la Mayenne;MAYENNE
M360091010;La Mayenne à Château-Gontier;-0.699220103;47.818090757;53;la Mayenne;MAYENNE
M300092010;La Mayenne à Couptrain;-0.297284691;48.486824133;53;la Mayenne;MAYENNE
M333091010;La Mayenne à Laval;-0.770167417;48.070839048;53;la Mayenne;MAYENNE
M302091010;La Mayenne à Madré;-0.369389252;48.488590257;53;la Mayenne;MAYENNE
M323091020;La Mayenne à Mayenne;-0.619974773;48.298775506;53;la Mayenne;MAYENNE
M300091010;La Mayenne à Pré-en-Pail [La Lande];-0.219163637;48.473184954;53;la Mayenne;MAYENNE
M323091010;La Mayenne à Saint-Baudelle;-0.628936051;48.281513935;53;la Mayenne;MAYENNE
M323092010;La Mayenne à Saint-Fraimbault-de-Prières;-0.583996379;48.350063921;53;la Mayenne;MAYENNE
M323092011;La Mayenne à Saint-Fraimbault-de-Prières - Aval barrage;-0.587852044;48.364000398;53;la Mayenne;MAYENNE
M334091010;La Mayenne à l'Huisserie [Bonne];-0.740834152;48.012261497;53;la Mayenne;MAYENNE
M068061010;La Sarthe à Saint-Denis-d'Anjou [Beffes];-0.385896895;47.803160223;53;la Sarthe;MAYENNE
M067401010;La Taude à Saint-Brice;-0.440438801;47.860604048;53;la Taude;MAYENNE
M065311010;La Vaige à Bouessay;-0.380211483;47.868102789;53;la Vaige;MAYENNE
J700061001;La Vilaine à Bourgon - Pont D 106;-1.058406449;48.186550794;53;;MAYENNE
M377401010;Le Chéran à la Boissière;-0.986165934;47.783784951;53;le Chéran;MAYENNE
M327801010;Le Fresne à Châlons-du-Maine [Les Valettes];-0.673037924;48.166405058;53;le Fresne;MAYENNE
M327802010;Le Fresne à Louverné [Méziere];-0.724398871;48.149660661;53;le Fresne;MAYENNE
M006435101;Le Sarthon à Ravigny [Les Vauguiberts];-0.057315332;48.429181114;53;le Sarthon;MAYENNE
M010561010;Le Terrançon à Saint-Pierre-des-Nids [Pont des Terriers];-0.089378914;48.377228378;53;le Terrançon;MAYENNE
M300551010;Le Tilleul à Lignières-Orgères [Les Senaillères];-0.233878823;48.522565169;53;le Tilleul;MAYENNE
M350401010;Le Vicoin à Nuillé-sur-Vicoin;-0.782662403;47.987318643;53;le Vicoin;MAYENNE
M323731010;[Le Montanger] à la Haie-Traversaine;-0.630613063;48.332071382;53;;MAYENNE
A695301001;L'Amezule à Lay-Saint-Christophe;6.198256179;48.746849788;54;L'Amezule;MEURTHE-ET-MOSELLE
B204201001;L'Aroffe à Vannes-le-Châtel;5.765529958;48.549339386;54;Ruisseau l'Aroffe;MEURTHE-ET-MOSELLE
A712201001;L'Esch à Jezainville;6.043284328;48.866375747;54;Ruisseau d'Esche;MEURTHE-ET-MOSELLE
A500201001;L'Euron à Saint-Boingt;6.442433122;48.413933748;54;L'Euron;MEURTHE-ET-MOSELLE
A807101001;L'Orne à Boncourt;5.830466544;49.162565716;54;L'Orne;MEURTHE-ET-MOSELLE
A820101001;L'Orne à Jarny [Labry];5.881716087;49.167701088;54;L'Orne;MEURTHE-ET-MOSELLE
B435201001;L'Othain à Othe;5.440394695;49.494172723;54;L'Othain;MEURTHE-ET-MOSELLE
A812200001;L'Yron à Hannonville-Suzémont;5.837080626;49.098776407;54;L'Yron;MEURTHE-ET-MOSELLE
A812020101;L'Yron à Jarny [Droitaumont];5.876080522;49.142330429;54;L'Yron;MEURTHE-ET-MOSELLE
A818201001;L'Yron à Jarny [La Cartoucherie];5.862012666;49.156007917;54;L'Yron;MEURTHE-ET-MOSELLE
A648000101;La Blette à Montigny;6.800409068;48.518136023;54;La Blette;MEURTHE-ET-MOSELLE
A562201001;La Bouvade à Bicqueley;5.909210656;48.62643654;54;La Bouvade;MEURTHE-ET-MOSELLE
B400101001;La Chiers à Longlaville;5.80343548;49.536983467;54;La Chiers;MEURTHE-ET-MOSELLE
B402101001;La Chiers à Longwy;5.766603965;49.510941115;54;La Chiers;MEURTHE-ET-MOSELLE
B403101001;La Chiers à Montigny-sur-Chiers;5.657260509;49.475285856;54;La Chiers;MEURTHE-ET-MOSELLE
B413201001;La Crusnes à Pierrepont;5.701025967;49.419378452;54;La Crusnes;MEURTHE-ET-MOSELLE
A631101003;La Meurthe à Baccarat - amont;6.740048847;48.447732868;54;La Meurthe;MEURTHE-ET-MOSELLE
A631101001;La Meurthe à Baccarat - aval;6.738612663;48.44923718;54;La Meurthe;MEURTHE-ET-MOSELLE
A676101001;La Meurthe à Damelevières;6.38394332;48.563224628;54;La Meurthe;MEURTHE-ET-MOSELLE
A692101001;La Meurthe à Laneuveville-devant-Nancy [la Madeleine];6.272227226;48.642507126;54;La Meurthe;MEURTHE-ET-MOSELLE
A634101002;La Meurthe à Lunéville - Amont;6.481852394;48.582727764;54;La Meurthe;MEURTHE-ET-MOSELLE
A634101001;La Meurthe à Lunéville - Aval;6.481032756;48.582850801;54;La Meurthe;MEURTHE-ET-MOSELLE
A694102003;La Meurthe à Malzéville - Ancienne;6.188936846;48.704818753;54;La Meurthe;MEURTHE-ET-MOSELLE
A694102004;La Meurthe à Malzéville - Limni;6.179269355;48.710666956;54;La Meurthe;MEURTHE-ET-MOSELLE
A694102001;La Meurthe à Malzéville - débitmètre;6.179269355;48.710666956;54;La Meurthe;MEURTHE-ET-MOSELLE
A673122001;La Mortagne à Gerbéviller;6.524472123;48.487067749;54;La Mortagne;MEURTHE-ET-MOSELLE
A673122002;La Mortagne à Gerbéviller - Historique;6.510937414;48.497563289;54;La Mortagne;MEURTHE-ET-MOSELLE
A673121001;La Mortagne à Moyen;6.566798538;48.482588613;54;La Mortagne;MEURTHE-ET-MOSELLE
A703062001;La Moselle à Blénod-lès-Pont-à-Mousson;6.077694919;48.863713405;54;La Moselle;MEURTHE-ET-MOSELLE
A701061001;La Moselle à Custines;6.121750416;48.789667836;54;La Moselle Canalisee;MEURTHE-ET-MOSELLE
A550061001;La Moselle à Pont-Saint-Vincent;6.100577715;48.607446187;54;La Moselle;MEURTHE-ET-MOSELLE
A511061003;La Moselle à Saint-Mard;6.292144182;48.506135814;54;La Moselle;MEURTHE-ET-MOSELLE
A511061001;La Moselle à Tonnoy;6.260215116;48.536106708;54;La Moselle;MEURTHE-ET-MOSELLE
A573061001;La Moselle à Toul;5.896401748;48.66976408;54;La Moselle;MEURTHE-ET-MOSELLE
A511061002;La Moselle à Velle-sur-Moselle;6.263786438;48.532281282;54;La Moselle;MEURTHE-ET-MOSELLE
A782101001;La Seille à Nomeny;6.227562537;48.888160213;54;La Seille;MEURTHE-ET-MOSELLE
A831030001;La Vallée à Mance;5.927075058;49.26862436;54;Ruisseau de la Vallee;MEURTHE-ET-MOSELLE
A643112002;La Vezouze à Blâmont - amont;6.845033347;48.588299085;54;La Vezouze;MEURTHE-ET-MOSELLE
A643112001;La Vezouze à Blâmont - aval;6.843907647;48.588128336;54;La Vezouze;MEURTHE-ET-MOSELLE
A640000101;La Vezouze à Cirey-sur-Vezouze;6.943052144;48.582756863;54;La Vezouze;MEURTHE-ET-MOSELLE
A643112003;La Vezouze à Frémonville;6.878770829;48.58778894;54;La Vezouze;MEURTHE-ET-MOSELLE
A657111001;La Vezouze à Lunéville;6.486773857;48.59488312;54;La Vezouze;MEURTHE-ET-MOSELLE
A657111002;La Vezouze à Lunéville - Historique;6.489138187;48.597047864;54;La Vezouze;MEURTHE-ET-MOSELLE
A654111001;La Vezouze à Thiébauménil;6.624852639;48.580949425;54;La Vezouze;MEURTHE-ET-MOSELLE
A542201001;Le Brenon à Autrey;6.13958568;48.530640115;54;Le Brenon;MEURTHE-ET-MOSELLE
A542201101;Le Brenon à Houdreville;6.110970958;48.50573482;54;Le Brenon;MEURTHE-ET-MOSELLE
A543101001;Le Madon à Pulligny;6.131545756;48.545355659;54;Le Madon;MEURTHE-ET-MOSELLE
A735201001;Le Rupt de Mad à Onville;5.961532525;49.012193042;54;Ruisseau le Rupt de Mad;MEURTHE-ET-MOSELLE
A686000101;Le Sanon à Crévic;6.410317707;48.640577052;54;Le Sanon;MEURTHE-ET-MOSELLE
A687201001;Le Sanon à Dombasle-sur-Meurthe;6.341560051;48.627545396;54;Le Sanon;MEURTHE-ET-MOSELLE
A584201001;Le Terrouin à Villey-Saint-Étienne;5.991128451;48.743751172;54;Le Terrouin;MEURTHE-ET-MOSELLE
A832201001;Le Woigot à Briey;5.933377578;49.246952959;54;Ruisseau le Woigot;MEURTHE-ET-MOSELLE
A830020101;Le Woigot à Tucquegnieux;5.883490209;49.295329372;54;Ruisseau le Woigot;MEURTHE-ET-MOSELLE
A654301001;Le ruisseau des Amis à Marainviller;6.626501786;48.597116736;54;Ruisseau des Amis;MEURTHE-ET-MOSELLE
A572301001;Le ruisseau l'Ingressin à Toul;5.882086991;48.676816629;54;Ruisseau l'Ingressin;MEURTHE-ET-MOSELLE
A626341001;Le ruisseau le Laxat à Hériménil;6.509208597;48.556567604;54;Ruisseau le Laxat;MEURTHE-ET-MOSELLE
A502000101;Le ruisseau le Loro à Villacourt;6.367017675;48.45016409;54;Ruisseau le Loro;MEURTHE-ET-MOSELLE
A690381001;Le ruisseau le Petit Rhône à Saint-Nicolas-de-Port;6.299660567;48.618909964;54;Ruisseau le Petit Rhone;MEURTHE-ET-MOSELLE
A721301001;Le ruisseau le Trey à Vandières;6.031705023;48.953801965;54;Ruisseau de Trey;MEURTHE-ET-MOSELLE
A644301001;Le ruisseau le Vacon à Barbas;6.841379117;48.576241088;54;Ruisseau le Vacon;MEURTHE-ET-MOSELLE
A830082101;[Débordement minier dans le Woigot] à Mancieulles [CENTRE - C05 - Gal. du Woigot - BSS000KNBU];5.895732563;49.278250602;54;;MEURTHE-ET-MOSELLE
H610201001;L'Aire à Beausite [Amblaincourt];5.208583503;48.964067979;55;L'Aire;MEUSE
H612201001;L'Aire à Varennes-en-Argonne;5.034015724;49.227292139;55;L'Aire;MEUSE
B205201001;L'Aroffe à Rigny-Saint-Martin;5.716025411;48.612234147;55;Ruisseau l'Aroffe;MEUSE
H512235001;L'Ornain à Fains-Véel [Varney];5.128299031;48.795317133;55;L'Ornain;MEUSE
H511231001;L'Ornain à Saint-Joire;5.419361501;48.600535161;55;L'Ornain;MEUSE
H512234001;L'Ornain à Tronville-en-Barrois;5.282431972;48.721623855;55;L'Ornain;MEUSE
H512235002;L'Ornain à Val-d'Ornain [Varney];5.09941941;48.811644432;55;L'Ornain;MEUSE
A802101001;L'Orne à Étain;5.632484128;49.213609541;55;L'Orne;MEUSE
B431201001;L'Othain à Dommary-Baroncourt [Dommary];5.711259478;49.277806047;55;L'Othain;MEUSE
B431020001;L'Othain à Spincourt [Houdelaucourt];5.679954795;49.317002131;55;L'Othain;MEUSE
H605301001;La Biesme au Claon;4.969963963;49.142318091;55;La Biesme;MEUSE
B460101001;La Chiers à Chauvency-le-Château;5.312743043;49.516132934;55;La Chiers;MEUSE
H514261001;La Chée à Villotte-devant-Louppy [Villote devant Loupy];5.054106194;48.883727568;55;La Chee;MEUSE
H611301001;La Cousances à Aubréville;5.084979939;49.145758482;55;La Cousances;MEUSE
H113000301;La Cousances à Clermont-en-Argonne - Jubécourt;5.162598952;49.093780345;55;La Cousances;MEUSE
B301001001;La Meuse à Belleville-sur-Meuse;5.379092841;49.172261032;55;La Meuse;MEUSE
B213001001;La Meuse à Commercy;5.602961919;48.768316795;55;La Meuse;MEUSE
B222001001;La Meuse à Saint-Mihiel;5.53063369;48.870992372;55;La Meuse;MEUSE
B315002001;La Meuse à Stenay;5.178850491;49.494346826;55;La Meuse;MEUSE
B315002002;La Meuse à Stenay - Ancienne;5.177669183;49.494808611;55;La Meuse;MEUSE
B210000101;La Meuse à Troussey;5.681394869;48.709093481;55;La Meuse;MEUSE
B134001001;La Meuse à Vaucouleurs [Chalaines];5.678670353;48.601857218;55;La Meuse;MEUSE
B134001002;La Meuse à Vaucouleurs [Chalaines] - amont;5.678916146;48.601356666;55;La Meuse;MEUSE
B301001002;La Meuse à Verdun - Pont Chaussée;5.386717554;49.162090062;55;La Meuse;MEUSE
F554000201;La Saulx à Couvonges - La Saulx à Couvonges;5.018171587;48.775461901;55;La Saulx;MEUSE
H510203001;La Saulx à Mognéville;4.999611621;48.784962633;55;La Saulx;MEUSE
H510204001;La Saulx à Montiers-sur-Saulx;5.273665664;48.539909691;55;La Saulx;MEUSE
H510202101;La Saulx à Saudrupt;5.068390596;48.703176758;55;La Saulx;MEUSE
H113000201;La Vadelaincourt aux Souhesmes-Rampont;5.222880107;49.100781331;55;La Vadelaincourt;MEUSE
B133471001;La Vaise [source] à Maxey-sur-Vaise;5.667410145;48.539862387;55;La Vaise;MEUSE
B440201001;Le Loison à Billy-sous-Mangiennes;5.571477587;49.331448847;55;Le Loison;MEUSE
B457201001;Le Loison à Han-lès-Juvigny;5.329882234;49.48052278;55;Le Loison;MEUSE
B453000101;Le Loison à Vittarville;5.404344638;49.402499694;55;Le Loison;MEUSE
A800621001;Le Ru de Vaux à Morgemoulin;5.581870466;49.234439422;55;Ruisseau de Vaux;MEUSE
B422431001;Le Ton à Écouviez;5.460307525;49.525762461;55;Le Thon;MEUSE
B310301001;Le ruisseau l'Andon (bras-Nord) à Cléry-le-Grand;5.157508709;49.361376167;55;Ruisseau l'Andon (Bras-Nord);MEUSE
B300301001;Le ruisseau la Scance à Verdun;5.367521862;49.16281994;55;Ruisseau la Scance;MEUSE
B425301001;Le ruisseau la Thonne à Thonne-les-Près;5.352549691;49.526246417;55;Ruisseau la Thonne;MEUSE
J863241001;L'Aff à Quelneuc - La Rivière;-2.073909459;47.828976373;56;l'Aff;MORBIHAN
J881301001;L'Arz à Molac - Pont du Favre;-2.431874367;47.716860624;56;l'Arz;MORBIHAN
J882301001;L'Arz à Pluherlin - Pont d'Arz;-2.33713092;47.710708415;56;l'Arz;MORBIHAN
J621301001;L'Auray [Le Loch] à Brech;-2.988828849;47.722337166;56;l'Auray;MORBIHAN
J621301002;L'Auray [Le Loch] à Brech - Er Loch;-2.988828849;47.722337166;56;l'Auray;MORBIHAN
J471201001;L'Ellé au Faouët - Grand Pont (ancienne echelle à canoë);-3.476245174;48.039147145;56;l'Ellé;MORBIHAN
J471201003;L'Ellé au Faouët - Pont Blanc [crue];-3.477978337;48.069425691;56;l'Ellé;MORBIHAN
J474201501;L'Ellé à Lanvénégen - Loge-Coucou;-3.493690517;47.985108387;56;l'Ellé;MORBIHAN
J471201002;L'Ellé à Priziac - Le Grand Pont;-3.476073702;48.039066306;56;l'Ellé;MORBIHAN
J561301002;L'Evel à Guénin - Nouvelle échelle;-2.974607331;47.901106569;56;l'Evel;MORBIHAN
J561301001;L'Evel à Guénin - Pont de Guénin;-2.974602681;47.901111556;56;l'Evel;MORBIHAN
J473401001;L'Inam au Faouët - Pont Priant;-3.556059261;48.04802998;56;l'Inam ou Stêr Laër;MORBIHAN
J820234001;L'Oust à Josselin - Ecluse de Josselin [amont];-2.545244255;47.950262841;56;;MORBIHAN
J804231001;L'Oust à Rohan - Saint Samson;-2.769153905;48.087580506;56;;MORBIHAN
J880023001;L'Oust à Saint-Vincent-sur-Oust - L'Ile aux Pies;-2.118537681;47.706031193;56;;MORBIHAN
J836311001;L'Yvel à Loyat - Pont D 129;-2.368629298;47.994603979;56;;MORBIHAN
J843301002;La Claie à Saint-Jean-Brévelay - Ker Hervy;-2.70265682;47.82591153;56;la Claie;MORBIHAN
J843301001;La Claie à Saint-Jean-Brévelay - Moulin de la Forêt;-2.716456773;47.829380254;56;la Claie;MORBIHAN
J844301001;La Claie à Saint-Marcel - Route de Bohal;-2.423779892;47.786956422;56;la Claie;MORBIHAN
J552401001;La Sarre à Melrand - Kerduic;-3.077310513;47.955990269;56;la Sarre;MORBIHAN
J552401002;La Sarre à Melrand - Pont Neuf;-3.100706747;47.96638372;56;la Sarre;MORBIHAN
J930061102;La Vilaine à Rieux - La Maison Neuve;-2.136264519;47.587318448;56;;MORBIHAN
J930061101;La Vilaine à Rieux - Pont de Cran;-2.126360421;47.580112332;56;;MORBIHAN
J571211003;Le Blavet à Inzinzac-Lochrist - Lochrist;-3.248388741;47.826162611;56;;MORBIHAN
J571211002;Le Blavet à Inzinzac-Lochrist - Pont neuf [débimètre];-3.19935399;47.865224751;56;;MORBIHAN
J571211004;Le Blavet à Inzinzac-Lochrist - Pont neuf [hauteur];-3.19935399;47.865224751;56;;MORBIHAN
J571211005;Le Blavet à Languidic - Craninen;-3.212024271;47.856455372;56;;MORBIHAN
J571211001;Le Blavet à Languidic - Quellenec;-3.219253219;47.830251661;56;;MORBIHAN
J543211002;Le Blavet à Neulliac - Le Porzo;-3.000585244;48.113264133;56;;MORBIHAN
J543211001;Le Blavet à Neulliac - Le Stumo;-3.004687375;48.143277741;56;;MORBIHAN
J550211001;Le Blavet à Pontivy - Equipement;-2.967464588;48.058347382;56;;MORBIHAN
J541212001;Le Blavet à Saint-Aignan - Le Touldren [aval barrage Guerlédan];-3.012467957;48.17581045;56;;MORBIHAN
J560681001;Le Coëtdan à Naizin - Stimoës;-2.812931285;47.977677488;56;le Coëtdan;MORBIHAN
J561831001;Le Frémeur à Guénin - Coëtcon;-2.952792396;47.93743761;56;le Frémeur;MORBIHAN
J561832001;Le Frémeur à Pluméliau - Kervilio;-2.953364194;47.93810352;56;le Frémeur;MORBIHAN
J660681201;Le Kervily à Noyal-Muzillac - [Moulin de Cadillac];-2.498938616;47.612253334;56;le Kervily;MORBIHAN
J660681001;Le Kervily à Questembert - Pont Neuf;-2.490019;47.64795291;56;le Kervily;MORBIHAN
J640711001;Le Meucon [Le Rohan] à Saint-Avé - Guern;-2.792035373;47.704328646;56;le Meucon;MORBIHAN
J640712002;Le Meucon [Le Rohan] à Vannes - Menimur;-2.770061158;47.668261294;56;le Meucon;MORBIHAN
J640712001;Le Meucon [Le Rohan] à Vannes - Menimur [ancienne];-2.770061158;47.668261294;56;le Meucon;MORBIHAN
J570481001;Le Moulin de Tallené [Le Sebrevet] à Quistinic - Pont er Garrec;-3.200763895;47.905503298;56;le Moulin de Tallené;MORBIHAN
J837301002;Le Ninian à Guillac - Bezon [Débimètre amont];-2.431691481;47.914754338;56;le Ninian;MORBIHAN
J837301003;Le Ninian à Ploërmel - Bezon [aval];-2.431265175;47.913475071;56;le Ninian;MORBIHAN
J837301001;Le Ninian à Ploërmel - La Chatouillette [échelle SPC];-2.432674592;47.916098021;56;le Ninian;MORBIHAN
J833301001;Le Ninian à Taupont - Pont D 724;-2.461782498;47.938119621;56;le Ninian;MORBIHAN
J833301002;Le Ninian à Taupont - Route Hugo;-2.461810949;47.937874728;56;le Ninian;MORBIHAN
J510221001;Le Scorff à Plouay - Pont Kerlo;-3.419101939;47.905673404;56;le Scorff;MORBIHAN
J840231001;Le canal de Nantes à Brest [L'Oust] à Malestroit - Ecluse de Malestroit [aval];-2.382824228;47.811987287;56;;MORBIHAN
J820231002;Le canal de Nantes à Brest [L'Oust] à Pleugriffet - Ecluse de Cadoret;-2.652773617;47.998874453;56;;MORBIHAN
J820231001;Le canal de Nantes à Brest [L'Oust] à Pleugriffet - Les Galais (anciennement La Tertraie);-2.64054457;47.983586978;56;;MORBIHAN
J850231001;Le canal de Nantes à Brest [L'Oust] à Saint-Gravé - Ecluse Le Guelin - amont NGF;-2.25724291;47.739380886;56;;MORBIHAN
J850231003;Le canal de Nantes à Brest [L'Oust] à Saint-Gravé - Ecluse Le Guelin [amont];-2.257254448;47.739362326;56;;MORBIHAN
J850231002;Le canal de Nantes à Brest [L'Oust] à Saint-Gravé - Ecluse Le Guelin [aval];-2.256961552;47.739104885;56;;MORBIHAN
J601000201;[Rivière du Pont du Roc'h] à Nostang - Locqueltas [aval];-3.184275499;47.765037272;56;;MORBIHAN
J601000202;[Rivière du Pont du Roc'h] à Nostang - Saint Symphorien [amont];-3.182867858;47.7683272;56;;MORBIHAN
J640712301;[Ruisseau de Gornay, Liziec] à Saint-Avé;-2.724796619;47.675102196;56;;MORBIHAN
J640712302;[Ruisseau de Gornay, Liziec] à Saint-Avé - Pont D135B;-2.725368949;47.671300185;56;;MORBIHAN
A919205050;L'Albe à Sarralbe - Eich;7.019499795;48.997419075;57;L'Albe;MOSELLE
A919205040;L'Albe à Sarralbe - Rech [Ancienne];7.011638057;48.98273433;57;L'Albe;MOSELLE
A890201001;L'Alzette à Audun-le-Tiche;5.967819791;49.486754673;57;L'Alzette;MOSELLE
A932215050;L'Horn à Bousseviller;7.47209323;49.127103129;57;La Horn;MOSELLE
A906215050;L'Isch à Postroff;7.071531042;48.849790976;57;L'Isch;MOSELLE
A840101001;L'Orne à Moyeuvre-Grande;6.041718824;49.248631336;57;L'Orne;MOSELLE
A843101001;L'Orne à Rosselange;6.072001471;49.256392246;57;L'Orne;MOSELLE
A961205050;La Bisten à Creutzwald;6.688741136;49.225788839;57;La Bisten;MOSELLE
A937205050;La Blies à Bliesbruck - Pont;7.177734856;49.116255991;57;La Blies;MOSELLE
A937205051;La Blies à Bliesbruck - Tyrolienne;7.175523821;49.11614691;57;La Blies;MOSELLE
A937205040;La Blies à Bliesbruck - fermée;7.177734856;49.116255991;57;La Blies;MOSELLE
A937205301;La Blies à Frauenberg;7.128721309;49.139233335;57;La Blies;MOSELLE
A861202001;La Fensch à Knutange;6.03539378;49.343536813;57;La Fensch;MOSELLE
A864030001;La Kiesel à Hettange-Grande;6.167345104;49.39528479;57;Ruisseau la Kiesel;MOSELLE
A740000101;La Moselle à Corny-sur-Moselle - Débitmètre;6.054052977;49.031119254;57;La Moselle Canalisee;MOSELLE
A740000102;La Moselle à Corny-sur-Moselle - limnimètre;6.054230085;49.031105749;57;La Moselle Canalisee;MOSELLE
A793061002;La Moselle à Hagondange;6.184817563;49.25589423;57;La Moselle;MOSELLE
A793061001;La Moselle à Hauconcourt;6.197408441;49.223251773;57;La Moselle;MOSELLE
A743061001;La Moselle à Metz [Pont des Morts];6.167185612;49.122321571;57;La Moselle;MOSELLE
A850061001;La Moselle à Uckange;6.172718737;49.316716181;57;La Moselle;MOSELLE
A850061002;La Moselle à Uckange - Uckange essai;6.169266192;49.323014382;57;La Moselle;MOSELLE
A983201001;La Nied Allemande à Faulquemont;6.61424975;49.046535877;57;La Nied Allemande;MOSELLE
A986201001;La Nied Allemande à Varize;6.446070936;49.142441775;57;La Nied Allemande;MOSELLE
A973121001;La Nied [Française] à Ancerville;6.383258017;49.02861696;57;La Nied;MOSELLE
A975201001;La Nied [Française] à Condé-Northen [Pontigny];6.421310648;49.146784283;57;La Nied;MOSELLE
A994202002;La Nied à Bouzonville;6.539042896;49.301285018;57;La Nied;MOSELLE
A994202001;La Nied à Filstroff;6.545266799;49.324380879;57;La Nied;MOSELLE
A764201001;La Petite Seille à Château-Salins;6.505677078;48.8177255;57;La Petite Seille;MOSELLE
A901305050;La Sarre Rouge à Vasperviller;7.064289504;48.640084713;57;La Sarre Rouge;MOSELLE
A902101050;La Sarre à Hermelange;7.014472229;48.680322375;57;La Sarre;MOSELLE
A902101060;La Sarre à Hermelange - Ancienne;7.014472229;48.680322375;57;La Sarre;MOSELLE
A900105050;La Sarre à Laneuveville-lès-Lorquin;7.008688826;48.654578986;57;La Sarre;MOSELLE
A920107050;La Sarre à Sarralbe [centre];7.033830464;49.005196888;57;La Sarre;MOSELLE
A902102050;La Sarre à Sarrebourg;7.050125442;48.737125074;57;La Sarre;MOSELLE
A931108060;La Sarre à Sarreguemines - Centre;7.07104608;49.112327623;57;La Sarre;MOSELLE
A931109050;La Sarre à Sarreguemines [Welferding];7.04414232;49.122382819;57;La Sarre;MOSELLE
A931108050;La Sarre à Sarreinsming;7.10676291;49.086785355;57;La Sarre;MOSELLE
A930108040;La Sarre à Wittring;7.150065622;49.053225227;57;La Sarre;MOSELLE
A770101001;La Seille à Chambrey;6.457076099;48.783978548;57;La Seille;MOSELLE
A788101002;La Seille à Metz - Pont Lothaire amont;6.188174925;49.100485691;57;La Seille;MOSELLE
A788101001;La Seille à Metz - Pont Lothaire aval;6.188151567;49.100774262;57;La Seille;MOSELLE
A758102001;La Seille à Moyenvic;6.567826579;48.780882803;57;La Seille;MOSELLE
A758102002;La Seille à Vic-sur-Seille;6.532329812;48.783360627;57;La Seille;MOSELLE
A871000101;Le Canner à Bettelainville - La Canner à Bettelainville;6.340529982;49.250357602;57;Ruisseau le Canner;MOSELLE
A873201001;Le Canner à Kœnigsmacker;6.272360241;49.391885444;57;Ruisseau le Canner;MOSELLE
A842020101;Le Conroy à Moyeuvre-Petite;6.003350663;49.285514869;57;Ruisseau le Conroy;MOSELLE
A891030101;Le Kayl à Ottange;6.024384566;49.445258963;57;Ruisseau Kaelbach;MOSELLE
A891030102;Le Kayl à Ottange;6.024384566;49.445258963;57;Ruisseau Kaelbach;MOSELLE
A953205050;Le Rosselle à Forbach;6.859057554;49.187317816;57;Ruisseau la Rosselle;MOSELLE
A953205060;Le Rosselle à Forbach - Ancienne;6.859057554;49.187317816;57;Ruisseau la Rosselle;MOSELLE
A681201001;Le Sanon à Lagarde;6.71740244;48.68860971;57;Le Sanon;MOSELLE
A860304101;Le Veymerange à Terville - Le Veymerange à Terville;6.153263147;49.343108074;57;Ruisseau le Veymerange;MOSELLE
A860304001;Le Veymerange à Thionville;6.154020284;49.3433312;57;Ruisseau le Veymerange;MOSELLE
A973731001;Le ruisseau Elvon à Bazoncourt;6.383485804;49.036728538;57;Ruisseau Elvon;MOSELLE
A888301001;Le ruisseau d'Apach à Manderen;6.435471253;49.440738055;57;Ruisseau d'Apach;MOSELLE
A882000101;Le ruisseau de Boler à Gavisse - La boler à Gavisse;6.284603071;49.431073138;57;Ruisseau de Boler;MOSELLE
A786431001;Le ruisseau de Cherisey à Verny;6.206791016;49.006014059;57;Ruisseau de Cherisey;MOSELLE
A902102101;Le ruisseau de Gondrexange à Imling;7.019469795;48.709216717;57;Ruisseau de Gondrexange;MOSELLE
A885301001;Le ruisseau de Montenach à Sierck-les-Bains;6.362940835;49.435191526;57;Ruisseau de Montenach;MOSELLE
A742000201;Le ruisseau de Montvaux à Châtel-Saint-Germain - Le Montvaux à Chatel Saint Germain [lavoir];6.079405074;49.125798265;57;Ruisseau de Montvaux;MOSELLE
A742000401;Le ruisseau de Montvaux à Moulins-lès-Metz - Le Montvaux à moulins les Metz [château];6.10806652;49.10421255;57;Ruisseau de Montvaux;MOSELLE
A742000301;Le ruisseau de Montvaux à Sainte-Ruffine - Le Montvaux à sainte Ruffine [Goglo];6.098769887;49.108483688;57;Ruisseau de Montvaux;MOSELLE
A840601001;[Débordement minier (inactif) dans l'Orne] à Moyeuvre-Grande [SUD - S05 - Gal. du tunnel de Moyeuvre - BSS000KNWD];6.032047478;49.247750402;57;;MOSELLE
A851020501;[Débordement minier dans la Fensch] à Knutange [NORD - N14bis - Gal. des eaux de la Paix - BSS000HSBU];6.028179439;49.345239313;57;;MOSELLE
A841040101;[Débordement minier dans le Conroy] à Neufchef [CENTRE - C03 - Gal. de Bois d'Avril - BSS000KNJG];6.005483707;49.310522275;57;;MOSELLE
K183301001;L'Acolin à Saint-Germain-Chassenay;3.432234764;46.785909521;58;l'Acolin;NIEVRE
K357081010;L'Allier à Livry - Pont du Veurdre;3.048921588;46.758466217;58;l'Allier;NIEVRE
K175311001;L'Alène à Cercy-la-Tour [Coueron];3.680245698;46.8448123;58;l'Alène;NIEVRE
K177551001;L'Andarge à Diennes-Aubigny [Les Pérats];3.539209159;46.916006546;58;l'Andarge;NIEVRE
K171301001;L'Aron à Châtillon-en-Bazois [Mingot];3.643317812;47.062908275;58;l'Aron;NIEVRE
K177301001;L'Aron à Verneuil;3.575831742;46.851901322;58;l'Aron;NIEVRE
K404651001;L'Asvins à Bulcy;3.028171984;47.244528632;58;;NIEVRE
K191451001;L'Ixeure à la Fermeté;3.334852253;46.96215092;58;l'Ixeure;NIEVRE
H201301001;L'Oussière à Chaumard;3.943499109;47.144284612;58;L'Oussiere;NIEVRE
H200101001;L'Yonne à Château-Chinon (Campagne);3.956215034;47.062939531;58;L'Yonne;NIEVRE
H205102001;L'Yonne à Clamecy;3.52305067;47.460048953;58;L'Yonne;NIEVRE
H205102002;L'Yonne à Clamecy - Débit;3.52165145;47.460847403;58;L'Yonne;NIEVRE
H200102001;L'Yonne à Corancy;3.943262428;47.099107021;58;L'Yonne;NIEVRE
H205101001;L'Yonne à Dornecy;3.559789369;47.429325132;58;L'Yonne;NIEVRE
H204101001;L'Yonne à Marigny-sur-Yonne;3.656490512;47.278126837;58;L'Yonne;NIEVRE
H202101001;L'Yonne à Montigny-en-Morvan [Chassy];3.838437554;47.169357636;58;L'Yonne;NIEVRE
K176401001;La Canne à Montigny-sur-Canne;3.65315721;46.93094877;58;la Canne;NIEVRE
K176401002;La Canne à Saint-Gratien-Savigny - Moulin-de-Challuy;3.653660316;46.913847479;58;la Canne;NIEVRE
H212202001;La Cure à Marigny-l'Église [Crottefou];3.964102453;47.353899546;58;La Cure;NIEVRE
H212201001;La Cure à Marigny-l'Église [Iles Ménéfriers];3.971367022;47.338056947;58;La Cure;NIEVRE
K172421001;La Dragne à Vandenesse;3.76365138;46.910893007;58;la Dragne;NIEVRE
K410001010;La Loire à Cosne-Cours-sur-Loire - Ancienne;2.920565381;47.41128135;58;la Loire;NIEVRE
K170001010;La Loire à Decize;3.456655782;46.823262975;58;la Loire;NIEVRE
K190001001;La Loire à Imphy - Pont d'Imphy;3.252752769;46.937456154;58;la Loire;NIEVRE
K191451201;La Loire à Imphy - Pont d'Imphy;3.251960859;46.933946476;58;la Loire;NIEVRE
K193001010;La Loire à Nevers;3.165332168;46.982812367;58;la Loire;NIEVRE
K405001010;La Loire à Pouilly-sur-Loire - Ancienne;2.95619953;47.279876749;58;la Loire;NIEVRE
K403001010;La Loire à la Charité-sur-Loire - Ancienne;3.015051976;47.176965668;58;la Loire;NIEVRE
K195401001;La Nièvre d'Arzembouy à Poiseux [Poisson];3.253003621;47.134385394;58;la Nièvre d'Arzembouy;NIEVRE
K194301002;La Nièvre à Saint-Aubin-les-Forges;3.206048522;47.137620582;58;la Nièvre;NIEVRE
K194301001;La Nièvre à Saint-Aubin-les-Forges - ANCIENNE;3.205956303;47.137656758;58;la Nièvre;NIEVRE
K196000101;La Nièvre à Urzy - Ancienne;3.203166259;47.062548684;58;la Nièvre;NIEVRE
K412301001;La Vrille à Arquian;2.982492736;47.540661546;58;la Vrille;NIEVRE
H206202001;Le Beuvron à Brinon-sur-Beuvron [Village];3.492172112;47.280602123;58;Le Beuvron;NIEVRE
H206201001;Le Beuvron à Ouagne [Champmoreau];3.49402537;47.414436383;58;Le Beuvron;NIEVRE
K404401001;Le Mazou à Bulcy;3.028132207;47.244303577;58;le Mazou;NIEVRE
K409401001;Le Nohain à Saint-Martin-sur-Nohain [Villiers];2.996733004;47.355846339;58;le Nohain;NIEVRE
H207311001;Le Sauzay à Corvol-l'Orgueilleux;3.412412386;47.432011257;58;Le Sauzay;NIEVRE
H208311001;Le ruisseau d'Andryes à Surgy;3.505296366;47.509889557;58;Ruisseau d'Andryes;NIEVRE
E182702601;L'Aunelle à Rombies-et-Marchipont;3.665156737;50.378402773;59;rivière l'aunelle;NORD
E182702602;L'Aunelle à Rombies-et-Marchipont;3.665156737;50.378402773;59;rivière l'aunelle;NORD
E172751001;L'Ecaillon à Thiant;3.451705781;50.304427279;59;écaillon;NORD
E237721001;L'Elnon à Lecelles;3.409078791;50.464294765;59;Elnon;NORD
E183041001;L'Escaut canalisée à Condé-sur-l'Escaut;3.586248981;50.440731846;59;L'Escaut Canalisée;NORD
E131000201;L'Escaut canalisée à Iwuy;3.309357499;50.237393972;59;L'Escaut Canalisée;NORD
E131000202;L'Escaut canalisée à Iwuy;3.309357499;50.237393972;59;L'Escaut Canalisée;NORD
E240041101;L'Escaut canalisée à Maulde;3.43678603;50.506079616;59;L'Escaut Canalisée;NORD
E171551101;L'Escaut canalisée à Neuville-sur-Escaut;3.350308756;50.301626776;59;L'Escaut Canalisée;NORD
E172751201;L'Escaut canalisée à Trith-Saint-Léger;3.481344882;50.318576432;59;L'Escaut Canalisée;NORD
E490941001;L'Ey Becque à Houtkerque;2.606069675;50.875164099;59;Ey Becque;NORD
E490941401;L'Ey Becque à Houtkerque;2.606286694;50.874993458;59;Ey Becque;NORD
E490940501;L'Ey Becque à Steenvoorde;2.585324344;50.811623421;59;Ey Becque;NORD
D015656001;L'Helpe Majeure à Flaumont-Waudrechies;3.959414853;50.123796793;59;Helpe Majeure;NORD
D015651001;L'Helpe Majeure à Liessies;4.078775783;50.119267626;59;Helpe Majeure;NORD
D015850401;L'Helpe Majeure à Moustier-en-Fagne;4.194017567;50.097656253;59;Helpe Majeure;NORD
D015652001;L'Helpe Majeure à Taisnières-en-Thiérache;3.816596803;50.148611018;59;Helpe Majeure;NORD
D013705001;L'Helpe Mineure à Fourmies;4.025293675;50.017869586;59;Helpe Mineure;NORD
D013702001;L'Helpe Mineure à Maroilles;3.757441177;50.13207979;59;Helpe Mineure;NORD
D013701001;L'Helpe Mineure à Étrœungt;3.928957894;50.060929215;59;Helpe Mineure;NORD
E490571001;L'Yser à Bambecque - Engelshof;2.54150629;50.899048599;59;Yser;NORD
E490571002;L'Yser à Bambecque - RD 167;2.548092796;50.897583939;59;Yser;NORD
E490571101;L'Yser à Bollezeele [Erkelsbrug];2.348575;50.866201538;59;Yser;NORD
E236831001;La Balle Tillière à Saint-Amand-les-Eaux;3.450491596;50.417574631;59;Balle Tilliere;NORD
E365851001;La Bourre à Hazebrouck;2.564076223;50.7397438;59;Bourre;NORD
E365851301;La Bourre à Merville;2.633910222;50.647094677;59;Bourre;NORD
D019701001;La Flamenne à Maubeuge [Douzies];3.929272605;50.280636835;59;Flamenne;NORD
E236501001;La Grande Traitoire à Wandignies-Hamage;3.339517786;50.400199254;59;Grande Traitoire;NORD
E182701001;La Hogneau à Gussignies;3.737924126;50.335974383;59;Hogneau;NORD
E182701002;La Hogneau à Gussignies;3.735778204;50.335611982;59;Hogneau;NORD
E182702001;La Hogneau à Thivencelle;3.634096004;50.439379773;59;Hogneau;NORD
E366601601;La Lawe à la Gorgue;2.704298764;50.637236499;59;La Lawe;NORD
E367125001;La Lys à Armentières - Ancienne;2.897874189;50.692898689;59;La Lys;NORD
E367125002;La Lys à Armentières - Station partenaire VNF;2.897874189;50.692898689;59;La Lys;NORD
E381126501;La Lys à Bousbecque;3.073795618;50.77586443;59;La Lys;NORD
E364121002;La Lys à Merville - DREAL;2.641054043;50.639293787;59;La Lys;NORD
E364121001;La Lys à Merville - VNF;2.64112707;50.6392431;59;La Lys;NORD
E381121001;La Lys à Wervicq-Sud;3.042268147;50.776067541;59;La Lys;NORD
E334601001;La Marque à Bouvines;3.181978941;50.579294593;59;Marque;NORD
E334602201;La Marque à Ennevelin;3.12821866;50.532049659;59;Marque;NORD
E334602001;La Marque à Pont-à-Marcq;3.121448409;50.528081061;59;Marque;NORD
E334602202;La Marque à Pont-à-Marcq;3.121448409;50.528081061;59;Marque;NORD
E490700501;La Peene Becque à Ochtezeele;2.402206825;50.816800943;59;Peene Becque;NORD
E490701001;La Peene Becque à Wormhout;2.471506239;50.884983589;59;Peene Becque;NORD
E176601001;La Rhonelle à Aulnoy-lez-Valenciennes;3.531707092;50.329978539;59;Rhonelle;NORD
D016221001;La Sambre canalisée à Berlaimont;3.817308485;50.201465601;59;La Sambre Canalisée;NORD
D019224001;La Sambre canalisée à Hautmont;3.918299111;50.251831572;59;La Sambre Canalisée;NORD
D019801201;La Sambre canalisée à Louvroil;3.955623166;50.267217453;59;La Sambre Canalisée;NORD
D019223001;La Sambre canalisée à Marpent;4.076967684;50.294406085;59;La Sambre Canalisée;NORD
D019222001;La Sambre canalisée à Maubeuge [amont écluse];3.972796644;50.276798581;59;La Sambre Canalisée;NORD
D019801101;La Sambre canalisée à Maubeuge [aval écluse];3.975512999;50.275241609;59;La Sambre Canalisée;NORD
E223000101;La Scarpe canalisée [Scarpe moyenne] à Courchelettes - La Scarpe moyenne à Couteau;3.060924863;50.344256366;59;La Scarpe Canalisée;NORD
E237110501;La Scarpe canalisée à Mortagne-du-Nord;3.452443839;50.494255647;59;La Scarpe Canalisée;NORD
E172601002;La Selle à Denain;3.388833055;50.317161263;59;Selle ou Escaut;NORD
E172601001;La Selle à Noyelles-sur-Selle;3.390297109;50.286422431;59;Selle ou Escaut;NORD
D020602001;La Solre à Choisies;4.033974236;50.208605847;59;Solre;NORD
D020601001;La Solre à Ferrière-la-Grande;3.997164348;50.262895069;59;Solre;NORD
D015850001;La Tarsy à Monceau-Saint-Waast [La Brasserie];3.853749551;50.174059161;59;Tarsy;NORD
D018600001;Le Cligneux à Saint-Remy-du-Nord;3.901008461;50.230111373;59;Cligneux;NORD
E366601901;Le Meteren Becque au Doulieu - La Méteren Becque au Doulieu;2.700545076;50.67817428;59;Meteren Becque;NORD
E171551001;Le Vieil-Escaut à Hordain;3.310761189;50.26696695;59;vieil-escaut;NORD
E366601801;Le becque de Steenwerck à Saint-Jans-Cappel [Grande Becque];2.719621495;50.764495045;59;Becque de Steenwerck;NORD
E365851401;Le canal d'Hazebrouck [La Bourre] à Merville [Pont à Loup];2.614073725;50.659157011;59;Canal d'Hazebrouck;NORD
E338351001;Le canal de Roubaix à Marquette-lez-Lille;3.06719516;50.676303383;59;Canal de Roubaix;NORD
E310211001;Le canal de la Deule à Don;2.906534519;50.541084013;59;Canal de la Deule;NORD
E310211002;Le canal de la Deule à Don;2.918014138;50.545462933;59;Canal de la Deule;NORD
E341210001;Le canal de la Deule à Wambrechies;3.054187099;50.688289523;59;Canal de la Deule;NORD
E156371001;Le canal du Nord à Arleux;3.109879957;50.272831929;59;Canal du Nord;NORD
E156371002;Le canal du Nord à Arleux - Station partenaire VNF;3.109879957;50.272831929;59;Canal du Nord;NORD
E236741001;Le courant de Coutiches à Flines-lez-Raches;3.225646977;50.43332509;59;Courant de Coutiches Amont;NORD
E237601001;Le courant de l'Hôpital à Bousignies;3.359679157;50.436676059;59;Courant de l'Hopital;NORD
E236661001;Le courant des Fontaines d'Hertain à Hasnon;3.390786829;50.406053565;59;Courant des Fontaines d'Hertain;NORD
D015850501;Le ruisseau de Montbliard à Eppe-Sauvage;4.178248144;50.118028949;59;Ruisseau de Montbliard;NORD
D019801001;Le ruisseau des Guides à Maubeuge [Douzies];3.928587119;50.280533912;59;Ruisseau des Guides;NORD
E400000101;Longue Becque à Renescure;2.365471393;50.716707316;59;Longue Becque;NORD
E364628201;Vieille Lys Aval à Merville;2.645495012;50.638348974;59;Vieille Lys Aval;NORD
D015658001;[Helpe Majeure] à Eppe-Sauvage;4.111623421;50.120214133;59;;NORD
E182601001;[La Hayne] à Saint-Aybert;3.652518947;50.449825741;59;;NORD
H168000501;L'Aisne à Choisy-au-Bac [Carandeau] - Barrage (amont);2.887750192;49.431494547;60;L'Aisne;OISE
H168000502;L'Aisne à Choisy-au-Bac [Carandeau] - Barrage (aval);2.887286449;49.431519332;60;L'Aisne;OISE
H166000101;L'Aisne à Couloisy - Barrage (amont);3.028762683;49.409612553;60;L'Aisne;OISE
H166000102;L'Aisne à Couloisy - Barrage (aval);3.028356863;49.409658987;60;L'Aisne;OISE
H168000401;L'Aisne à Trosly-Breuil [Hérant] - Barrage (amont);2.957985253;49.410176759;60;L'Aisne;OISE
H168000402;L'Aisne à Trosly-Breuil [Hérant] - Barrage (aval);2.957985253;49.410176759;60;L'Aisne;OISE
H742373001;L'Aronde à Braisnes;2.778041786;49.473522007;60;L'Aronde;OISE
H742371002;L'Aronde à Clairoix;2.846021303;49.441915552;60;L'Aronde;OISE
H742371001;L'Aronde à Clairoix - Fermée;2.845815449;49.441774288;60;L'Aronde;OISE
H742371003;L'Aronde à Clairoix - secours CT;2.846037591;49.441928335;60;L'Aronde;OISE
H742373501;L'Aronde à Gournay-sur-Aronde [Arsonval la féculerie] - Fermée;2.68912206;49.482799531;60;L'Aronde;OISE
H742373502;L'Aronde à Gournay-sur-Aronde [Arsonval la féculerie] - Gournay sur Aronde (Arsonval la Fuculerie);2.690829012;49.483180402;60;L'Aronde;OISE
H742374001;L'Aronde à Moyenneville;2.640555248;49.491994376;60;L'Aronde;OISE
H742374501;L'Aronde à Wacquemoulin;2.616416224;49.500404641;60;L'Aronde;OISE
H751301001;L'Automne à Saintines;2.774262964;49.30682303;60;L'Automne;OISE
H751303001;L'Automne à Vauciennes;3.0338453;49.24168404;60;L'Automne;OISE
H773301001;L'Avelon à Goincourt;2.056236122;49.430446306;60;L'Avelon;OISE
H312041010;L'Epte à Sérifontaine;1.760171704;49.355436997;60;L'Epte;OISE
H312042010;L'Epte à Éragny-sur-Epte;1.76913082;49.321995625;60;L'Epte;OISE
H784301001;L'Esches à Bornel;2.208872927;49.197689055;60;L'Esches;OISE
H742101001;L'Oise au Plessis-Brion;2.890819583;49.467636366;60;L'Oise;OISE
H208000102;L'Oise à Creil - Aval;2.460507931;49.255684225;60;L'Oise;OISE
H208000104;L'Oise à Creil - Station débitmétrique (>2006);2.460442397;49.254318728;60;L'Oise;OISE
H750101002;L'Oise à Jaux;2.778417547;49.386089756;60;L'Oise;OISE
H208000101;L'Oise à Pont-Sainte-Maxence - Sarron;2.626503465;49.310411742;60;L'Oise;OISE
H204101101;L'Oise à Pont-Sainte-Maxence [Sarron] - Barrage (Amont);2.61959179;49.308007989;60;L'Oise;OISE
H204101102;L'Oise à Pont-Sainte-Maxence [Sarron] - Barrage (Aval);2.612108241;49.304954761;60;L'Oise;OISE
H740101001;L'Oise à Sempigny;2.986516043;49.560397439;60;L'Oise;OISE
H750101001;L'Oise à Venette;2.805782197;49.413943335;60;L'Oise;OISE
H750101003;L'Oise à Venette - Barrage (amont) - [VNF];2.813984999;49.416122393;60;L'Oise;OISE
H750101004;L'Oise à Venette - Barrage (aval) - [VNF];2.80300198;49.41326472;60;L'Oise;OISE
H750102001;L'Oise à Verberie;2.72996466;49.320557583;60;L'Oise;OISE
H200102201;L'Oise à Verberie - Barrage (amont);2.731044104;49.324524218;60;L'Oise;OISE
H200102202;L'Oise à Verberie - Barrage (aval);2.728288002;49.32036505;60;L'Oise;OISE
H760201001;La Breche à Nogent-sur-Oise;2.461384681;49.287530053;60;La Breche;OISE
H741321001;La Divette à Passel;2.963737485;49.555791517;60;La Divette;OISE
H741321002;La Divette à Passel - - Fermée;2.962102267;49.554574261;60;La Divette;OISE
H781321001;La Launette à Ver-sur-Launette;2.688015926;49.103261891;60;La Launette;OISE
H781301002;La Nonette à Courteuil [Saint-Nicolas d'Acy];2.553632409;49.199363871;60;La Nonette;OISE
H781301001;La Nonette à Courteuil [Saint-Nicolas d'Acy] - Fermée;2.55364605;49.199372912;60;La Nonette;OISE
H751361001;La Sainte-Marie à Glaignes;2.849979131;49.271108858;60;Rivière Sainte-Marie;OISE
H740382001;La Verse à Noyon;2.992917089;49.586044363;60;La Verse;OISE
H740381001;La Verse à Noyon [aval] - Fermée;2.99957165;49.568639045;60;La Verse;OISE
H771301001;Le Petit Therain à Saint-Omer-en-Chaussée;1.999087425;49.528796021;60;Le Petit Therain;OISE
H774201001;Le Therain à Beauvais;2.083986575;49.426120161;60;Le Therain;OISE
H770201001;Le Therain à Bonnières;1.966194867;49.506469642;60;Le Therain;OISE
H774202001;Le Therain à Maysel;2.378066713;49.261958181;60;Le Therain;OISE
H168000301;[aisne] à Choisy-au-Bac;2.87589045;49.435875319;60;;OISE
H168000303;[aisne] à Choisy-au-Bac - Trosly-Breuil (Hérant) - station mère;2.954642336;49.409895718;60;;OISE
H168000302;[aisne] à Choisy-au-Bac - carandeau - station fille;2.888087214;49.430071086;60;;OISE
M001411001;L'Hoëne à la Mesnière [La Foulerie];0.440570488;48.547708617;61;l'Hoëne;ORNE
M032151101;L'Huisne à Dorceau;0.801691524;48.419994499;61;l'Huisne;ORNE
M032151001;L'Huisne à Rémalard;0.769743726;48.426454834;61;l'Huisne;ORNE
M030151001;L'Huisne à Réveillon [Moulin de Réveillon];0.563970007;48.470307942;61;l'Huisne;ORNE
H433041010;L'Iton aux Aspres;0.60166796;48.689726985;61;L'Iton;ORNE
H433042010;L'Iton à Crulai;0.663760702;48.713590698;61;L'Iton;ORNE
I303101001;L'Orne à Argentan;-0.024655648;48.742942109;61;L'Orne;ORNE
I200101101;L'Orne à Belfonds;0.132109754;48.626637922;61;L'Orne;ORNE
I223000201;L'Orne à Putanges-Pont-Écrepin [EDF];-0.296931124;48.787963821;61;L'Orne;ORNE
I223000101;L'Orne à Rabodanges [EDF];-0.296931124;48.787963821;61;L'Orne;ORNE
I312101002;L'Orne à la Courbe [Pont RD 776] - Amont;-0.184957034;48.747727548;61;L'Orne;ORNE
I312101001;L'Orne à la Courbe [Pont RD 776] - Aval;-0.18482114;48.747731175;61;L'Orne;ORNE
I311301001;L'Udon à Écouché;-0.12847971;48.714962644;61;L'Udon;ORNE
I303301001;L'Ure au Bourg-Saint-Léonard;0.100118857;48.753797388;61;L'Ure;ORNE
I310301001;La Cance à Tanques [La Noé];-0.083335615;48.692653974;61;La Cance;ORNE
H610041010;La Charentonne à Bocquencé;0.482098513;48.848856556;61;La Charentonne;ORNE
M031000101;La Commeauche à Maison-Maugis - Les Planches;0.70472052;48.45342813;61;la Commeauche;ORNE
M033000101;"La Corbionne à Bretoncelles - lieu dit ""le carrefour""";0.871038719;48.403800808;61;la Corbionne;ORNE
I200101001;La Dives à Saint-Lambert-sur-Dive;0.074484316;48.815550593;61;La Dives;ORNE
M303401001;La Gourbe à Saint-Ouen-le-Brisoult [Les Hayes];-0.348414582;48.526478079;61;la Gourbe;ORNE
I312321001;La Maire à Sevrai [Le Poirier];-0.157900672;48.718084896;61;La Maire;ORNE
M304091001;La Mayenne à Couterne;-0.417184501;48.507808066;61;la Mayenne;ORNE
M038401010;La Même à Saint-Germain-de-la-Coudre - La Sansaudière;0.62587433;48.245341168;61;la Même;ORNE
H602021010;La Risle à Rai;0.58156195;48.748705218;61;La Risle;ORNE
H600021010;La Risle à Échauffour [observateur];0.430946285;48.718036538;61;La Risle;ORNE
I330202001;La Rouvre à Saint-Hilaire-de-Briouze [Le Tranchot];-0.322226332;48.683669451;61;La Rouvre;ORNE
I335201001;La Rouvre à Ségrie-Fontaine [Maison de la Rivière];-0.39797704;48.811726624;61;La Rouvre;ORNE
M001061001;La Sarthe au Mêle-sur-Sarthe;0.357905533;48.509211477;61;la Sarthe;ORNE
M004061001;La Sarthe à Alençon;0.115348266;48.435378989;61;la Sarthe;ORNE
M005061010;La Sarthe à Mieuxcé;0.013021022;48.399598249;61;la Sarthe;ORNE
M005061020;La Sarthe à Saint-Céneri-le-Gérei - Moulin-du-Désert;-0.023208328;48.385680471;61;la Sarthe;ORNE
I101101001;La Touques à Mardilly;0.277870932;48.831352391;61;La Touques;ORNE
M310303001;La Varenne au Châtellier [La Fonte];-0.560160672;48.687747132;61;la Varenne;ORNE
M310301001;La Varenne à Domfront;-0.661980418;48.587682296;61;la Varenne;ORNE
M313301010;La Varenne à Saint-Fraimbault [Moulin Crinais];-0.675492866;48.497301869;61;la Varenne;ORNE
I210201001;La Vie à Guerquesalles [Les Longs Champs];0.212136825;48.904104148;61;La Vie;ORNE
I346351001;La Visance à Landisacq;-0.66072205;48.743784856;61;La Visance;ORNE
I346352001;La Visance à Landisacq [Plan d'eau];-0.656321822;48.743937793;61;La Visance;ORNE
I248000101;La Vère à Athis-de-l'Orne [Le Pont Grat];-0.541797375;48.807018514;61;La Vere;ORNE
I346301001;La Vère à Saint-Pierre-du-Regard;-0.511265786;48.847863151;61;La Vere;ORNE
M003000302;La Vézone aux Ventes-de-Bourse - Voie verte;0.231331085;48.49379134;61;la Vézone;ORNE
M003000301;La Vézone à Neuilly-le-Bisson - RD 506;0.237349625;48.497802133;61;la Vézone;ORNE
I334301001;Le Lembron à Taillebois [Le Fil];-0.444697761;48.809830635;61;Le Lembron;ORNE
I346201001;Le Noireau à Cahan [Les Planches - CD 911];-0.438439289;48.866812831;61;Le Noireau;ORNE
I342201001;Le Noireau à Saint-Pierre-d'Entremont;-0.636385214;48.801097592;61;Le Noireau;ORNE
M006432001;Le Sarthon [bief] à la Ferrière-Bochard;-0.054381314;48.41129532;61;le Sarthon;ORNE
M006431001;Le Sarthon [partiel] à la Ferrière-Bochard;-0.054381314;48.41129532;61;le Sarthon;ORNE
M006433001;Le Sarthon à Saint-Céneri-le-Gérei;-0.055251098;48.383227415;61;le Sarthon;ORNE
M006435001;Le Sarthon à la Roche-Mabile;-0.050292154;48.493669704;61;le Sarthon;ORNE
H605641010;Le Val de Launay à Glos-la-Ferrière;0.594409425;48.85154597;61;Le Val de Launay;ORNE
H605601010;Le Vernet à Glos-la-Ferrière;0.60340297;48.85876244;61;Le Vernet;ORNE
I346361001;Le ruisseau de l'Aubrière à Chanu;-0.659292428;48.737958238;61;Ruisseau de l'Aubriere;ORNE
I010991001;[La Siffletière (source)] à Villers-en-Ouche;0.484836546;48.852576277;61;;ORNE
E363121101;Guarbecque à Saint-Venant;2.549493376;50.624727941;62;Guarbecque;PAS-DE-CALAIS
E403000101;L'Aa à Arques - Station partenaire VNF;2.295056809;50.744082904;62;fleuve l'aa;PAS-DE-CALAIS
E403653401;L'Aa à Blendecques - Station partenaire SmageAa;2.263248725;50.714997853;62;Rivière Aa;PAS-DE-CALAIS
E403653301;L'Aa à Elnes;2.127754325;50.691989316;62;Rivière Aa;PAS-DE-CALAIS
E403572001;L'Aa à Fauquembergues;2.098860251;50.6048457;62;Rivière Aa;PAS-DE-CALAIS
E403573001;L'Aa à Lumbres;2.127645428;50.706456354;62;Rivière Aa;PAS-DE-CALAIS
E403571002;L'Aa à Wizernes;2.245694803;50.708752217;62;Rivière Aa;PAS-DE-CALAIS
E403571001;L'Aa à Wizernes - Ancienne;2.242016339;50.709800492;62;Rivière Aa;PAS-DE-CALAIS
E403571003;L'Aa à Wizernes - Passerelle;2.230658768;50.708779989;62;Rivière Aa;PAS-DE-CALAIS
E541000401;La Canche à Beutin;1.724016236;50.490121414;62;La Canche;PAS-DE-CALAIS
E540031001;La Canche à Brimeux;1.830793979;50.448083113;62;La Canche;PAS-DE-CALAIS
E540651601;La Canche à Ligny-sur-Canche;2.257171998;50.282610384;62;La Canche;PAS-DE-CALAIS
E540030001;La Canche à Marconne [Sainte-Austreberthe];2.044825407;50.367623411;62;La Canche;PAS-DE-CALAIS
E541000501;La Canche à Étaples;1.635503812;50.512365688;62;La Canche;PAS-DE-CALAIS
E364628001;La Clarence à Marles-les-Mines;2.499155678;50.493611487;62;La Clarence;PAS-DE-CALAIS
E364621001;La Clarence à Robecq;2.565962262;50.594520299;62;La Clarence;PAS-DE-CALAIS
E541000101;La Course à Estrée;1.788507302;50.499540146;62;Course ou Canche;PAS-DE-CALAIS
E549701001;La Grande Tringue à Cucq [Étaples];1.642892378;50.508811121;62;Grande Tringue;PAS-DE-CALAIS
E430602001;La Hem à Recques-sur-Hem;2.086592584;50.833558913;62;rivière la hem;PAS-DE-CALAIS
E430601001;La Hem à Tournehem-sur-la-Hem [Guémy];2.029735836;50.800549828;62;rivière la hem;PAS-DE-CALAIS
E351851001;La Laquette à Witternesse;2.360779503;50.612520005;62;Laquette;PAS-DE-CALAIS
E366060001;La Lawe à Bruay-la-Buissière;2.544248007;50.486622645;62;La Lawe;PAS-DE-CALAIS
E366060002;La Lawe à Bruay-la-Buissière;2.54446616;50.486717047;62;La Lawe;PAS-DE-CALAIS
E366601001;La Lawe à Béthune;2.637101185;50.539490667;62;La Lawe;PAS-DE-CALAIS
E366600501;La Lawe à Houdain;2.526435186;50.449276011;62;La Lawe;PAS-DE-CALAIS
E531021001;La Liane à Hesdigneul-lès-Boulogne;1.674793816;50.661168098;62;La Liane;PAS-DE-CALAIS
E531022001;La Liane à Isques [La Liane à Isques];1.633297848;50.680732983;62;La Liane;PAS-DE-CALAIS
E530021301;La Liane à Selles - Station partenaire SYMSAGEB;1.873946753;50.703328132;62;La Liane;PAS-DE-CALAIS
E530021001;La Liane à Wirwignes;1.767579538;50.681203855;62;La Liane;PAS-DE-CALAIS
E361121001;La Lys à Aire-sur-la-Lys;2.435116915;50.646553729;62;La Lys;PAS-DE-CALAIS
E351851401;La Lys à Aire-sur-la-Lys - Lys au déversoir de l'Oduel;2.383953127;50.643172276;62;La Lys;PAS-DE-CALAIS
E351851301;La Lys à Aire-sur-la-Lys [Amont];2.389326776;50.640881966;62;La Lys;PAS-DE-CALAIS
E351122001;La Lys à Delettes;2.215235836;50.618625475;62;La Lys;PAS-DE-CALAIS
E351851201;La Lys à Lisbourg;2.216953009;50.507689396;62;La Lys;PAS-DE-CALAIS
E351121001;La Lys à Lugy;2.173774434;50.522544139;62;La Lys;PAS-DE-CALAIS
E207111002;La Scarpe canalisée à Brebières;3.032065792;50.334505039;62;La Scarpe Canalisée;PAS-DE-CALAIS
E207111001;La Scarpe canalisée à Brebières - Ancienne;3.01286271;50.33420328;62;La Scarpe Canalisée;PAS-DE-CALAIS
E207111003;La Scarpe canalisée à Brebières - Station partenaire VNF;3.032065792;50.334505039;62;La Scarpe Canalisée;PAS-DE-CALAIS
E201000501;La Scarpe à Anzin-Saint-Aubin;2.720930195;50.311499131;62;Rivière Scarpe;PAS-DE-CALAIS
E200111001;La Scarpe à Saint-Nicolas;2.777348091;50.299606956;62;Rivière Scarpe;PAS-DE-CALAIS
E156601001;La Sensée à Étaing;2.99515082;50.278500176;62;Sensée;PAS-DE-CALAIS
E510821201;La Slack à Ambleteuse - Station partenaire SYMSAGEB;1.627596775;50.80170401;62;Slack;PAS-DE-CALAIS
E510571001;La Slack à Rinxent;1.729228256;50.799965377;62;Slack;PAS-DE-CALAIS
E540651001;La Ternoise à Hesdin;2.037409303;50.379624602;62;Ternoise;PAS-DE-CALAIS
E540651901;La Ternoise à Teneur;2.2330344;50.450918539;62;Ternoise;PAS-DE-CALAIS
E351851501;La Traxenne à Fruges - La Traxenne à Fruges;2.121648401;50.518995691;62;Traxenne;PAS-DE-CALAIS
E362000101;Laque bras Est à Aire-sur-la-Lys [Houleron];2.471452868;50.637333602;62;Laque Bras Est;PAS-DE-CALAIS
E403653001;Le Bléquin à Lumbres;2.119238452;50.702956764;62;Blequin;PAS-DE-CALAIS
E366601701;Le Courant Frenelet à Laventie;2.776670831;50.594713153;62;courant frenelet;PAS-DE-CALAIS
E510711001;Le Crembreux à Marquise;1.724457882;50.809356363;62;Crembreux;PAS-DE-CALAIS
E201000301;Le Gy à Duisans;2.678114261;50.31131128;62;Le Gy;PAS-DE-CALAIS
E301000401;Le Souchez à Angres;2.758103289;50.402279537;62;Souchez;PAS-DE-CALAIS
E301000301;Le Souchez à Courrières - Station partenaire VNF;2.936474966;50.45687859;62;Souchez;PAS-DE-CALAIS
E351601001;Le Surgeon à Cambrin;2.745031917;50.51209874;62;Surgeon;PAS-DE-CALAIS
E351601002;Le Surgeon à Cambrin - [VNF];2.745031917;50.51209874;62;Surgeon;PAS-DE-CALAIS
E520571202;Le Wimereux à Pittefaux - Station partenaire SYMSAGEB;1.683478948;50.755273858;62;Wimereux;PAS-DE-CALAIS
E520571001;Le Wimereux à Wimille;1.629563933;50.764176229;62;Wimereux;PAS-DE-CALAIS
E351851601;Le bras de décharge de la Lys Oduel à Aire-sur-la-Lys;2.390235357;50.642994274;62;bras de décharge de la lys oduel;PAS-DE-CALAIS
E419601001;Le canal de Marck à Calais;1.954933336;50.954671977;62;Canal de Marck;PAS-DE-CALAIS
E510821001;Le ruisseau de Bazinghen à Bazinghen - Ancienne station;1.688598822;50.827006084;62;Ruisseau de Bazinghen;PAS-DE-CALAIS
E363121002;[La Lys] à Saint-Venant - DREAL;2.550469557;50.625993403;62;;PAS-DE-CALAIS
E363121001;[La Lys] à Saint-Venant - VNF;2.55041898;50.625970777;62;;PAS-DE-CALAIS
E531022201;[La rivière de Belle-Isle] à Saint-Léonard;1.626639841;50.694169888;62;;PAS-DE-CALAIS
K264401001;L'Ailloux à Manglieu [Lavaur];3.358057964;45.622820175;63;l'Ailloux;PUY-DE-DOME
K268082001;L'Allier à Coudes;3.210562007;45.615016439;63;l'Allier;PUY-DE-DOME
K268082002;L'Allier à Coudes - Echelle aval - Ancienne;3.210733007;45.615406753;63;l'Allier;PUY-DE-DOME
K245000101;L'Allier à Jumeaux - [HS];3.334989065;45.428415068;63;l'Allier;PUY-DE-DOME
K279081001;L'Allier à Limons;3.447805134;45.969471712;63;l'Allier;PUY-DE-DOME
K270081010;L'Allier à Pont-du-Château;3.259931914;45.797190413;63;l'Allier;PUY-DE-DOME
K268081001;L'Allier à Vic-le-Comte;3.20191423;45.660947948;63;l'Allier;PUY-DE-DOME
K277401001;L'Ambène à Charbonnières-les-Varennes [Beaunit];2.973959472;45.900421868;63;;PUY-DE-DOME
K277402001;L'Ambène à Ennezat - [HS];3.223849039;45.889820618;63;;PUY-DE-DOME
K051301001;L'Ance à Sauvessanges;3.89137388;45.379851794;63;l'Ance;PUY-DE-DOME
K278451001;L'Andoux à Maringues - [HS];3.32526735;45.922019388;63;;PUY-DE-DOME
K272422001;L'Artière à Aulnat - [HS];3.17239941;45.795791172;63;l'Artière;PUY-DE-DOME
K272421001;L'Artière à Clermont-Ferrand [Domaine de Crouel] - [Hors service];3.142445017;45.771546702;63;l'Artière;PUY-DE-DOME
K269821001;L'Auzon à la Roche-Blanche;3.130228374;45.698351756;63;l'Auzon;PUY-DE-DOME
K263031001;L'Eau Mère à Parentignat;3.293182376;45.534823739;63;;PUY-DE-DOME
K267403001;La Couze Chambon à Chambon-sur-Lac [amont Lac] - [HS];2.908677476;45.569567225;63;la Couze Chambon;PUY-DE-DOME
K267401001;La Couze Chambon à Montaigut-le-Blanc [Champeix];3.104702618;45.587384989;63;la Couze Chambon;PUY-DE-DOME
K267404001;La Couze Chambon à Murol [aval Lac] - Passerelle - Ancienne;2.930009323;45.571122341;63;la Couze Chambon;PUY-DE-DOME
K267404002;La Couze Chambon à Murol [aval Lac] - Pont accès camping;2.929995751;45.571716646;63;la Couze Chambon;PUY-DE-DOME
K265401001;La Couze Pavin à Saint-Floret;3.111169901;45.550765454;63;;PUY-DE-DOME
K265401101;La Couze [de Valbeleix] à Valbeleix [La Valette];3.003674393;45.491461437;63;la Couze;PUY-DE-DOME
K262302001;La Couze d'Ardes [dérivation] à Madriat;3.189030747;45.430629045;63;la Couze d'Ardes;PUY-DE-DOME
K262301001;La Couze d'Ardes à Madriat;3.190180191;45.430176872;63;la Couze d'Ardes;PUY-DE-DOME
K283401001;La Dolore à Saint-Bonnet-le-Chastel [Moulin Neuf];3.630634653;45.446565695;63;la Dolore;PUY-DE-DOME
P000001001;La Dordogne à Mont-Dore [Piste de ski] - [HS];2.81853311;45.538598573;63;La Dordogne;PUY-DE-DOME
P001001001;La Dordogne à Saint-Sauves-d'Auvergne;2.687351622;45.603631076;63;La Dordogne;PUY-DE-DOME
K285191001;La Dore à Ambert;3.73021238;45.543774509;63;la Dore;PUY-DE-DOME
K285191002;La Dore à Ambert - SAC - Ancienne;3.730558654;45.550607135;63;la Dore;PUY-DE-DOME
K298191001;La Dore à Dorat;3.477693606;45.89117637;63;la Dore;PUY-DE-DOME
K282191001;La Dore à Dore-l'Église;3.745574376;45.38233064;63;la Dore;PUY-DE-DOME
K295000101;La Dore à Peschadoires - Pont de Dore;3.501619594;45.839194371;63;;PUY-DE-DOME
K287191001;La Dore à Saint-Gervais-sous-Meymont [Maison du Parc/Giroux-Dore];3.61045313;45.689344241;63;la Dore;PUY-DE-DOME
K297031001;La Durolle à Celles-sur-Durolle [Pont de Chazeau];3.63187259;45.86716847;63;la Durolle;PUY-DE-DOME
K288401001;La Faye à Olliergues [Giroux-Faye];3.594195181;45.702128355;63;la Faye;PUY-DE-DOME
K296000201;La Jalonne à Celles-sur-Durolle;3.669650973;45.884805101;63;la Jalonne;PUY-DE-DOME
K269821201;La Monne à Saint-Saturnin - RD28;3.084241124;45.651129117;63;la Monne;PUY-DE-DOME
K275303001;La Morge au Cheix - [HS];3.165772696;45.955512706;63;la Morge;PUY-DE-DOME
K278301001;La Morge à Maringues [Côte Rouge];3.313359752;45.908716593;63;la Morge;PUY-DE-DOME
K275301002;La Morge à Montcel - Amont pont RD 122;3.056968548;46.024507424;63;la Morge;PUY-DE-DOME
K275301001;La Morge à Montcel - Aval pont RD 122 (canal);3.057240048;46.024543307;63;la Morge;PUY-DE-DOME
K326401002;La Saunade à Pontaumur;2.67401632;45.870796876;63;la Saunade;PUY-DE-DOME
K326401001;La Saunade à Pontaumur - Canal - Ancienne échelle;2.674016959;45.870688818;63;la Saunade;PUY-DE-DOME
K275611001;La Sep à Saint-Hilaire-la-Croix [Moulin de Josse] - [HS];3.033107961;46.028407029;63;le Sep;PUY-DE-DOME
K330201001;La Sioule à Châteauneuf-les-Bains;2.901436607;46.029647714;63;la Sioule;PUY-DE-DOME
K322021001;La Sioule à Gelles [La Miouze];2.830484488;45.766340462;63;la Sioule;PUY-DE-DOME
K329304201;La Sioule à Miremont - Pont du Bouchet - [HS];2.770343618;45.928044052;63;la Sioule;PUY-DE-DOME
K322201001;La Sioule à Pontgibaud;2.849048206;45.833237348;63;la Sioule;PUY-DE-DOME
K329202001;La Sioule à Saint-Priest-des-Champs [Fades-Besserve EDF - QNR];2.795363182;45.97369317;63;la Sioule;PUY-DE-DOME
P061000101;La Tarentaine à Saint-Donat - [HS];2.710439352;45.452160781;63;La Tarentaine;PUY-DE-DOME
P011501101;Le Burande à Singles [EDF - ru de Burons];2.54844448;45.54203281;63;Ruisseau la Burande;PUY-DE-DOME
P011501001;Le Burande à la Tour-d'Auvergne;2.696383369;45.528636762;63;Ruisseau la Burande;PUY-DE-DOME
K302000101;Le Buron à Saint-Denis-Combarnazat - Le Moulin Chauffour - RD 107;3.363476478;45.991034645;63;le Buron;PUY-DE-DOME
K276311001;Le Bédat à Cébazat [La Maison Rouge];3.111798477;45.824530101;63;le Bedat;PUY-DE-DOME
K277312001;Le Bédat à Saint-Laure;3.292480331;45.899992644;63;le Bedat;PUY-DE-DOME
K320601001;Le Ceyssat à Ceyssat - Moulin - Ancienne échelle;2.893862131;45.760969923;63;le Ceyssat;PUY-DE-DOME
K320601002;Le Ceyssat à Ceyssat - Pont;2.893758396;45.761393055;63;le Ceyssat;PUY-DE-DOME
K320603001;Le Ceyssat à Ceyssat - [HS];2.90637105;45.751048605;63;le Ceyssat;PUY-DE-DOME
K320602001;Le Ceyssat à Ceyssat [Chez Pierre] - [HS];2.906602734;45.750958748;63;le Ceyssat;PUY-DE-DOME
K275861001;Le Chambaron à Cellule [Pontmort] - [HS];3.158662668;45.94785068;63;le Chambaron;PUY-DE-DOME
P006431001;Le Chavanon à Bourg-Lastic [Chavanon-Chantier];2.522934997;45.651590707;63;Le Chavanon;PUY-DE-DOME
P009000201;Le Chavanon à Messeix [EDF - La Celette];2.507096077;45.639049218;63;Le Chavanon;PUY-DE-DOME
K294401001;Le Couzon à Courpière [Le Salet];3.566473131;45.744748161;63;le Couzon;PUY-DE-DOME
K299401301;Le Creuzier [Le CREUZIER] à Saint-Victor-Montvianeix;3.60753499;45.941238969;63;le Creuzier;PUY-DE-DOME
K298191101;Le Dorson à Thiers;3.515366358;45.868800256;63;le Dorson;PUY-DE-DOME
K271401002;Le Jauron à Beauregard-l'Évêque [Saint-Aventin];3.280297623;45.813710871;63;le Jauron;PUY-DE-DOME
K271401001;Le Jauron à Beauregard-l'Évêque [Saint-Aventin] - Ancienne;3.280253478;45.81376495;63;le Jauron;PUY-DE-DOME
K322501001;Le Mazaye à Mazaye - [HS];2.860372611;45.792072412;63;le Mazaye;PUY-DE-DOME
K277801001;Le Saint-Genest à Malauzat [Saint-Genest-l'Enfant];3.068460715;45.879269579;63;;PUY-DE-DOME
K277801002;Le Saint-Genest à Malauzat [Saint-Genest-l'Enfant];3.068008968;45.87886463;63;;PUY-DE-DOME
K327301001;Le Sioulet à Miremont [La Prugne];2.703454102;45.88612338;63;le Sioulet;PUY-DE-DOME
K275862001;Le fossé du marais d'orange à Cellule - [HS];3.157766221;45.950355308;63;;PUY-DE-DOME
P021251001;Le ruisseau Grande Rhue à Égliseneuve-d'Entraigues;2.830232025;45.408751699;63;rivière la rhue;PUY-DE-DOME
P062000201;Le ruisseau de Neuffonds [Eau Verte] à Saint-Genès-Champespe [Moulin des Bessades] - [HS];2.725604712;45.435657349;63;ruisseau de l'eau verte;PUY-DE-DOME
P061000201;[Fontaine salée] à Chastreix [La Morangie];2.778043478;45.496554862;63;;PUY-DE-DOME
K299401001;[La Credogne] à Puy-Guillaume;3.473548287;45.964080996;63;;PUY-DE-DOME
K276701001;[La Pâle] à Marsat;3.074969428;45.877689588;63;;PUY-DE-DOME
K277471001;[Le Gargouilloux] à Malauzat [Moulin de la Fouille];3.066876956;45.880963454;63;;PUY-DE-DOME
K258451001;[Le captage Cézallier] à Anzat-le-Luguet - [HS];3.0117936;45.321220961;63;;PUY-DE-DOME
Q935001001;L'Adour à Anglet [Convergent];-1.514822499;43.527353493;64;L'Adour;PYRENEES-ATLANTIQUES
Q935002001;L'Adour à Bayonne [Lesseps] - Lesseps;-1.479417197;43.497579072;64;L'Adour;PYRENEES-ATLANTIQUES
Q834591001;L'Hasquette [Mendialçu] à Hasparren;-1.308951236;43.410056326;64;Ruisseau Hasquette;PYRENEES-ATLANTIQUES
Q484401001;L'Ouzom à Arthez-d'Asson;-0.245155684;43.100912852;64;L'Ouzom;PYRENEES-ATLANTIQUES
Q485000101;L'Ouzom à Asson;-0.251063687;43.140667537;64;L'Ouzom;PYRENEES-ATLANTIQUES
Q482401001;L'Ouzom à Béost [Litor];-0.289132573;42.959839618;64;L'Ouzom;PYRENEES-ATLANTIQUES
Q803251001;La Bidouze à Aïcirits-Camou-Suhast [Saint-Palais];-1.027918942;43.334342208;64;La Bidouze;PYRENEES-ATLANTIQUES
Q916461001;La Nive des Aldudes à Saint-Étienne-de-Baïgorry;-1.33680921;43.184100302;64;La Nive des Aldudes;PYRENEES-ATLANTIQUES
Q935251001;La Nive à Bayonne [Pont Blanc] - Pont-Blanc;-1.472382671;43.477828356;64;La Nive;PYRENEES-ATLANTIQUES
Q931251001;La Nive à Cambo-les-Bains;-1.390460897;43.356674095;64;La Nive;PYRENEES-ATLANTIQUES
Q930251001;La Nive à Itxassou;-1.400538733;43.314386334;64;La Nive;PYRENEES-ATLANTIQUES
Q910251001;La Nive à Ossès;-1.301413439;43.230308097;64;La Nive;PYRENEES-ATLANTIQUES
Q902000101;La Nive à Saint-Jean-Pied-de-Port;-1.236181897;43.161941599;64;La Nive;PYRENEES-ATLANTIQUES
Q903461001;La Nive à Saint-Jean-Pied-de-Port;-1.233494927;43.15863472;64;La Nive;PYRENEES-ATLANTIQUES
Q933251001;La Nive à Villefranque;-1.456860164;43.432791065;64;La Nive;PYRENEES-ATLANTIQUES
S516001001;La Nivelle à Ciboure;-1.66398305;43.384770372;64;La Nivelle;PYRENEES-ATLANTIQUES
S514402001;La Nivelle à Saint-Pée-sur-Nivelle [Lurberria];-1.533052277;43.313456954;64;La Nivelle;PYRENEES-ATLANTIQUES
S514401001;La Nivelle à Saint-Pée-sur-Nivelle [Pont de Cherchebruit];-1.54993683;43.321469448;64;La Nivelle;PYRENEES-ATLANTIQUES
Q131401001;Le Gabas à Arrien;-0.170532996;43.308944841;64;Le Gabas;PYRENEES-ATLANTIQUES
Q132401001;Le Gabas à Poursiugues-Boucoue;-0.351556904;43.55463054;64;Le Gabas;PYRENEES-ATLANTIQUES
Q650251001;Le Gave d'Aspe à Bidos;-0.604546161;43.178296118;64;Gave d'Aspe;PYRENEES-ATLANTIQUES
Q633252101;Le Gave d'Aspe à Escot [EDF -Pont d'Escot débit reconstitué];-0.606254272;43.071609801;64;Gave d'Aspe;PYRENEES-ATLANTIQUES
Q633252001;Le Gave d'Aspe à Osse-en-Aspe [Bedous];-0.604646463;42.999564107;64;Gave d'Aspe;PYRENEES-ATLANTIQUES
Q620251001;Le Gave d'Aspe à Urdos;-0.55851948;42.877645789;64;Gave d'Aspe;PYRENEES-ATLANTIQUES
Q600401001;Le Gave d'Oloron [Gave de Brousset] à Laruns [Tourmont];-0.41650022;42.818005905;64;Gave d'Oloron;PYRENEES-ATLANTIQUES
Q610291001;Le Gave d'Oloron [Le Gave d'Ossau] à Laruns;-0.419928201;42.993590033;64;Gave d'Oloron;PYRENEES-ATLANTIQUES
Q614292001;Le Gave d'Oloron [Le Gave d'Ossau] à Oloron-Sainte-Marie - Oloron-Sainte-Croix;-0.606033801;43.192662153;64;Gave d'Oloron;PYRENEES-ATLANTIQUES
Q614292002;Le Gave d'Oloron [Le Gave d'Ossau] à Oloron-Sainte-Marie - Quartier Sestiaa;-0.604709963;43.191760961;64;Gave d'Oloron;PYRENEES-ATLANTIQUES
Q741291001;Le Gave d'Oloron à Escos;-0.99319241;43.440913748;64;Gave d'Oloron;PYRENEES-ATLANTIQUES
Q741291002;Le Gave d'Oloron à Escos - Ancienne station crues;-0.993827694;43.440448918;64;Gave d'Oloron;PYRENEES-ATLANTIQUES
Q700291001;Le Gave d'Oloron à Oloron-Sainte-Marie [Pont SNCF];-0.608088391;43.199544771;64;Gave d'Oloron;PYRENEES-ATLANTIQUES
Q602501001;Le Gave de Bious à Laruns [Bious];-0.457043303;42.855013298;64;Gave de Bious;PYRENEES-ATLANTIQUES
Q640401001;Le Gave de Lourdios à Lourdios-Ichère;-0.676609836;43.051543531;64;Gave de Lourdios;PYRENEES-ATLANTIQUES
Q640402001;Le Gave de Lourdios à Osse-en-Aspe [Pont de la Mouline];-0.690882392;43.02431424;64;Gave de Lourdios;PYRENEES-ATLANTIQUES
Q523101001;Le Gave de Pau à Artiguelouve;-0.453303882;43.318781952;64;Gave de Pau;PYRENEES-ATLANTIQUES
Q504101001;Le Gave de Pau à Assat [Pont d'Assat];-0.307871758;43.244424454;64;Gave de Pau;PYRENEES-ATLANTIQUES
Q550101001;Le Gave de Pau à Bérenx;-0.853239672;43.508749289;64;Gave de Pau;PYRENEES-ATLANTIQUES
Q502101001;Le Gave de Pau à Nay;-0.260296419;43.178594499;64;Gave de Pau;PYRENEES-ATLANTIQUES
Q542102001;Le Gave de Pau à Orthez;-0.774416792;43.485374189;64;Gave de Pau;PYRENEES-ATLANTIQUES
Q511401001;Le Lagoin à Aressy;-0.32620159;43.279316528;64;Le Lagoin;PYRENEES-ATLANTIQUES
Q335401001;Le Luy du Béarn à Saint-Médard;-0.619116123;43.529796146;64;Le Luy du Béarn;PYRENEES-ATLANTIQUES
Q521501001;Le Nez à Gan [Pont Larroque];-0.386908841;43.198388185;64;Le Nez;PYRENEES-ATLANTIQUES
Q732253001;Le Saison à Berrogain-Laruns [Viodos];-0.873939246;43.241206014;64;Le Saison;PYRENEES-ATLANTIQUES
Q724251001;Le Saison à Licq-Athérey;-0.884973202;43.049299597;64;Le Saison;PYRENEES-ATLANTIQUES
Q724252001;Le Saison à Licq-Athérey [Pont de Licq];-0.876716891;43.066445321;64;Le Saison;PYRENEES-ATLANTIQUES
Q732252002;Le Saison à Mauléon-Licharre - Berrogain Laruns - Cibi;-0.874715683;43.247446393;64;Le Saison;PYRENEES-ATLANTIQUES
Q732252001;Le Saison à Mauléon-Licharre - Pont du collège;-0.887569579;43.222280406;64;Le Saison;PYRENEES-ATLANTIQUES
Q743000201;Le Saleys à Salies-de-Béarn;-0.938050992;43.468981784;64;Le Saleys;PYRENEES-ATLANTIQUES
Q604501001;Le Soussouéou Gave à Laruns [Miegebat];-0.372241713;42.905182778;64;Le Soussouéou Gave;PYRENEES-ATLANTIQUES
Q608501001;Le Valentin à Eaux-Bonnes;-0.380023239;42.96960272;64;Le Valentin;PYRENEES-ATLANTIQUES
Q515000201;Le ruisseau de l'Ousse à Bizanos;-0.35791552;43.291865618;64;Ruisseau de l'Ousse;PYRENEES-ATLANTIQUES
Q513431001;Le ruisseau de l'Ousse à Pontacq;-0.11330146;43.184729681;64;Ruisseau de l'Ousse;PYRENEES-ATLANTIQUES
Q010001001;L'Adour [Adour seul] à Asté [Pont d'Asté];0.163568192;43.037374537;65;L'Adour;HAUTES-PYRENEES
Q010511001;L'Adour [Canal d'Asté] à Asté [Canal d'Asté];0.164831923;43.037623832;65;L'Adour;HAUTES-PYRENEES
Q012501001;L'Adour [prise sur l'Adour] à Hiis;0.09729743;43.139559452;65;L'Adour;HAUTES-PYRENEES
Q010002001;L'Adour [total (1950 à 1984)] à Asté [1];0.164392431;43.036577304;65;L'Adour;HAUTES-PYRENEES
Q001501001;L'Adour de Gripp à Bagnères-de-Bigorre [La Mongie];0.174606596;42.910238979;65;L'Adour de Gripp;HAUTES-PYRENEES
Q001503001;L'Adour de Gripp à Bagnères-de-Bigorre [Pont du Tourmalet];0.200532748;42.925495554;65;L'Adour de Gripp;HAUTES-PYRENEES
Q001505001;L'Adour de Gripp à Campan [Pont de Caragnas];0.220577723;42.943887208;65;L'Adour de Gripp;HAUTES-PYRENEES
Q010003001;L'Adour à Bagnères-de-Bigorre;0.155266242;43.061265489;65;L'Adour;HAUTES-PYRENEES
Q000002001;L'Adour à Campan [Payolle];0.277980803;42.943476223;65;L'Adour;HAUTES-PYRENEES
Q000002002;L'Adour à Campan [Payolle];0.273367274;42.94573481;65;L'Adour;HAUTES-PYRENEES
Q028003001;L'Adour à Estirac;0.028681144;43.498162492;65;L'Adour;HAUTES-PYRENEES
Q036001001;L'Adour à Hères [Ju Belloc];0.000118768;43.56268874;65;L'Adour;HAUTES-PYRENEES
Q013003001;L'Adour à Maubourguet;0.035542187;43.470656314;65;L'Adour;HAUTES-PYRENEES
Q012005001;L'Adour à Montgaillard;0.109344259;43.125266431;65;L'Adour;HAUTES-PYRENEES
Q012006002;L'Adour à Tarbes;0.088685034;43.231731046;65;L'Adour;HAUTES-PYRENEES
Q012006001;L'Adour à Tarbes - Ancienne;0.083189312;43.239629885;65;L'Adour;HAUTES-PYRENEES
O270000301;L'Arrats [Prise] à Monléon-Magnoac;0.551435152;43.240986279;65;L'Arrats;HAUTES-PYRENEES
Q052252001;L'Arros à Gourgue;0.259233415;43.131531951;65;L'Arros;HAUTES-PYRENEES
Q052253001;L'Arros à Tournay;0.241107416;43.184080245;65;L'Arros;HAUTES-PYRENEES
Q055401001;L'Arrêt-Darré à Vielle-Adour;0.152812781;43.140329245;65;L'Arrêt-Darré;HAUTES-PYRENEES
Q022402001;L'Echez à Bordères-sur-l'Échez;0.045000005;43.25904294;65;L'Echez;HAUTES-PYRENEES
Q021401001;L'Echez à Louey;0.022190768;43.175521806;65;L'Echez;HAUTES-PYRENEES
Q022501101;L'Echez à Tarbes;0.048674918;43.23728759;65;L'Echez;HAUTES-PYRENEES
Q035401001;L'Estéous à Estirac;0.03960076;43.506825316;65;L'Estéous;HAUTES-PYRENEES
Q011571001;L'Oussouet à Trébons;0.102984707;43.090093357;65;L'Oussouet;HAUTES-PYRENEES
O650251201;La Baïse Devant [Baïse Darré] à Lannemezan;0.354607004;43.104244145;65;;HAUTES-PYRENEES
O656431201;La Baïse [Baïse Orientale] à Lannemezan;0.383240484;43.108210203;65;La Baïse;HAUTES-PYRENEES
O650251001;La Baïse à Trie-sur-Baïse;0.37491042;43.321785201;65;La Baïse;HAUTES-PYRENEES
Q011501001;La Gailleste à Pouzac;0.134494542;43.080442352;65;La Gailleste;HAUTES-PYRENEES
Q022501001;La Gespe à Tarbes [Route de Lourdes];0.05499409;43.216477891;65;La Gespe;HAUTES-PYRENEES
O270000201;La Gimone [Prise] à Monléon-Magnoac;0.552462279;43.240568588;65;La Gimone;HAUTES-PYRENEES
O013551301;La Neste [d'Aure] à Vignec [EDF - Pont de Vignec];0.320252153;42.821081965;65;La Neste;HAUTES-PYRENEES
O012622001;La Neste de Rioumajou à Saint-Lary-Soulan [1];0.294698668;42.797793674;65;Neste de Rioumajou;HAUTES-PYRENEES
O012622101;La Neste de Rioumajou à Tramezaïgues [EDF -Maison Blanche];0.299400611;42.792046156;65;Neste de Rioumajou;HAUTES-PYRENEES
O015431401;La Neste du Louron [Neste de Clarabide] à Loudenvielle;0.419398303;42.72184462;65;La Neste du Louron;HAUTES-PYRENEES
O016434001;La Neste du Louron à Arreau [Louron];0.360053815;42.904687219;65;La Neste du Louron;HAUTES-PYRENEES
O016434101;La Neste du Louron à Avajan [EDF - Bordères-Louron];0.404742048;42.85630108;65;La Neste du Louron;HAUTES-PYRENEES
O015431001;La Neste du Louron à Loudenvielle;0.408781425;42.811507361;65;La Neste du Louron;HAUTES-PYRENEES
O014402001;La Neste à Arreau [Aure];0.357603716;42.905853381;65;La Neste;HAUTES-PYRENEES
O017402801;La Neste à Arreau [Aval confluence Lourron];0.358243918;42.907400554;65;La Neste;HAUTES-PYRENEES
O017402901;La Neste à Beyrède-Jumet [EDF - Beyrède résiduel];0.379496696;42.954481084;65;La Neste;HAUTES-PYRENEES
O017402001;La Neste à Beyrède-Jumet [Sarrancolin];0.377569544;42.967557528;65;La Neste;HAUTES-PYRENEES
O013402001;La Neste à Saint-Lary-Soulan;0.317290628;42.814160411;65;La Neste;HAUTES-PYRENEES
O017402501;La Neste à Sarrancolin [Basse Neste];0.380632454;42.960784642;65;La Neste;HAUTES-PYRENEES
O017402701;La Neste à Sarrancolin [EDF - Beyrède] - La Neste d'Aure;0.380714395;42.956530546;65;La Neste;HAUTES-PYRENEES
O240000101;La Save [Prise générale] à Lannemezan;0.406676128;43.099975771;65;La Save;HAUTES-PYRENEES
O240000301;La Save à Lannemezan [Alimentation par Canal de la Neste];0.412111263;43.104836799;65;La Save;HAUTES-PYRENEES
O020671201;La rigole de la Louge [Alimentation Louge, Nère, Noue, Lavet] à Pinas;0.442367815;43.109873102;65;Rigole de la Louge;HAUTES-PYRENEES
Q467000201;Le Gave d'Azun à Arras-en-Lavedan [EDF - Arras-Nouaux];-0.14370613;42.982289678;65;Gave d'Azun;HAUTES-PYRENEES
Q465431001;Le Gave d'Estaing à Estaing [Las Counces];-0.201283466;42.91066879;65;Gave d'Estaing;HAUTES-PYRENEES
Q454000101;Le Gave de Cauterets à Cauterets [La Raillère] - La Raillère - Station EDF;-0.110117834;42.878492784;65;Gave de Cauterets;HAUTES-PYRENEES
Q456401001;Le Gave de Cauterets à Cauterets [Pont de Fanlou];-0.112187027;42.898141834;65;Gave de Cauterets;HAUTES-PYRENEES
Q414000101;Le Gave de Héas à Gèdre [QNR];0.020997094;42.786820519;65;Gave de Héas;HAUTES-PYRENEES
Q470101001;Le Gave de Pau à Argelès-Gazost;-0.081381605;43.005184704;65;Gave de Pau;HAUTES-PYRENEES
Q470102001;Le Gave de Pau à Boô-Silhen [Voie Verte];-0.082472968;43.022236216;65;Gave de Pau;HAUTES-PYRENEES
Q440000101;Le Gave de Pau à Esquièze-Sère [Pescadères];-0.015967977;42.885499636;65;Gave de Pau;HAUTES-PYRENEES
Q440000102;Le Gave de Pau à Esquièze-Sère [Pescadères] - Pescadères - Station EDF;-0.015901742;42.885402507;65;Gave de Pau;HAUTES-PYRENEES
Q476102002;Le Gave de Pau à Lourdes - Ancienne;-0.051197734;43.098229232;65;Gave de Pau;HAUTES-PYRENEES
Q476102001;Le Gave de Pau à Lourdes - Paradis;-0.053353556;43.093928704;65;Gave de Pau;HAUTES-PYRENEES
Q476102003;Le Gave de Pau à Lourdes - Saint-Michel;-0.05117036;43.098176002;65;Gave de Pau;HAUTES-PYRENEES
Q423101001;Le Gave de Pau à Luz-Saint-Sauveur;-0.010260787;42.867481849;65;Gave de Pau;HAUTES-PYRENEES
Q480101001;Le Gave de Pau à Saint-Pé-de-Bigorre [Rieulhes];-0.143064531;43.10255435;65;Gave de Pau;HAUTES-PYRENEES
Q440000201;Le Gave de Pau à Sassis [EDF - Pescadères];-0.016029177;42.8855734;65;Gave de Pau;HAUTES-PYRENEES
O620000101;Le Gers [Prise générale] à Lannemezan;0.402660114;43.104630535;65;Le Gers;HAUTES-PYRENEES
O621251001;Le Gers à Sariac-Magnoac [Pont d'Arles];0.544308568;43.285517215;65;Le Gers;HAUTES-PYRENEES
Q041401001;Le Louet à Sombrun;-0.023740051;43.4813531;65;Le Louet;HAUTES-PYRENEES
O017402601;Le canal de la Neste à Beyrède-Jumet [Sarrancolin];0.380011022;42.962065221;65;Canal de la Neste;HAUTES-PYRENEES
Q022403001;Le canal du Moulin [L'Echez] à Maubourguet;0.029703558;43.465706754;65;Canal du Moulin;HAUTES-PYRENEES
O013551001;Le ruisseau d'Ourtigué à Azet;0.338380495;42.826499288;65;ruisseau la mousquère;HAUTES-PYRENEES
O017403001;Le ruisseau de Cautères à Ilhet - Baricave;0.382090423;42.963882479;65;ruisseau de baricave;HAUTES-PYRENEES
O018000301;Le ruisseau de Larise à Générest - Plan de Pouts;0.526906666;43.024868374;65;Ruisseau de Larise;HAUTES-PYRENEES
Q043501001;Le ruisseau de Layza à Villefranque;0.012483347;43.498797774;65;Ruisseau de Layza;HAUTES-PYRENEES
Q463401001;Le ruisseau des Barats [ou Gave d'Arrens] à Arrens-Marsous;-0.212792052;42.955533911;65;Ruisseau des Barats;HAUTES-PYRENEES
Q036001301;Le ruisseau du Vieil-Adour à Estirac [Prise];0.02739381;43.499378673;65;Ruisseau du Vieil-Adour;HAUTES-PYRENEES
O011000101;Neste de Couplan à Aragnouet [EDF - Les Edelweiss] - Neste de Cap de Long;0.118354913;42.818067565;65;Neste de Couplan;HAUTES-PYRENEES
Q028003101;[Canal de Sombrun] à Maubourguet [Prise];0.030040437;43.474997071;65;;HAUTES-PYRENEES
Q036001401;[Le canal de Sombrun] à Estirac [Restitution];0.024753227;43.498591463;65;;HAUTES-PYRENEES
Y001522101;El Segre à Bourg-Madame;1.945139458;42.434064;66;el Segre;PYRENEES-ORIENTALES
Y000401001;El Segre à Saillagouse [Ro];2.020052631;42.459737289;66;el Segre;PYRENEES-ORIENTALES
Y063404001;L'Agly [Le canal de la Plaine] à Latour-de-France;2.6293528;42.762103299;66;L'Agly;PYRENEES-ORIENTALES
Y067407001;L'Agly au Barcarès;3.035251595;42.778770527;66;L'Agly;PYRENEES-ORIENTALES
Y063402001;L'Agly à Cassagnes [Barrage de Caramany];2.588189325;42.743583217;66;L'Agly;PYRENEES-ORIENTALES
Y066404001;L'Agly à Estagel [Mas de Jau];2.730784927;42.777630866;66;L'Agly;PYRENEES-ORIENTALES
Y063403001;L'Agly à Planèzes - Amont;2.617207418;42.764981452;66;L'Agly;PYRENEES-ORIENTALES
Y063403002;L'Agly à Planèzes - Aval;2.621724309;42.764107928;66;L'Agly;PYRENEES-ORIENTALES
Y067406001;L'Agly à Rivesaltes;2.901308601;42.772645885;66;L'Agly;PYRENEES-ORIENTALES
Y067406002;L'Agly à Rivesaltes - RN 9;2.901017749;42.772715203;66;L'Agly;PYRENEES-ORIENTALES
Y067402001;L'Agly à Rivesaltes [seuil de Claira];2.874021658;42.772111408;66;L'Agly;PYRENEES-ORIENTALES
Y067406101;L'Agly à Saint-Laurent-de-la-Salanque;2.986491166;42.763858383;66;L'Agly;PYRENEES-ORIENTALES
Y060401201;L'Agly à Saint-Paul-de-Fenouillet - La Tirounère;42.8332705;2.4796616;66;L'Agly;PYRENEES-ORIENTALES
Y062402001;L'Agly à Saint-Paul-de-Fenouillet [Clue de la Fou];2.497396359;42.799945613;66;L'Agly;PYRENEES-ORIENTALES
Y062402002;L'Agly à Saint-Paul-de-Fenouillet [Clue de la Fou] - St Arnac;2.521631376;42.785136171;66;L'Agly;PYRENEES-ORIENTALES
Y025502001;L'Ample à Reynès [Le Vila];2.701211296;42.49402583;66;Rivière Ample;PYRENEES-ORIENTALES
Y025501001;L'Ample à Reynès [Pont de la D 15];2.686793877;42.496492359;66;Rivière Ample;PYRENEES-ORIENTALES
Y101202101;L'Aude à Puyvalador [EDF];2.124950544;42.648489712;66;L'Aude;PYRENEES-ORIENTALES
Y010522001;La Baillaury à Banyuls-sur-Mer;3.108103713;42.466033878;66;La Baillaury;PYRENEES-ORIENTALES
Y010521001;La Baillaury à Banyuls-sur-Mer [Ancienne];3.107362204;42.465921591;66;La Baillaury;PYRENEES-ORIENTALES
Y047562001;La Basse à Perpignan [Pont autoroute];2.862081555;42.686185088;66;La Basse;PYRENEES-ORIENTALES
Y061502001;La Boulzane à Saint-Paul-de-Fenouillet;2.479999308;42.806001598;66;La Boulzane;PYRENEES-ORIENTALES
Y061504001;La Boulzane à Saint-Paul-de-Fenouillet [Lapradelle];2.322790718;42.814359098;66;La Boulzane;PYRENEES-ORIENTALES
Y032501001;La Canterrane à Terrats [Moulin d'en Canterrane];2.733226216;42.599279857;66;La Canterrane;PYRENEES-ORIENTALES
Y044601001;La Castellane à Campôme [Molitg-les-Bains];2.383763622;42.646144333;66;La Castellane;PYRENEES-ORIENTALES
Y044501001;La Castellane à Catllar;2.422030898;42.632397662;66;La Castellane;PYRENEES-ORIENTALES
Y062522001;La Desix à Ansignan;2.523912644;42.755376773;66;La Desix;PYRENEES-ORIENTALES
Y045503001;La Lentilla [partielle] à Espira-de-Conflent [Finestret];2.501120352;42.625723948;66;La Lentilla;PYRENEES-ORIENTALES
Y045641201;La Lentilla à Finestret;2.509421498;42.617390228;66;La Lentilla;PYRENEES-ORIENTALES
Y045641101;La Lentilla à Finestret [ancienne - partielle];2.509651601;42.608963236;66;La Lentilla;PYRENEES-ORIENTALES
Y011541001;La Massane à Argelès-sur-Mer [Mas d'en Tourens];2.985740441;42.525644133;66;La Massane;PYRENEES-ORIENTALES
Y062641001;La Matassa à Felluns [Albas];2.494163881;42.754249186;66;La Matassa;PYRENEES-ORIENTALES
Y046921101;La Têt [Bras principal] à Ille-sur-Têt [T6];2.630134394;42.683306209;66;La Têt;PYRENEES-ORIENTALES
Y047403001;La Têt [partielle] à Perpignan [Pont-Joffre];2.892828825;42.703618825;66;La Têt;PYRENEES-ORIENTALES
Y046403001;La Têt [partielle] à Rodès;2.560433268;42.660121207;66;La Têt;PYRENEES-ORIENTALES
Y046403002;La Têt [partielle] à Rodès - DDAF;2.561790959;42.660912574;66;La Têt;PYRENEES-ORIENTALES
Y046402001;La Têt [partielle] à Rodès [sortie Vinça];2.547460147;42.656860996;66;La Têt;PYRENEES-ORIENTALES
Y047402001;La Têt à Bompas;2.932584116;42.714822082;66;La Têt;PYRENEES-ORIENTALES
Y043401001;La Têt à Corneilla-de-Conflent;2.362295749;42.58460387;66;La Têt;PYRENEES-ORIENTALES
Y044401001;La Têt à Marquixanes;2.486850937;42.64474106;66;La Têt;PYRENEES-ORIENTALES
Y046921201;La Têt à Millas;2.696871495;42.696564094;66;La Têt;PYRENEES-ORIENTALES
Y040401001;La Têt à Mont-Louis;2.054627546;42.540109951;66;La Têt;PYRENEES-ORIENTALES
Y047882101;La Têt à Perpignan [Pont Sauvy];2.908490653;42.708736874;66;La Têt;PYRENEES-ORIENTALES
Y047407001;La Têt à Pézilla-la-Rivière [Passage à gué];2.751870488;42.684621118;66;La Têt;PYRENEES-ORIENTALES
Y043642201;La Têt à Ria-Sirach - Ria;42.601952;2.3831201;66;La Têt;PYRENEES-ORIENTALES
Y046401001;La Têt à Rodès [Barrage de Vinca];2.544186844;42.657988931;66;La Têt;PYRENEES-ORIENTALES
Y047406001;La Têt à Saint-Féliu-d'Amont;2.728113117;42.689729526;66;La Têt;PYRENEES-ORIENTALES
Y042401001;La Têt à Serdinya [Joncet];2.315815332;42.56587183;66;La Têt;PYRENEES-ORIENTALES
Y043402001;La Têt à Villefranche-de-Conflent [Villefranche en Gorner];2.381706762;42.601598702;66;La Têt;PYRENEES-ORIENTALES
Y047401001;La Têt à Villelongue-de-la-Salanque;2.982347213;42.713661286;66;La Têt;PYRENEES-ORIENTALES
Y043642101;La rivière de Rotja à Sahorre;2.359824327;42.532644417;66;Rivière de Rotja;PYRENEES-ORIENTALES
Y046600501;Le Bolès [Boulès] à Ille-sur-Têt;2.627998491;42.666836378;66;Le Bolès;PYRENEES-ORIENTALES
Y046601001;Le Bolès à Casefabre;2.590229789;42.623579268;66;Le Bolès;PYRENEES-ORIENTALES
Y043641001;Le Cady à Casteil;2.397500551;42.52486278;66;Rivière de Cady;PYRENEES-ORIENTALES
Y043642001;Le Cady à Corneilla-de-Conflent;2.369775771;42.587048663;66;Rivière de Cady;PYRENEES-ORIENTALES
Y043640501;Le Cady à Vernet-les-Bains;2.388261892;42.546127115;66;Rivière de Cady;PYRENEES-ORIENTALES
Y024521001;Le Mondony à Amélie-les-Bains-Palalda;2.668843141;42.468298184;66;Le Mondony;PYRENEES-ORIENTALES
Y002501001;Le Riu Rahur [L'Angoustrine] à Angoustrine-Villeneuve-des-Escaldes;1.963378217;42.488381862;66;Riu Rahur;PYRENEES-ORIENTALES
Y004501001;Le Riu de Quérol à Porta [Carol];1.847338222;42.49600295;66;Riu de Querol;PYRENEES-ORIENTALES
Y033400101;Le Réart à Saleilles [Pont de la RN 114];2.926916199;42.653230994;66;Le Réart;PYRENEES-ORIENTALES
Y031502001;Le Réart à Villemolaque;2.829785482;42.596145655;66;Le Réart;PYRENEES-ORIENTALES
Y033400201;Le Réart à Villeneuve-de-la-Raho [Cap de Fouste];2.896577257;42.644412402;66;Le Réart;PYRENEES-ORIENTALES
Y033401001;Le Réart à Villeneuve-de-la-Raho [Mas Palégry];2.90704727;42.650342518;66;Le Réart;PYRENEES-ORIENTALES
Y021401101;Le Tech [Source Sainte Cécile - Ravin Sainte Cécile - Affluent du Tech] au Tech - Tech Sainte cécile;42.4174;2.557169;66;Le Tech;PYRENEES-ORIENTALES
Y027401001;Le Tech au Boulou;2.831855665;42.518480458;66;Le Tech;PYRENEES-ORIENTALES
Y022401001;Le Tech au Tech [Pont de la Vierge];2.557451743;42.412625521;66;Le Tech;PYRENEES-ORIENTALES
Y024404001;Le Tech à Amélie-les-Bains-Palalda;2.673959871;42.473788329;66;Le Tech;PYRENEES-ORIENTALES
Y024403001;Le Tech à Amélie-les-Bains-Palalda [Pont de la piscine];2.664724174;42.474959061;66;Le Tech;PYRENEES-ORIENTALES
Y024402001;Le Tech à Amélie-les-Bains-Palalda [Supervaltech];2.662349919;42.47396277;66;Le Tech;PYRENEES-ORIENTALES
Y028406001;Le Tech à Argelès-sur-Mer - Pont d'Elne;2.985266766;42.585529412;66;Le Tech;PYRENEES-ORIENTALES
Y024401001;Le Tech à Arles-sur-Tech - Pont RD 115;2.645168507;42.463875199;66;Le Tech;PYRENEES-ORIENTALES
Y026405001;Le Tech à Céret;2.742954542;42.495707545;66;Le Tech;PYRENEES-ORIENTALES
Y026401002;Le Tech à Céret - Pont Eiffel;2.71930811;42.494847914;66;Le Tech;PYRENEES-ORIENTALES
Y026401001;Le Tech à Céret - Pont du diable;2.74389142;42.495390867;66;Le Tech;PYRENEES-ORIENTALES
Y023401001;Le Tech à Montferrer [Pas du Loup];2.595798674;42.435035097;66;Le Tech;PYRENEES-ORIENTALES
Y028406002;Le Tech à Palau-del-Vidre - Elne;2.975790655;42.584040746;66;Le Tech;PYRENEES-ORIENTALES
Y021401001;Le Tech à Prats-de-Mollo-la-Preste [Baillanouse];2.511173612;42.40870419;66;Le Tech;PYRENEES-ORIENTALES
Y020401001;Le Tech à Prats-de-Mollo-la-Preste [La Preste];2.403233773;42.406910433;66;Le Tech;PYRENEES-ORIENTALES
Y025404001;Le Tech à Reynès [Saint-Paul-sur-Tech];2.730718993;42.496432466;66;Le Tech;PYRENEES-ORIENTALES
Y065501001;Le Verdouble à Tautavel;2.744403882;42.80933846;66;Le Verdouble;PYRENEES-ORIENTALES
Y065500501;Le Verdouble à Vingrau;2.753911659;42.838592529;66;Le Verdouble;PYRENEES-ORIENTALES
Y003000201;Le riu Llavanera à Valcebollère - Valcebollère;2.065106825;42.379729862;66;Riu Llavanera;PYRENEES-ORIENTALES
Y061504201;Le ruisseau de Saint-Jaume [Source des Adoux] à Fenouillet - Adoux;2.376301085;42.790422793;66;Ruisseau de Saint-Jaume;PYRENEES-ORIENTALES
Y050581001;Le ruisseau de Villelongue [Le canal de l'Auque] à Sainte-Marie [La Mer];3.03204482;42.740746401;66;Ruisseau de Villelongue;PYRENEES-ORIENTALES
Y047411001;Le ruisseau du Mas d'Estrades [Le canal de Vernet-et-Pia] au Soler;2.785950453;42.686122847;66;Ruisseau du Mas d'Estrades;PYRENEES-ORIENTALES
Y010581001;Le ruisseau du Tervau [La Rome] à Banyuls-sur-Mer [Ancienne];3.108211718;42.465731964;66;Ruisseau du Tervau;PYRENEES-ORIENTALES
Y001521001;Ribeira d'Err à Err [Prats de Toza];2.083468149;42.3926855;66;Ribeira d'Err;PYRENEES-ORIENTALES
Y001522001;Ribeira d'Err à Err [RN 116];2.022055907;42.444402599;66;Ribeira d'Err;PYRENEES-ORIENTALES
Y010581101;[La Méditerranée] à Port-Vendres [marégraphe];3.107459509;42.519922042;66;;PYRENEES-ORIENTALES
Y047701001;[La résurgence de l'Addoux] à Sainte-Colombe-de-la-Commanderie;2.744834473;42.613208639;66;;PYRENEES-ORIENTALES
Y070541001;[La résurgence de la rigole] à Salses-le-Château [Font-Estramar];2.95835064;42.859223133;66;;PYRENEES-ORIENTALES
Y030521001;[Le canal adducteur] à Villeneuve-de-la-Raho [Cap de Fouste];2.893007163;42.648881911;66;;PYRENEES-ORIENTALES
Y046841001;[Le canal d'Ille] à Ille-sur-Têt [Fontaine Saint-Jules];2.589557015;42.66035738;66;;PYRENEES-ORIENTALES
Y046821001;[Le canal de Corbère [sortie du barrage de Vinça]] à Rodès;2.548838702;42.656588105;66;;PYRENEES-ORIENTALES
Y046921001;[Le canal de Corneilla] à Millas;2.690489075;42.700167107;66;;PYRENEES-ORIENTALES
Y024511001;[Le canal de Céret] à Amélie-les-Bains-Palalda;2.684366965;42.482524925;66;;PYRENEES-ORIENTALES
Y046901001;[Le canal de Millas-Nefiach] à Ille-sur-Têt;2.632466581;42.684510042;66;;PYRENEES-ORIENTALES
Y047882001;[Le canal de Perpignan] à Canohès;2.833597686;42.657436995;66;;PYRENEES-ORIENTALES
Y046881001;[Le canal de Perpignan] à Ille-sur-Têt;2.629274332;42.674833773;66;;PYRENEES-ORIENTALES
Y046861001;[Le canal de Thuir] à Ille-sur-Têt [Fontaine Saint-Jules];2.590496552;42.66013621;66;;PYRENEES-ORIENTALES
Y005561001;[Le canal de Vernet-et-Pia] à Saint-Estève;2.863768656;42.709968472;66;;PYRENEES-ORIENTALES
Y027581001;[Le canal des Albères] au Boulou [Mas Roue];2.844988561;42.52396037;66;;PYRENEES-ORIENTALES
Y045641001;[Le canal majeur de la Plaine] à Finestret;2.51677514;42.612942467;66;;PYRENEES-ORIENTALES
Y023401201;[Le correc de la Coume del Font] à Arles-sur-Tech [Can Partere];2.601352607;42.442560433;66;;PYRENEES-ORIENTALES
Y022402001;[Le ravin Sainte-Cécile] au Tech [Ravin Sainte-Cécile];2.556628838;42.413970392;66;;PYRENEES-ORIENTALES
A251020001;L'Andlau à Andlau;7.421545239;48.385861315;67;L'Andlau;BAS-RHIN
A254020001;L'Andlau à Schaeffersheim;7.590513116;48.442398298;67;L'Andlau;BAS-RHIN
A368021001;L'Eberbach à Leutenheim;8.007495391;48.84077133;67;Ruisseau l'Eberbach;BAS-RHIN
A261020001;L'Ehn à Niedernai;7.511774279;48.451952387;67;Ruisseau l'Ehn;BAS-RHIN
A923205040;L'Eichel à Diemeringen;7.188167374;48.941999328;67;Ruisseau l'Eichel;BAS-RHIN
A923205030;L'Eichel à Diemeringen - Ancienne;7.187563152;48.939760158;67;Ruisseau l'Eichel;BAS-RHIN
A926000101;L'Eichel à Oermingen;7.130287127;49.000468104;67;Ruisseau l'Eichel;BAS-RHIN
A243003001;L'Ill à Fegersheim [Ohnheim];7.704069995;48.48887423;67;L'Ill;BAS-RHIN
A236003001;L'Ill à Kogenheim;7.546574037;48.33701451;67;L'Ill;BAS-RHIN
A237003001;L'Ill à Osthouse;7.651113456;48.397643092;67;L'Ill;BAS-RHIN
A237047101;L'Ill à Sand;7.617769539;48.379346507;67;L'Ill;BAS-RHIN
A228003001;L'Ill à Strasbourg [Chasseur-Froid];7.7858512;48.621901523;67;L'Ill;BAS-RHIN
A226032001;L'Ill à Strasbourg [Montagne-Verte];7.724766884;48.571879649;67;L'Ill;BAS-RHIN
A226032002;L'Ill à Strasbourg [Montagne-Verte];7.724607739;48.571809368;67;L'Ill;BAS-RHIN
A276011001;La Bruche [totale] à Mutzig;7.448491287;48.532779252;67;La Bruche;BAS-RHIN
A276011002;La Bruche [totale] à Mutzig;7.448491287;48.532779252;67;La Bruche;BAS-RHIN
A286011003;La Bruche à Holtzheim;7.636941539;48.558713378;67;La Bruche;BAS-RHIN
A286011001;La Bruche à Holtzheim - Ancienne;7.633487342;48.556802631;67;La Bruche;BAS-RHIN
A286011002;La Bruche à Oberschaeffolsheim - Ancienne;7.656891506;48.568728462;67;La Bruche;BAS-RHIN
A273011002;La Bruche à Russ [Wisches];7.274850962;48.504736747;67;La Bruche;BAS-RHIN
A273011001;La Bruche à Russ [Wisches] - Ancienne;7.274643538;48.504757717;67;La Bruche;BAS-RHIN
A270011001;La Bruche à Saulxures;7.15460858;48.404130926;67;La Bruche;BAS-RHIN
A285011001;La Bruche à Wolxheim;7.514301149;48.566512745;67;La Bruche;BAS-RHIN
A380020001;La Lauter à Wissembourg [Weiler];7.903052385;49.043418903;67;La Lauter;BAS-RHIN
A234021101;La Liepvrette à la Vancelle [Hurst];7.345264569;48.278530694;67;La Liepvrette;BAS-RHIN
A350010001;La Moder à Drusenheim;7.952084592;48.761293865;67;La Moder;BAS-RHIN
A331010001;La Moder à Kaltenhouse;7.842963825;48.7914006;67;La Moder;BAS-RHIN
A312000101;La Moder à Obermodern-Zutzendorf;7.544600495;48.844606156;67;La Moder;BAS-RHIN
A315010001;La Moder à Schweighouse-sur-Moder [amont];7.730016182;48.826175359;67;La Moder;BAS-RHIN
A330010001;La Moder à Schweighouse-sur-Moder [aval];7.742593492;48.822388099;67;La Moder;BAS-RHIN
A284020001;La Mossig à Soultz-les-Bains;7.488955244;48.572843439;67;La Mossig;BAS-RHIN
A280020001;La Mossig à Wangenbourg-Engenthal [Engenthal];7.305449588;48.634866662;67;La Mossig;BAS-RHIN
A282000101;La Mossig à Wasselonne;7.426402352;48.633726719;67;La Mossig;BAS-RHIN
A907105050;La Sarre à Diedendorf;7.055086228;48.877288539;67;La Sarre;BAS-RHIN
A909106050;La Sarre à Keskastel;7.038948712;48.969738016;67;La Sarre;BAS-RHIN
A369011001;La Sauer à Beinheim [Forêt];8.068490485;48.859935533;67;La Sauer;BAS-RHIN
A361011001;La Sauer à Gœrsdorf;7.757499063;48.959105711;67;La Sauer;BAS-RHIN
A293020001;La Souffel à Mundolsheim;7.730214552;48.639518152;67;La Souffel;BAS-RHIN
A242020101;La Zembs [Ried] à Herbsheim [Ried];7.630745207;48.347440671;67;La Zembs;BAS-RHIN
A242020001;La Zembs à Erstein [Krafft];7.687710553;48.405555171;67;La Zembs;BAS-RHIN
A315020001;La Zinsel du Nord à Schweighouse-sur-Moder;7.725576442;48.830180151;67;La Zinsel du Nord;BAS-RHIN
A343021001;La Zinsel du Sud à Eckartswiller [Oberhof];7.310495367;48.799588457;67;La Zinsel du Sud;BAS-RHIN
A349020001;La Zorn à Hœrdt [2];7.78089016;48.711312337;67;La Zorn;BAS-RHIN
A349020002;La Zorn à Hœrdt [2] - 1;7.774014171;48.711759194;67;La Zorn;BAS-RHIN
A341020001;La Zorn à Saverne;7.332793134;48.728811149;67;La Zorn;BAS-RHIN
A348020001;La Zorn à Waltenheim-sur-Zorn;7.633681563;48.749633549;67;La Zorn;BAS-RHIN
A325021001;Le Falkensteinbach à Gundershoffen;7.656669052;48.895542282;67;Ruisseau le Falkensteinbach;BAS-RHIN
A235020002;Le Giessen à Sélestat - Amont;7.456646587;48.27284149;67;Le Giessen;BAS-RHIN
A235020003;Le Giessen à Sélestat - Aval;7.475314505;48.278696563;67;Le Giessen;BAS-RHIN
A235020001;Le Giessen à Sélestat - Pont RD1083;7.45981862;48.271832622;67;Le Giessen;BAS-RHIN
A231020001;Le Giessen à Thanvillé;7.349003737;48.318897367;67;Le Giessen;BAS-RHIN
A302009050;Le Rhin à Lauterbourg;8.195814153;48.958117782;67;Le Rhin;BAS-RHIN
A060005101;Le Rhin à Strasbourg [EDF - Pont de l'Europe];7.796697709;48.525505158;67;Le Rhin;BAS-RHIN
A061005051;Le Rhin à Strasbourg [Sémaphore nord];7.802870979;48.592540377;67;Le Rhin;BAS-RHIN
A061005050;Le Rhin à Strasbourg [Sémaphore nord] - Débitmètre fermé;7.802870979;48.592540377;67;Le Rhin;BAS-RHIN
A373020001;Le Seltzbach à Niederrœdern;8.048648677;48.903597628;67;Ruisseau le Seltzbach;BAS-RHIN
A276075201;Le canal Couleaux à Mutzig;7.44603508;48.534529057;67;Canal Couleaux;BAS-RHIN
A238077201;Le canal de décharge de l'Ill à Erstein;7.673800274;48.411079645;67;Canal de Decharge de l'Ill;BAS-RHIN
A273038001;Le ruisseau Bass de Russ à Russ;7.253960897;48.496140335;67;Ruisseau Bass de Russ;BAS-RHIN
A237047001;Le ruisseau Hanfgraben à Sand;7.627987098;48.372629967;67;Ruisseau Hanfgraben;BAS-RHIN
A052055001;Le ruisseau Istergraben à Friesenheim;7.677065894;48.310351223;67;Ruisseau Istergraben;BAS-RHIN
A053031001;Le ruisseau Muhlbach de Gerstheim à Gerstheim [Les Anges];7.7111514;48.395107831;67;Ruisseau Muhlbach de Gerstheim;BAS-RHIN
A275071001;Le ruisseau de Baschney à Grendelbruch;7.319030945;48.485177217;67;Ruisseau de Baschney;BAS-RHIN
A241082001;Le ruisseau de Bindernheim à Bindernheim;7.60499745;48.293505579;67;Ruisseau de Bindernheim;BAS-RHIN
A271037001;Le ruisseau de la Chergoutte à Waldersbach [Belmont];7.243821655;48.394148559;67;Ruisseau de la Chergoutte;BAS-RHIN
A043030001;Le ruisseau l'Ischert à Sundhouse;7.65020065;48.266571353;67;Ruisseau l'Ischert;BAS-RHIN
A226020001;Le ruisseau la Blind à Baldenheim;7.513108901;48.255909219;67;Ruisseau la Blind;BAS-RHIN
A226020101;Le ruisseau la Blind à Ohnenheim;7.491112484;48.189128012;67;Ruisseau la Blind;BAS-RHIN
A275038001;Le ruisseau la Magel à Rosheim [Rossberg];7.344241812;48.492734967;67;Ruisseau la Magel;BAS-RHIN
A271071001;Le ruisseau la Rothaine à Natzwiller;7.266440949;48.433789404;67;Ruisseau la Rothaine;BAS-RHIN
A053074001;Le ruisseau la Weil à Obenheim;7.686697312;48.368418417;67;Ruisseau la Weil;BAS-RHIN
A236003301;Le ruisseau le Hanfgraben à Muttersholtz [Ried];7.522891412;48.255576627;67;Ruisseau le Hanfgraben;BAS-RHIN
A241073001;Le ruisseau le Hanfgraben à Witternheim;7.608378264;48.313607097;67;Ruisseau le Hanfgraben;BAS-RHIN
A053074201;Le ruisseau le Heulachgraben [cours d'eau phréatique] à Friesenheim [Ried] - Zelsheim [Ried];7.654202062;48.296111774;67;Ruisseau le Heulachgraben;BAS-RHIN
A352000101;Le ruisseau le Landgraben à Hœrdt [ZI];7.798673082;48.671182831;67;Ruisseau le Landgraben;BAS-RHIN
A041030001;Le ruisseau le Muhlbach de Schoenau à Schœnau [Ried];7.647875257;48.221808078;67;Ruisseau le Muhlbach de Schoenau;BAS-RHIN
A286011201;Le ruisseau le Muhlbach à Breuschwickersheim;7.59744522;48.577897229;67;Ruisseau le Muhlbach;BAS-RHIN
A286011101;Le ruisseau le Muhlbach à Osthoffen;7.55249265;48.583845636;67;Ruisseau le Muhlbach;BAS-RHIN
A052034001;Le ruisseau le Neuergraben à Boofzheim;7.694716301;48.326605288;67;Ruisseau le Neuergraben;BAS-RHIN
A052033001;Le ruisseau le Neuergraben à Diebolsheim;7.665814529;48.289669284;67;Ruisseau le Neuergraben;BAS-RHIN
A053074301;[le Westerlachgraben] à Friesenheim;7.661830933;48.30699269;67;;BAS-RHIN
A116003101;L'Ancienne Ill (ou Illsteinbaechlein) à Illzach;7.350424932;47.765765777;68;L'Ancienne Ill (Ou Illsteinbaechlein);HAUT-RHIN
A022020001;L'Augraben à Hégenheim;7.528981528;47.564376836;68;Ruisseau l'Augraben;HAUT-RHIN
A105003001;L'Ill à Altkirch;7.238848498;47.626074897;68;L'Ill;HAUT-RHIN
A116003003;L'Ill à Brunstatt;7.319517865;47.731405036;68;L'Ill;HAUT-RHIN
A116003004;L'Ill à Brunstatt - Passerelle collège Pflimlin;7.31473329;47.728956361;68;L'Ill;HAUT-RHIN
A161003001;L'Ill à Colmar [Ladhof];7.384986107;48.102530621;68;L'Ill;HAUT-RHIN
A116003002;L'Ill à Didenheim;7.306626878;47.717634968;68;L'Ill;HAUT-RHIN
A133003001;L'Ill à Ensisheim;7.348210521;47.866883381;68;L'Ill;HAUT-RHIN
A147003101;L'Ill à Horbourg-Wihr [Pont de Horbourg];7.394347966;48.072079733;68;L'Ill;HAUT-RHIN
A220000101;L'Ill à Illhaeusern;7.432607296;48.18466641;68;L'Ill;HAUT-RHIN
A147004101;L'Ill à Meyenheim;7.359879698;47.913220771;68;L'Ill;HAUT-RHIN
A116003001;L'Ill à Mulhouse - Illberg;7.322482411;47.735333762;68;L'Ill;HAUT-RHIN
A147003001;L'Ill à Oberhergheim;7.398567822;47.967632992;68;L'Ill;HAUT-RHIN
A100003101;L'Ill à Oltingue [Huttingue - fermée];7.384941496;47.478018355;68;L'Ill;HAUT-RHIN
A100003001;L'Ill à Oltingue [Pont D 21b];7.39294943;47.488084245;68;L'Ill;HAUT-RHIN
A130000101;L'Ill à Sausheim;7.354389778;47.776633435;68;L'Ill;HAUT-RHIN
A147004001;L'Ill à Sundhoffen;7.417832172;48.04171942;68;L'Ill;HAUT-RHIN
A108003001;L'Ill à Tagolsheim;7.265158336;47.652609274;68;L'Ill;HAUT-RHIN
A108003002;L'Ill à Tagolsheim;7.266427845;47.654636122;68;L'Ill;HAUT-RHIN
A211030001;La Béhine à Lapoutroie;7.171245451;48.151185694;68;La Bechine;HAUT-RHIN
A125020201;La Doller à Burnhaupt-le-Haut;7.253871104;47.747205855;68;La Doller;HAUT-RHIN
A124020101;La Doller à Burnhaupt-le-Haut [Pont d'Aspach];7.14778271;47.743688397;68;La Doller;HAUT-RHIN
A121000101;La Doller à Kirchberg;6.961421404;47.793124841;68;La Doller;HAUT-RHIN
A122201002;La Doller à Lauw;7.007844653;47.765329266;68;La Doller;HAUT-RHIN
A122201001;La Doller à Masevaux;7.002925459;47.771364408;68;La Doller;HAUT-RHIN
A125020001;La Doller à Reiningue;7.232178039;47.74548707;68;La Doller;HAUT-RHIN
A120020201;La Doller à Sewen [Lerchenmatt amont];6.888910324;47.800574867;68;La Doller;HAUT-RHIN
A120020302;La Doller à Sewen [Lerchenmatt aval];6.889294424;47.800706288;68;La Doller;HAUT-RHIN
A120020301;La Doller à Sewen [Lerchenmatt aval] - Ancienne;6.895207711;47.801825369;68;La Doller;HAUT-RHIN
A120020101;La Doller à Sewen [Lerchenmatt];6.887820801;47.800124444;68;La Doller;HAUT-RHIN
A120020501;La Doller à Sewen [Village];6.907429448;47.806698765;68;La Doller;HAUT-RHIN
A204010301;La Fecht [Dérivation Rive Gauche] à Wihr-au-Val;7.207272565;48.048909628;68;La Fecht;HAUT-RHIN
A200000101;La Fecht [Source] à Mittlach - source;7.023559214;47.997447661;68;La Fecht;HAUT-RHIN
A200000102;La Fecht [Source] à Mittlach - suivi des débits;7.023559214;47.997447661;68;La Fecht;HAUT-RHIN
A204010401;La Fecht [Totale] à Wihr-au-Val - Station fictive;7.207828588;48.048226193;68;La Fecht;HAUT-RHIN
A214010102;La Fecht à Bennwihr [gare];7.353030288;48.13290633;68;La Fecht;HAUT-RHIN
A214010101;La Fecht à Bennwihr [gare] - ancienne;7.353594479;48.133381148;68;La Fecht;HAUT-RHIN
A216010001;La Fecht à Guémar;7.402653351;48.187145477;68;La Fecht;HAUT-RHIN
A201010101;La Fecht à Metzeral;7.072250998;48.014000186;68;La Fecht;HAUT-RHIN
A201010001;La Fecht à Muhlbach-sur-Munster;7.090609158;48.024419539;68;La Fecht;HAUT-RHIN
A214010001;La Fecht à Ostheim;7.369707586;48.159712726;68;La Fecht;HAUT-RHIN
A204010001;La Fecht à Turckheim;7.273658473;48.085355226;68;La Fecht;HAUT-RHIN
A204010201;La Fecht à Wihr-au-Val [rue de la Fecht];7.207961864;48.047566265;68;La Fecht;HAUT-RHIN
A204010101;La Fecht à Wintzenheim [La Forge];7.232118598;48.063425539;68;La Fecht;HAUT-RHIN
A110020001;La Largue à Courtavon;7.197513938;47.462078582;68;La Largue;HAUT-RHIN
A112020001;La Largue à Dannemarie;7.108239939;47.631656198;68;La Largue;HAUT-RHIN
A112010001;La Largue à Friesen;7.154840168;47.564188893;68;La Largue;HAUT-RHIN
A112010002;La Largue à Friesen - Pont RD 17;7.157963028;47.562220686;68;La Largue;HAUT-RHIN
A115084001;La Largue à Illfurth;7.246257822;47.672407674;68;La Largue;HAUT-RHIN
A115020001;La Largue à Spechbach-le-Bas;7.223092969;47.662169688;68;La Largue;HAUT-RHIN
A151020001;La Lauch à Buhl;7.198283641;47.922402957;68;La Lauch;HAUT-RHIN
A158020101;La Lauch à Colmar [Dachsbuhl];7.38079998;48.059669735;68;La Lauch;HAUT-RHIN
A156020001;La Lauch à Eguisheim;7.347260971;48.034371807;68;La Lauch;HAUT-RHIN
A152020001;La Lauch à Guebwiller;7.212038829;47.911077211;68;La Lauch;HAUT-RHIN
A150020001;La Lauch à Linthal - Saegmatten;7.10778735;47.941663879;68;La Lauch;HAUT-RHIN
A150020002;La Lauch à Linthal - Saegmatten [Ancienne];7.104868347;47.940513353;68;La Lauch;HAUT-RHIN
A150020003;La Lauch à Linthal - Schmeitzruntz;7.09232647;47.936490448;68;La Lauch;HAUT-RHIN
A150020101;La Lauch à Linthal [Lac de la Lauch];7.045813471;47.935002633;68;La Lauch;HAUT-RHIN
A150066001;La Lauch à Linthal [Schmeitzruntz];7.096649166;47.937069629;68;La Lauch;HAUT-RHIN
A156020101;La Lauch à Rouffach;7.310438;47.960326767;68;La Lauch;HAUT-RHIN
A234021001;La Liepvrette à Lièpvre;7.292618402;48.270110321;68;La Liepvrette;HAUT-RHIN
A232070301;La Liepvrette à Sainte-Marie-aux-Mines - La Liepvrette à Sainte-Marie-aux-Mines [Échery];7.161480714;48.232585815;68;La Liepvrette;HAUT-RHIN
A232021001;La Liepvrette à Sainte-Marie-aux-Mines [Échery];7.161556958;48.232063734;68;La Liepvrette;HAUT-RHIN
A202030301;La Petite Fecht à Stosswihr - La Petite Fecht [aval RNN] à Stosswihr;7.046941127;48.051836114;68;Ruisseau la Petite Fecht;HAUT-RHIN
A202030201;La Petite Fecht à Stosswihr [Grossmatt];7.065215454;48.054242805;68;Ruisseau la Petite Fecht;HAUT-RHIN
A202030001;La Petite Fecht à Stosswihr [Village];7.110803989;48.051811965;68;Ruisseau la Petite Fecht;HAUT-RHIN
A146020001;La Thur à Ensisheim;7.336813417;47.868549411;68;La Thur;HAUT-RHIN
A146020101;La Thur à Ensisheim [2];7.325091074;47.860149364;68;La Thur;HAUT-RHIN
A140020001;La Thur à Kruth [point IV];6.956372308;47.94379054;68;La Thur;HAUT-RHIN
A140020002;La Thur à Kruth [point IV] - 1;6.956472619;47.943697053;68;La Thur;HAUT-RHIN
A146020302;La Thur à Pulversheim;7.2863205;47.842762968;68;La Thur;HAUT-RHIN
A146020301;La Thur à Staffelfelden;7.264432888;47.827121576;68;La Thur;HAUT-RHIN
A140202001;La Thur à Wildenstein;6.960847144;47.976600532;68;La Thur;HAUT-RHIN
A143020001;La Thur à Willer-sur-Thur;7.071326146;47.841498373;68;La Thur;HAUT-RHIN
A143020002;La Thur à Willer-sur-Thur;7.072008254;47.841529168;68;La Thur;HAUT-RHIN
A143020003;La Thur à Willer-sur-Thur - Passerelle de la Gare;7.069428325;47.843290225;68;La Thur;HAUT-RHIN
A157022301;La Vieille Thur à Réguisheim;7.333924403;47.900265952;68;La Vieille Thur;HAUT-RHIN
A157022201;La Vieille Thur à Sainte-Croix-en-Plaine;7.35413665;48.031053171;68;La Vieille Thur;HAUT-RHIN
A157022401;La Vieille Thur à Ungersheim;7.311246842;47.858883754;68;La Vieille Thur;HAUT-RHIN
A212020002;La Weiss à Kaysersberg - Fréland-Gare [Ancienne];7.215457142;48.156623648;68;La Weiss;HAUT-RHIN
A212020001;La Weiss à Kaysersberg - Rue de la Râperie;7.230914947;48.154907514;68;La Weiss;HAUT-RHIN
A210020101;La Weiss à Orbey;7.161617246;48.126926479;68;La Weiss;HAUT-RHIN
A210020001;La Weiss à Orbey [Faing];7.147942773;48.120073824;68;La Weiss;HAUT-RHIN
A213020001;La Weiss à Sigolsheim;7.309789553;48.130440401;68;La Weiss;HAUT-RHIN
A106000101;Le Thalbach à Berentzwiller;7.383929125;47.585871052;68;Ruisseau le Thalbach;HAUT-RHIN
A107020001;Le Thalbach à Wittersdorf;7.275242652;47.622322327;68;Ruisseau le Thalbach;HAUT-RHIN
A113030002;Le Traubach à Traubach-le-Bas;7.104532344;47.654860256;68;Ruisseau le Traubach;HAUT-RHIN
A113030001;Le Traubach à Traubach-le-Bas - Ancienne;7.104532344;47.654860256;68;Ruisseau le Traubach;HAUT-RHIN
A223030201;Le canal Vauban à Volgelsheim;7.523277524;48.01064323;68;Canal Vauban;HAUT-RHIN
A034030201;Le canal d'irrigation de la Hardt à Hombourg;7.480874862;47.758723631;68;Canal d'Irrigation de la Hardt;HAUT-RHIN
A034030301;"Le canal du Rhône au Rhin [canal dit ""déclassé""] à Hirtzfelden";7.462997096;47.899842827;68;Canal du Rhône au Rhin;HAUT-RHIN
A034030401;"Le canal du Rhône au Rhin [canal dit ""déclassé""] à Obersaasheim";7.514937856;47.992088886;68;Canal du Rhône au Rhin;HAUT-RHIN
A034002201;Le canal du Rhône au Rhin à Sausheim;7.402299785;47.789660363;68;Canal du Rhone au Rhin;HAUT-RHIN
A112062201;Le canal du Rhône au Rhin à Valdieu-Lutran;7.057048712;47.630391493;68;Canal du Rhone au Rhin;HAUT-RHIN
A133043301;Le ruisseau Quatelbach à Illzach;7.35708605;47.769718462;68;Ruisseau Quatelbach;HAUT-RHIN
A133043101;Le ruisseau Quatelbach à Mulhouse;7.355920293;47.762505539;68;Ruisseau Quatelbach;HAUT-RHIN
A133043201;Le ruisseau Quatelbach à Sausheim;7.376394371;47.790523615;68;Ruisseau Quatelbach;HAUT-RHIN
A142035101;Le ruisseau Rimbachruntz à Mollau;6.971993917;47.871805793;68;Ruisseau Rimbachruntz;HAUT-RHIN
A232070001;Le ruisseau Robinot à Sainte-Marie-aux-Mines [Brif];7.162292472;48.243426693;68;Ruisseau Robinot;HAUT-RHIN
A026000201;Le ruisseau Weiherbachgraben [bassin contre coulées de boues] à Landser;7.375372559;47.683850098;68;Ruisseau Weiherbachgraben;HAUT-RHIN
A143069001;Le ruisseau Wissbach à Willer-sur-Thur;7.079793303;47.851522607;68;Ruisseau Wissbach;HAUT-RHIN
A160095201;Le ruisseau de Logelbach à Turckheim;7.261380304;48.083538326;68;Ruisseau de Logelbach;HAUT-RHIN
A151058001;Le ruisseau de Murbach à Buhl;7.17772276;47.922316534;68;Ruisseau de Murbach;HAUT-RHIN
A120050001;Le ruisseau de l'Alfeld à Sewen [Lac d'Alfeld];6.874408445;47.817401489;68;Ruisseau de l'Alfeld;HAUT-RHIN
A120020001;Le ruisseau de l'Alfeld à Sewen [Village];6.906195776;47.806839042;68;Ruisseau de l'Alfeld;HAUT-RHIN
A202030101;Le ruisseau de la Schlucht à Stosswihr [Sofflat];7.043378451;48.050940389;68;Ruisseau de la Schlucht;HAUT-RHIN
A232054001;Le ruisseau du Chaufour à Sainte-Marie-aux-Mines [Échery];7.162248357;48.231255474;68;Ruisseau du Chaufour;HAUT-RHIN
A023020101;Le ruisseau l'Augraben à Bartenheim [La Chaussée];7.514201615;47.639123883;68;Ruisseau l'Augraben;HAUT-RHIN
A023020001;Le ruisseau l'Augraben à Saint-Louis [Michelfelden];7.556488474;47.596980267;68;Ruisseau l'Augraben;HAUT-RHIN
A153030001;Le ruisseau l'Ohmbach à Westhalten [1];7.259975091;47.953787754;68;Ruisseau l'Ohmbach;HAUT-RHIN
A153030002;Le ruisseau l'Ohmbach à Westhalten [1] - 2;7.267539599;47.951259966;68;Ruisseau l'Ohmbach;HAUT-RHIN
A153030003;Le ruisseau l'Ohmbach à Westhalten [1] - 3;7.259975091;47.953787754;68;Ruisseau l'Ohmbach;HAUT-RHIN
A225020001;Le ruisseau la Blind à Riedwihr [Pont D 21b];7.446763199;48.126224851;68;Ruisseau la Blind;HAUT-RHIN
A124052001;Le ruisseau le Baerenbach à Schweighouse-Thann;7.172174076;47.754997445;68;Ruisseau le Baerenbach;HAUT-RHIN
A122069001;Le ruisseau le Bourbach à Bourbach-le-Bas;7.058462307;47.775282501;68;Ruisseau le Bourbach;HAUT-RHIN
A125020101;Le ruisseau le Dollerbaechlein à Pfastatt;7.303346596;47.75811444;68;Ruisseau le Dollerbaechlein;HAUT-RHIN
A132030201;Le ruisseau le Dollerbaechlein à Reiningue;7.254434186;47.748230944;68;Ruisseau le Dollerbaechlein;HAUT-RHIN
A104003001;Le ruisseau le Feldbach à Hirsingue;7.253991626;47.590251278;68;Ruisseau le Feldbach;HAUT-RHIN
A203053001;Le ruisseau le Krebsbach à Soultzbach-les-Bains;7.202235028;48.043148002;68;Ruisseau le Krebsbach;HAUT-RHIN
A022065001;Le ruisseau le Liesbach à Blotzheim;7.508167695;47.587489322;68;Ruisseau le Liesbach;HAUT-RHIN
A123050001;Le ruisseau le Michelbach à Michelbach;7.106683241;47.761036897;68;Ruisseau le Michelbach;HAUT-RHIN
A041030101;Le ruisseau le Muhlbach de Schoenau à Baltzenheim;7.557677958;48.097190074;68;Ruisseau le Muhlbach de Schoenau;HAUT-RHIN
A226032101;Le ruisseau le Neugraben à Guémar [Ried];7.459687893;48.200522163;68;Ruisseau le Neugraben;HAUT-RHIN
A100003201;Le ruisseau le Rainbach [Source] à Ligsdorf - source;7.296157592;47.460045735;68;Ruisseau le Rainbach;HAUT-RHIN
A222000101;Le ruisseau le Riedbrunnen à Colmar [Ried];7.448495474;48.161650916;68;Ruisseau le Riedbrunnen;HAUT-RHIN
A125053201;Le ruisseau le Steinbaechel à Morschwiller-le-Bas;7.287176381;47.739923542;68;Ruisseau le Steinbaechel;HAUT-RHIN
A125053101;Le ruisseau le Steinbaechel à Mulhouse [Dornach Mer Rouge];7.301690786;47.747061324;68;Ruisseau le Steinbaechel;HAUT-RHIN
A215030101;Le ruisseau le Strengbach à Aubure;7.204665348;48.212019833;68;Ruisseau le Strengbach;HAUT-RHIN
A215030001;Le ruisseau le Strengbach à Ribeauvillé;7.301208506;48.200033318;68;Ruisseau le Strengbach;HAUT-RHIN
A215030301;Le ruisseau le Strengbach à Ribeauvillé - Le ruisseau le Strengbach à Ribeauvillé [aval ville];7.342032465;48.186997989;68;Ruisseau le Strengbach;HAUT-RHIN
A216010201;[Dérivation de la Fecht] à Guémar;7.422823585;48.186163607;68;;HAUT-RHIN
A023010001;[Le Liesbach] à Saint-Louis [Langenhaeuser];7.545293761;47.603575148;68;;HAUT-RHIN
A124020001;[Le canal Walch] à Burnhaupt-le-Haut [Pont d'Aspach];7.14978292;47.744149208;68;;HAUT-RHIN
A024000101;[bassin contre coulées de boues] à Helfrantzkirch;7.402934356;47.603518839;68;;HAUT-RHIN
A026000101;[bassin contre coulées de boues] à Steinbrunn-le-Haut;7.336371644;47.65948711;68;;HAUT-RHIN
U450501001;L'Ardière à Beaujeu;4.586590203;46.154461353;69;L'Ardière;RHONE
U461401001;L'Azergues à Chamelet;4.498868472;45.996624404;69;L'Azergues;RHONE
U462401001;L'Azergues à Châtillon;4.643269751;45.874208759;69;L'Azergues;RHONE
U464401001;L'Azergues à Lozanne;4.687732675;45.858710077;69;L'Azergues;RHONE
U464551101;L'Azergues à Morancé;4.729879156;45.887669973;69;L'Azergues;RHONE
V302511001;L'Ozon à Sérézin-du-Rhône [La Sarrazinière];4.824241584;45.632748804;69;L'Ozon;RHONE
V302511002;L'Ozon à Sérézin-du-Rhône [La Sarrazinière];4.82425323;45.632712587;69;L'Ozon;RHONE
V301501001;L'Yzeron à Craponne;4.719739316;45.735434565;69;L'Yzeron;RHONE
V301501002;L'Yzeron à Craponne - Aval;4.720318673;45.735539777;69;L'Yzeron;RHONE
V301502002;L'Yzeron à Francheville - Pont;4.775870587;45.733024154;69;L'Yzeron;RHONE
V301502001;L'Yzeron à Francheville - Taffignon;4.771908895;45.73422139;69;L'Yzeron;RHONE
U463501001;La Brévenne à Sain-Bel;4.600100499;45.810690963;69;La Brévenne;RHONE
K066331001;La Coise à Larajasse [Le Nézel];4.525248362;45.628020603;69;la Coise;RHONE
U320521001;La Grosne Occidentale à Trades [Les Chambosses];4.55834951;46.275810547;69;La Grosne Occidentale;RHONE
K071451001;La Loise à Chambost-Longessaigne;4.358373768;45.775617532;69;la Loise;RHONE
U450601001;La Morcille à Villié-Morgon [Pont des Versauds];4.662131602;46.156056274;69;La Morsille;RHONE
U471001003;La Saône à Couzon-au-Mont-d'Or;4.834336332;45.844517459;69;La Saône;RHONE
U471001001;La Saône à Couzon-au-Mont-d'Or - Ancienne;4.8349165;45.848786527;69;La Saône;RHONE
U471001002;La Saône à Couzon-au-Mont-d'Or - Ancienne;4.835490522;45.847056799;69;La Saône;RHONE
U471001004;La Saône à Couzon-au-Mont-d'Or - Couzon CNR;4.834336332;45.844517459;69;La Saône;RHONE
U430003001;La Saône à Dracé [échelle aval de Mâcon];4.798380152;46.157340833;69;La Saône;RHONE
U472002001;La Saône à Lyon [Pont La Feuillée];4.830534574;45.766053282;69;La Saône;RHONE
U463661001;La Turdine à l'Arbresle [Gobelette];4.602167235;45.83752883;69;La Turdine;RHONE
U451541001;La Vauxonne à Saint-Georges-de-Reneins [Pont de Bouchanin];4.738394594;46.071428393;69;La Vauxonne;RHONE
U451542001;La Vauxonne à Saint-Étienne-des-Oullières [Buyon];4.673608135;46.05938775;69;La Vauxonne;RHONE
V303501001;Le Garon à Brignais;4.736532125;45.689808716;69;Le Garon;RHONE
V312401001;Le Gier à Givors;4.739129952;45.579376464;69;Le Gier;RHONE
U452521001;Le Morgon à Villefranche-sur-Saône;4.73561094;45.986984504;69;Le Morgon;RHONE
K094301001;Le Rhins à Amplepuis;4.33160667;45.982421726;69;rivière le rhins;RHONE
K094303001;Le Rhins à Cublize;4.379503679;46.011560216;69;rivière le rhins;RHONE
V313581101;Le Rhône à Givors [Le Rhône à GIVORS] - Le Rhône à GIVORS;4.78159007;45.581623444;69;Le Rhône;RHONE
V300002004;Le Rhône à Lyon - Le Rhône à CALUIRE-ET-CUIRE [ST-CLAIR];4.849471915;45.783912231;69;Le Rhône;RHONE
V300002002;Le Rhône à Lyon - Perrache-CNR;4.8309568;45.748112885;69;Le Rhône;RHONE
V300002001;Le Rhône à Lyon - Pont Morand;4.838420825;45.76828495;69;Le Rhône;RHONE
V300002003;Le Rhône à Lyon - Villeurbanne CNR;4.879368087;45.791173671;69;Le Rhône;RHONE
V303002001;Le Rhône à Ternay - CNR;4.80355313;45.608934129;69;Le Rhône;RHONE
V303002002;Le Rhône à Ternay - DREAL Rhône Alpes;4.8029393;45.60821567;69;Le Rhône;RHONE
U462501001;Le Soanan à Saint-Vérand [La Tracole];4.509704859;45.909278869;69;Le Soanan;RHONE
V301502301;Le ruisseau de Charbonnières à Charbonnières-les-Bains;4.732515913;45.786293415;69;Ruisseau de Charbonnières;RHONE
V303661001;Le ruisseau de Corsenat à Saint-Didier-sous-Riverie [Madone];4.639655174;45.610821056;69;Ruisseau de Corsenat;RHONE
V301502401;Le ruisseau du Ratier à Saint-Genis-les-Ollières;4.720921812;45.753318789;69;Ruisseau du Ratier;RHONE
U464551001;[Le ruisseau de Fontjard] à Morancé [Saint-Pierre];4.686314266;45.891588703;69;;RHONE
U023401001;L'Amance à Raincourt;5.874363268;47.854472014;70;L'Amance;HAUTE-SAONE
U105401001;L'Ognon à Beaumotte-Aubertans;6.180889389;47.415852397;70;L'Ognon;HAUTE-SAONE
U104401001;L'Ognon à Chassey-lès-Montbozon [Bonnal];6.354361163;47.508040893;70;L'Ognon;HAUTE-SAONE
U101402001;L'Ognon à Montessaux;6.560754737;47.740187749;70;L'Ognon;HAUTE-SAONE
U108401001;L'Ognon à Pesmes;5.545021631;47.293286763;70;L'Ognon;HAUTE-SAONE
U107402001;L'Ognon à Pin;5.866266908;47.31672898;70;L'Ognon;HAUTE-SAONE
U100401001;L'Ognon à Servance [Fourguenons];6.667631646;47.802791235;70;L'Ognon;HAUTE-SAONE
U101401001;L'Ognon à Vouhenans;6.480813147;47.654958815;70;L'Ognon;HAUTE-SAONE
U052501001;La Colombine à Frotey-lès-Vesoul;6.185055384;47.619401293;70;La Colombine;HAUTE-SAONE
U052561001;La Font de Champdamois à Quincey;6.190088086;47.61287688;70;Font de Champdamois;HAUTE-SAONE
U063501001;La Gourgeonne à Tincey-et-Pontrebeau;5.795215351;47.60577793;70;La Gourgeonne;HAUTE-SAONE
U042401001;La Lanterne à Briaucourt;6.261333648;47.819917967;70;La Lanterne;HAUTE-SAONE
U047401001;La Lanterne à Fleurey-lès-Faverney;6.076452458;47.748356439;70;La Lanterne;HAUTE-SAONE
U235053001;La Lizaine à Héricourt;6.742955595;47.581474511;70;La Lizaine;HAUTE-SAONE
U081501001;La Morte à Saint-Broing;5.699042692;47.446741625;70;La Morte;HAUTE-SAONE
U062051001;La Romaine à Fresne-Saint-Mamès;5.84280725;47.554088912;70;La Romaine;HAUTE-SAONE
U062053002;La Romaine à Maizières;6.007346159;47.494725772;70;La Romaine;HAUTE-SAONE
U062053001;La Romaine à Maizières - RD33;6.013664174;47.489270888;70;La Romaine;HAUTE-SAONE
U023001001;La Saône à Cendrecourt;5.930174314;47.857134456;70;La Saône;HAUTE-SAONE
U082001001;La Saône à Gray;5.590530518;47.450143931;70;La Saône;HAUTE-SAONE
U061001001;La Saône à Ray-sur-Saône;5.826266582;47.57640765;70;La Saône;HAUTE-SAONE
U060001001;La Saône à Scey-sur-Saône-et-Saint-Albin [Saint-Albin];5.969924917;47.641737762;70;La Saône;HAUTE-SAONE
U044431001;La Sémouse à Saint-Loup-sur-Semouse;6.271787193;47.885663819;70;La Semouse;HAUTE-SAONE
U041503401;Le Beuletin à la Longine - Le Beuletin à la Longine;6.600653708;47.883761422;70;Le Beuletin;HAUTE-SAONE
U041503001;Le Breuchin à Breuches [Champs Coquards];6.312709708;47.800667774;70;Le Breuchin;HAUTE-SAONE
U041502001;Le Breuchin à Froideconche [La Lie aux Moines];6.434566406;47.833552624;70;Le Breuchin;HAUTE-SAONE
U041501001;Le Breuchin à la Proiselière-et-Langle;6.500892231;47.827316347;70;Le Breuchin;HAUTE-SAONE
U051501001;Le Bâtard à Villeparois;6.178438414;47.659073917;70;Le Bâtard;HAUTE-SAONE
U053401001;Le Durgeon à Chariez;6.064122468;47.626412636;70;Le Durgeon;HAUTE-SAONE
U050401001;Le Durgeon à Colombier;6.20925544;47.658456539;70;Le Durgeon;HAUTE-SAONE
U053402001;Le Durgeon à Pontcey;6.033312252;47.635486239;70;Le Durgeon;HAUTE-SAONE
U046050001;Le Planey [source] à Anjeux [amont];6.23204891;47.878287141;70;Le Planey;HAUTE-SAONE
U046051001;Le Planey à Anjeux [Le Triquet];6.218368534;47.867507272;70;Le Planey;HAUTE-SAONE
U102503001;Le Rahin au Val-de-Gouhenans;6.480113408;47.624013255;70;Le Rahin;HAUTE-SAONE
U102502001;Le Rahin à Champagney [Plancher Bas, Monument];6.722229075;47.705588065;70;Le Rahin;HAUTE-SAONE
U102501001;Le Rahin à Plancher-Bas;6.730044768;47.730839067;70;Le Rahin;HAUTE-SAONE
U102501002;Le Rahin à Plancher-Bas - Sonde RG;6.730025143;47.730749587;70;Le Rahin;HAUTE-SAONE
U102503401;Le Rahin à Plancher-les-Mines - Le Rahin à Plancher-les-Mines;6.797880537;47.803257705;70;Le Rahin;HAUTE-SAONE
U072401001;Le Salon à Denèvre;5.64760419;47.569223454;70;Le Salon;HAUTE-SAONE
U041503301;Le ruisseau de la Croslière à la Longine - La Croslière à la Longine;6.584002878;47.90604369;70;Ruisseau de la Croslière;HAUTE-SAONE
U082511001;Le ruisseau des Ecoulottes de Vars à Auvet-et-la-Chapelotte;5.526589165;47.509991234;70;Ruisseau des Ecoulottes de Vars;HAUTE-SAONE
U103541001;[Le Scey / Le Rognon] à Beveuge [Moulin de Remondant];6.49053174;47.568353893;70;;HAUTE-SAONE
K117321001;L'Arconce à Montceaux-l'Étoile;4.049810158;46.357974334;71;l'Arconce;SAONE-ET-LOIRE
K113000201;L'Arconce à Mornay - Villorbaine;4.35000167;46.486437243;71;l'Arconce;SAONE-ET-LOIRE
K139181001;L'Arroux à Digoin - Le Verdier;3.989245319;46.494964204;71;l'Arroux;SAONE-ET-LOIRE
K125181001;L'Arroux à Dracy-Saint-Loup [Surmoulin];4.320196478;47.000770333;71;l'Arroux;SAONE-ET-LOIRE
K134181001;L'Arroux à Rigny-sur-Arroux;4.032245821;46.533455291;71;l'Arroux;SAONE-ET-LOIRE
K132181010;L'Arroux à Étang-sur-Arroux - Pont du Tacot;4.192479053;46.851459277;71;l'Arroux;SAONE-ET-LOIRE
K137000301;L'Oudrache à Oudry - La Croix;4.169118444;46.575869607;71;l'Oudrache;SAONE-ET-LOIRE
K111000301;L'Urbise à Bourg-le-Comte - RD 989;3.994093695;46.301000952;71;l'Urbise;SAONE-ET-LOIRE
K135301001;La Bourbince à Blanzy;4.396204914;46.699138339;71;la Bourbince;SAONE-ET-LOIRE
K136301001;La Bourbince à Ciry-le-Noble;4.30092303;46.604367921;71;la Bourbince;SAONE-ET-LOIRE
K138301001;La Bourbince à Vitry-en-Charollais;4.078510958;46.471760632;71;la Bourbince;SAONE-ET-LOIRE
U341503001;La Brenne à Sens-sur-Seille [L'Estalet];5.29246665;46.749083329;71;La Brenne;SAONE-ET-LOIRE
K128481001;La Celle à la Celle-en-Morvan [Polroy];4.196883525;47.005050464;71;la Celle;SAONE-ET-LOIRE
U300401001;La Dheune à Essertenne;4.570336522;46.801463077;71;La Dheune;SAONE-ET-LOIRE
U303401001;La Dheune à Palleau;5.029409192;46.951902146;71;La Dheune;SAONE-ET-LOIRE
K124301001;La Drée à Saint-Léger-du-Bois [Champéceuillon];4.418061525;47.019419919;71;la Drée;SAONE-ET-LOIRE
U344641001;La Gizia à Frontenaud;5.28178521;46.554597327;71;La Gizia;SAONE-ET-LOIRE
U321401001;La Grosne à Jalogny [Cluny];4.648603195;46.404154481;71;La Grosne;SAONE-ET-LOIRE
U323401001;La Grosne à Sercy;4.695128707;46.600680692;71;La Grosne;SAONE-ET-LOIRE
U322501001;La Guye à Sigy-le-Châtel [Corcelles];4.563819268;46.557779145;71;La Guye;SAONE-ET-LOIRE
U274501001;La Guyotte à Charette-Varennes [Quintin];5.185131757;46.886213383;71;La Guyotte;SAONE-ET-LOIRE
U274502001;La Guyotte à Saint-Bonnet-en-Bresse;5.177108652;46.86867532;71;La Guyotte;SAONE-ET-LOIRE
K160001010;La Loire à Bourbon-Lancy - Pont du Fourneau - Ancienne;3.718498835;46.631355318;71;la Loire;SAONE-ET-LOIRE
K118001011;La Loire à Digoin - Pont D 979b;3.970011266;46.479513998;71;la Loire;SAONE-ET-LOIRE
K118001010;La Loire à Digoin - Pont canal;3.983035713;46.478169004;71;la Loire;SAONE-ET-LOIRE
K144001010;La Loire à Gilly-sur-Loire;3.766202763;46.538026959;71;la Loire;SAONE-ET-LOIRE
U312001001;La Saône à Chalon-sur-Saône [port fluvial];4.875048166;46.788007803;71;La Saône;SAONE-ET-LOIRE
U430001001;La Saône à Mâcon [amont];4.830237782;46.296768418;71;La Saône;SAONE-ET-LOIRE
U430001101;La Saône à Sancé [Mâcon, ultra-sons];4.850896579;46.341254427;71;La Saône;SAONE-ET-LOIRE
U430001102;La Saône à Sancé [Mâcon, ultra-sons] - HQ;4.850896579;46.341254427;71;La Saône;SAONE-ET-LOIRE
U331001001;La Saône à Tournus;4.917976082;46.555481248;71;La Saône;SAONE-ET-LOIRE
U310001001;La Saône à Verdun-sur-le-Doubs;5.03308387;46.898401944;71;La Saône;SAONE-ET-LOIRE
U310001002;La Saône à Verdun-sur-le-Doubs - Pont de la RD 111;5.023020526;46.902793627;71;La Saône;SAONE-ET-LOIRE
U346401001;La Seille à Louhans;5.219372012;46.629662597;71;La Seille;SAONE-ET-LOIRE
U342401001;La Seille à Saint-Usuge;5.258379179;46.674102213;71;La Seille;SAONE-ET-LOIRE
K114000101;La Semence à Vendenesse-lès-Charolles - Route de Chatonnard;4.340364676;46.443925977;71;la Semence;SAONE-ET-LOIRE
K163301001;La Somme à Bourbon-Lancy - Moulin Baudran;3.769907566;46.647588347;71;la Somme;SAONE-ET-LOIRE
U312701001;La Talie à la Loyère;4.828163944;46.837403779;71;La Thalie;SAONE-ET-LOIRE
U345505001;La Vallière à Sagy;5.307843403;46.596980909;71;La Vallière;SAONE-ET-LOIRE
U345503001;La Vallière à Savigny-en-Revermont;5.423408781;46.628069385;71;La Vallière;SAONE-ET-LOIRE
K105000201;Le Botoret [bras principal] à Tancon [Barnay] - Echelle Barnay;4.236716101;46.182377117;71;le Botoret;SAONE-ET-LOIRE
U430541001;Le Denante à Davayé;4.765032394;46.301634506;71;Ruisseau Denante;SAONE-ET-LOIRE
U273201001;Le Doubs à Navilly;5.150351156;46.939640025;71;Le Doubs;SAONE-ET-LOIRE
K131401001;Le Mesvrin à Mesvres [Le Mousseau];4.265126103;46.86421803;71;le Mesvrin;SAONE-ET-LOIRE
K129451001;Le Méchet à Monthelon;4.196942892;46.94951915;71;le Méchet;SAONE-ET-LOIRE
U344503001;Le Sevron à Varennes-Saint-Sauveur;5.243610436;46.500880247;71;Le Sevron;SAONE-ET-LOIRE
K105000301;Le Sornin [bras principal] à Saint-Maurice-lès-Châteauneuf [Pont D 8] - Echelle St Maurice;4.254628884;46.214431204;71;le Sornin;SAONE-ET-LOIRE
K104000101;Le Sornin [bras principal] à la Chapelle-sous-Dun [Les Moquets];4.289699511;46.268624321;71;le Sornin;SAONE-ET-LOIRE
K104000102;Le Sornin [bras principal] à la Chapelle-sous-Dun [Les Moquets] - Ancienne;4.2865038;46.267471688;71;le Sornin;SAONE-ET-LOIRE
K127311001;Le Ternin à Tavernay [Pré Charmoy];4.257803315;46.991535173;71;le Ternin;SAONE-ET-LOIRE
U348531001;Le ru de Bissy à Bissy-la-Mâconnaise;4.790924989;46.478487394;71;Ruisseau de Bissy;SAONE-ET-LOIRE
M124401010;L'Anillé à Saint-Gervais-de-Vic [La Cruchetière];0.744294242;47.884911035;72;l'Anillé;SARTHE
M153451010;L'Argance à la Chapelle-d'Aligné [La Cheviraye];-0.21783474;47.717098262;72;l'Argance;SARTHE
M146302010;L'Aune à Luché-Pringé [Moulin à Tan];0.100983752;47.712114356;72;l'Aune;SARTHE
M146301010;L'Aune à Pontvallain [Casse Maillé];0.188575867;47.739304039;72;l'Aune;SARTHE
M063301010;L'Erve à Auvers-le-Hamon [Moulin la Roche];-0.361832141;47.897096086;72;l'Erve;SARTHE
M063301020;L'Erve à Auvers-le-Hamon [Moulin la Roche] - SPC;-0.361897449;47.897871028;72;l'Erve;SARTHE
M132401010;L'Etangsort à Courdemanche;0.564685066;47.814382377;72;l'Etangsort;SARTHE
M044151010;L'Huisne au Mans [Pontlieue];0.210212986;47.984685043;72;l'Huisne;SARTHE
M037151010;L'Huisne à Avezé;0.67417517;48.227929335;72;l'Huisne;SARTHE
M040151010;L'Huisne à Cherré [Les Ajeux];0.642991136;48.164216638;72;l'Huisne;SARTHE
M041151010;L'Huisne à Connerré;0.489512723;48.063407743;72;l'Huisne;SARTHE
M042151010;L'Huisne à Montfort-le-Gesnois [La Pécardière];0.405264623;48.041678945;72;l'Huisne;SARTHE
M037151030;L'Huisne à la Ferté-Bernard;0.649389319;48.187650585;72;l'Huisne;SARTHE
M037151020;L'Huisne à la Ferté-Bernard - Château de la Plice [Ancienne];0.657922969;48.197389239;72;l'Huisne;SARTHE
M052521010;L'Orne Champenoise à Voivres-lès-le-Mans;0.080971868;47.92289408;72;l'Orne Champenoise;SARTHE
M024301020;L'Orne Saosnoise à Montbizot - Courvarin;0.204983244;48.159760337;72;l'Orne Saosnoise;SARTHE
M024301021;L'Orne Saosnoise à Montbizot - La Cidrerie;0.198987173;48.152385711;72;l'Orne Saosnoise;SARTHE
M024301010;L'Orne Saosnoise à Montbizot - Moulin Neuf;0.197746289;48.149447493;72;l'Orne Saosnoise;SARTHE
M013401010;L'Orthe à Douillet [Le Joly];-0.040146021;48.273130395;72;l'Orthe;SARTHE
M015301010;La Bienne à Thoiré-sous-Contensor;0.201209826;48.307245837;72;la Bienne;SARTHE
M121301010;La Braye à Valennes [La Caboche];0.81958094;48.014725243;72;la Braye;SARTHE
M023401010;La Dive à Mamers;0.373350442;48.339086691;72;la Dive;SARTHE
M053501010;La Gée à Fercé-sur-Sarthe [Planche Augis];-0.043112373;47.906001869;72;la Gée;SARTHE
M038401020;La Même à Souvigné-sur-Même - Les Pressoirs;0.642501483;48.209911891;72;la Même;SARTHE
M015651010;La Saosnette à Thoiré-sous-Contensor;0.203621077;48.307812767;72;la Saosnette;SARTHE
M027061020;La Sarthe au Mans [Yssoir];0.194845139;48.009956052;72;la Sarthe;SARTHE
M027061010;La Sarthe au Mans [Yssoir] - Les Planches;0.179180548;47.996173235;72;la Sarthe;SARTHE
M020061010;La Sarthe à Beaumont-sur-Sarthe;0.130740783;48.22411655;72;la Sarthe;SARTHE
M025061010;La Sarthe à Neuville-sur-Sarthe [Montreuil];0.206952393;48.089784106;72;la Sarthe;SARTHE
M063061010;La Sarthe à Sablé-sur-Sarthe;-0.33193816;47.837614106;72;la Sarthe;SARTHE
M025061020;La Sarthe à Souillé [Montreuil];0.186512696;48.116139862;72;la Sarthe;SARTHE
M050061010;La Sarthe à Spay [Ecluse de Prélandon] - Amont;0.144678112;47.912708336;72;la Sarthe;SARTHE
M050061020;La Sarthe à Spay [Ecluse de Prélandon] - Aval;0.145059946;47.91258254;72;la Sarthe;SARTHE
M052061010;La Sarthe à la Suze-sur-Sarthe [écluse];0.028293539;47.894599742;72;la Sarthe;SARTHE
M041601010;La Tortue à Saint-Michel-de-Chavaignes [L'Onglée];0.54935712;48.029174407;72;la Tortue;SARTHE
M012401010;La Vaudelle à Saint-Georges-le-Gaultier;-0.100216823;48.292279963;72;la Vaudelle;SARTHE
M131301010;La Veuve à Saint-Pierre-du-Lorouër [Petit Brives];0.537421857;47.796817325;72;la Veuve;SARTHE
M043401501;La Vive Parence à Saint-Corneille;0.324713341;48.079131276;72;la Vive Parence;SARTHE
M043401010;La Vive Parence à Yvré-l'Évêque [Parence];0.294592012;48.039863437;72;la Vive Parence;SARTHE
M058302010;La Vègre à Asnières-sur-Vègre;-0.232694487;47.888428536;72;la Vègre;SARTHE
M058301010;La Vègre à Chevillé [Moulin le Pivot];-0.23899363;47.945154008;72;la Vègre;SARTHE
M054401010;La Vézanne à Malicorne-sur-Sarthe;-0.084831134;47.810492578;72;la Vézanne;SARTHE
M056621010;Le Berdin à Rouez [Foulleray];-0.075634979;48.13879009;72;le Berdin;SARTHE
M056622010;Le Berdin à Tennie;-0.079585897;48.111806442;72;le Berdin;SARTHE
M146401010;Le Casseau à Mansigné;0.125360693;47.746814741;72;le Casseau;SARTHE
M052411010;Le Fessard à Cérans-Foulletourte [Grand Mineloup];0.058053924;47.861892171;72;le Fessard;SARTHE
M144161010;Le Loir au Lude [Rue des ponts];0.161201618;47.648453667;72;le Loir;SARTHE
M134161010;Le Loir à Flée [Port-Gautier];0.47981753;47.710652265;72;le Loir;SARTHE
M130161010;Le Loir à la Chartre-sur-le-Loir;0.575571088;47.73212435;72;le Loir;SARTHE
M151161010;Le Loir à la Flèche [Mairie];-0.074647834;47.696079152;72;le Loir;SARTHE
M011491010;Le Merdereau à Saint-Paul-le-Gaultier [Chiantin];-0.149048701;48.330665505;72;le Merdereau;SARTHE
M042481010;Le Narais à Saint-Mars-la-Brière;0.399614955;48.002622565;72;le Narais;SARTHE
M051401010;Le Rhonne à Guécélard [La Soufflardière];0.151682027;47.887536941;72;le Rhonne;SARTHE
M050451010;Le Roule Crotte à Arnage [Gué Gilet];0.199044771;47.936037886;72;le Roule Crotte;SARTHE
M062401010;Le Treulon à Auvers-le-Hamon [La Havardière];-0.342687429;47.925530734;72;le Treulon;SARTHE
M022772010;Le Tripoulin à Courcival - 1;0.392072087;48.234579106;72;le Tripoulin;SARTHE
M022772011;Le Tripoulin à Courcival - 2;0.392202248;48.234672005;72;le Tripoulin;SARTHE
M022772012;Le Tripoulin à Courcival - 3;0.392888947;48.234138001;72;le Tripoulin;SARTHE
M125401010;Le Tusson à la Chapelle-Gaugain [Les Riverelles];0.667247302;47.801661117;72;le Tusson;SARTHE
M055603010;Les Deux Fonts à Avoise [Gué Avezel];-0.205026135;47.870952259;72;les Deux Fonts;SARTHE
M055601010;Les Deux Fonts à Chantenay-Villedieu [Groteau];-0.177464354;47.932450764;72;les Deux Fonts;SARTHE
M069000301;[La Voutonne] à Précigné;-0.341492449;47.766512398;72;;SARTHE
V133001101;Grand canal de Chautagne à Chindrieux [Source du Rigolet] - Source du Rigolet;5.85639783;45.806746524;73;;SAVOIE
V131821001;L'Albanne à Chambéry [Pont Chevalier];5.934427506;45.566095727;73;L'Albanne;SAVOIE
V131821002;L'Albanne à Chambéry [Pont Chevalier] - Parc de buisson rond;5.937386626;45.565045226;73;L'Albanne;SAVOIE
W107403001;L'Arc à Aiguebelle;6.308781833;45.544167178;73;L'Arc;SAVOIE
W107403002;L'Arc à Aiguebelle - Barrage usine Aquabella;6.308781833;45.544167178;73;L'Arc;SAVOIE
W107403003;L'Arc à Aiguebelle - Débit;6.308781833;45.544167178;73;L'Arc;SAVOIE
W100000102;L'Arc à Bessans - DREAL;6.992188274;45.321230186;73;L'Arc;SAVOIE
W102000202;L'Arc à Bramans - DREAL;6.763826322;45.223902933;73;L'Arc;SAVOIE
W102000201;L'Arc à Bramans - EDF;6.763893599;45.223954752;73;L'Arc;SAVOIE
W106000301;L'Arc à Hermillon [EDF];6.351112435;45.302012253;73;L'Arc;SAVOIE
W106000102;L'Arc à Hermillon [Pontamafrey] - DREAL;6.354261561;45.297312347;73;L'Arc;SAVOIE
W101401001;L'Arc à Lanslebourg-Mont-Cenis;6.879944461;45.28472897;73;L'Arc;SAVOIE
W101401002;L'Arc à Lanslebourg-Mont-Cenis;6.888331633;45.28578077;73;L'Arc;SAVOIE
W103000101;L'Arc à Orelle [aval Pont des Chèvres] - DREAL;6.559419089;45.206810537;73;L'Arc;SAVOIE
W103000301;L'Arc à Saint-Michel-de-Maurienne [La Saussaz - EDF];6.514799208;45.210144186;73;L'Arc;SAVOIE
W103000501;L'Arc à Saint-Michel-de-Maurienne [QNR La Saussaz - EDF];6.514799208;45.210144186;73;L'Arc;SAVOIE
W103000202;L'Arc à Saint-Michel-de-Maurienne [canal restitution Saussaz];6.474446333;45.214084223;73;L'Arc;SAVOIE
W107403102;L'Arc à Saint-Rémy-de-Maurienne - DREAL;6.275927027;45.385989715;73;L'Arc;SAVOIE
W102000102;L'Arc à Villarodin-Bourget [Pont de St-Gobain] - DREAL;6.682302839;45.207250134;73;L'Arc;SAVOIE
W107401001;L'Arc à Épierre;6.292168754;45.460289345;73;L'Arc;SAVOIE
W043000101;L'Arly à Pallud [Pont de Venthon];6.401269291;45.691103502;73;L'Arly;SAVOIE
W041401001;L'Arly à Ugine - Moulin Ravier;6.476149308;45.762962546;73;L'Arly;SAVOIE
W041401002;L'Arly à Ugine - Pont de Fer;6.482092638;45.76837662;73;L'Arly;SAVOIE
W105502002;L'Arvan à Saint-Jean-d'Arves - L'Endroit;6.254377062;45.212219388;73;L'Arvan;SAVOIE
W105502001;L'Arvan à Saint-Jean-d'Arves - la Villette;6.272253563;45.200979507;73;L'Arvan;SAVOIE
V131644001;L'Hyère à Chambéry [Charrière-Neuve];5.908095695;45.578431324;73;L'Hyère;SAVOIE
V131644002;L'Hyère à Chambéry [Charrière-Neuve] - Pont d'Hyère;5.905249159;45.573679186;73;L'Hyère;SAVOIE
V131823901;L'Hyère à Chambéry [Pont d'Hyère];5.905249159;45.573679186;73;L'Hyère;SAVOIE
V131823902;L'Hyère à Chambéry [Pont d'Hyère] - Chambéry Charrière Neuve;5.908016674;45.578354359;73;L'Hyère;SAVOIE
W030000201;L'Isère à Aigueblanche [EDF];6.513173852;45.49631603;73;L'Isère;SAVOIE
W011001101;L'Isère à Albertville [Conflans];6.407753017;45.662092271;73;L'Isère;SAVOIE
W004000201;L'Isère à Bourg-Saint-Maurice;6.766763461;45.60331781;73;L'Isère;SAVOIE
W031000102;L'Isère à Cevins - DREAL;6.454462592;45.582593884;73;L'Isère;SAVOIE
W110001002;L'Isère à Chamousset [Pont Royal] - DREAL;6.198605673;45.562580422;73;L'Isère;SAVOIE
W110001001;L'Isère à Chamousset [Pont Royal] - EDF;6.198605673;45.562580422;73;L'Isère;SAVOIE
W110001003;L'Isère à Chamousset [Pont Royal] - SYMBHI;6.198605673;45.562580422;73;L'Isère;SAVOIE
W050000401;L'Isère à Grignon [Pont d'Albertin];6.386187002;45.658182483;73;L'Isère;SAVOIE
W010000101;L'Isère à Landry;6.733619308;45.576702922;73;L'Isère;SAVOIE
W111001002;L'Isère à Montmélian - Débitmètre;6.055663585;45.496269504;73;L'Isère;SAVOIE
W111001001;L'Isère à Montmélian - Limnimètre;6.055663585;45.496269504;73;L'Isère;SAVOIE
W111001003;L'Isère à Montmélian - SH Chavort;6.055663585;45.496269504;73;L'Isère;SAVOIE
W011001001;L'Isère à Moûtiers [Pont Neuf];6.530826624;45.484296533;73;L'Isère;SAVOIE
W002000102;L'Isère à Séez [Malgovert] - DREAL;6.795138627;45.618374356;73;L'Isère;SAVOIE
W000000101;L'Isère à Val-d'Isère [EDF];6.987210046;45.447442529;73;L'Isère;SAVOIE
W030000301;L'Isère à la Léchère;6.474305991;45.532086707;73;L'Isère;SAVOIE
W042501001;La Chaise à Ugine [Pont de Soney];6.390348129;45.759247974;73;La Chaise;SAVOIE
W042501002;La Chaise à Ugine [Pont de Soney];6.389925086;45.759278721;73;La Chaise;SAVOIE
V132502601;La Deisse à Grésy-sur-Aix - CISALB;5.921181475;45.727872506;73;La Deysse;SAVOIE
V131504001;La Leysse à Saint-Alban-Leysse;5.976427082;45.581102985;73;La Leysse;SAVOIE
V131502001;La Leysse à la Motte-Servolex [Pont du Tremblay];5.873209747;45.627945054;73;La Leysse;SAVOIE
V131504002;La Leysse à la Ravoire;5.963350814;45.573256125;73;La Leysse;SAVOIE
V131504003;La Leysse à la Ravoire;5.963994544;45.573425478;73;La Leysse;SAVOIE
V132502301;La Meunaz à Montcel - CISALB;5.961918039;45.732702511;73;La Meunaz;SAVOIE
V132503101;La Meunaz à Montcel [Captage de la Meunaz];5.984154175;45.698395661;73;La Meunaz;SAVOIE
V132502401;La Monderesse à Saint-Ours - CISALB;5.973138196;45.741544494;73;La Monderesse;SAVOIE
V132503001;La Monderesse à Saint-Ours [Captage de la Monderesse];5.996818262;45.74818057;73;La Monderesse;SAVOIE
V144621201;La Méline à Saint-Paul [Source de Fromentière] - Source de Fromentière;5.80612573;45.693492372;73;La Méline;SAVOIE
W024401101;Le Doron de Belleville à Saint-Martin-de-Belleville [Le Bettaix] - DREAL;6.526232618;45.33936812;73;Le Doron de Belleville;SAVOIE
W024401001;Le Doron de Bozel à Moûtiers [Ponserand] - DREAL;6.525447468;45.483329994;73;Le Doron de Bozel;SAVOIE
W022000101;Le Doron de Bozel à Planay;6.677112944;45.442267867;73;Le Doron de Bozel;SAVOIE
W022000201;Le Doron de Bozel à la Perrière [EDF - Vignotan - QNR];6.583765183;45.449617838;73;Le Doron de Bozel;SAVOIE
W101401101;Le Doron de Termignon à Termignon [Pont des Gouilles];6.810902746;45.28951131;73;Doron de Termignon;SAVOIE
W101401201;Le Doron de Termignon à Termignon [Source des Fontaignous] - Source des Fontaignous;6.821206058;45.292630302;73;Doron de Termignon;SAVOIE
W043000202;Le Doron à Villard-sur-Doron - DREAL;6.495821408;45.718718934;73;Le Doron;SAVOIE
W043000201;Le Doron à Villard-sur-Doron - EDF;6.495821408;45.718718934;73;Le Doron;SAVOIE
V126402002;Le Fier à Motz - CNR;5.841125806;45.933371805;73;Le Fier;SAVOIE
V126402001;Le Fier à Motz - DREAL;5.84107625;45.932869298;73;Le Fier;SAVOIE
V144621001;Le Flon à Traize [Cottin];5.764591842;45.671543087;73;Le Flon;SAVOIE
V153402002;Le Guiers à Belmont-Tramonet - DREAL;5.652006448;45.572277519;73;Le Guiers;SAVOIE
W110502001;Le Gélon à Bourgneuf;6.209383263;45.550845628;73;Le Gélon;SAVOIE
W110501001;Le Gélon à la Croix-de-la-Rochette;6.12953726;45.473137186;73;Le Gélon;SAVOIE
W110501002;Le Gélon à la Rochette;6.117592508;45.463656106;73;Le Gélon;SAVOIE
V126002001;Le Rhône à Ruffieux [Pont de la Loi];5.803715344;45.848615249;73;Le Rhône;SAVOIE
V132502901;Le Sierroz [Captage La Gouille aux Moines] à Saint-Offenge-Dessus;6.013899878;45.708083898;73;le sierroz;SAVOIE
V132502002;Le Sierroz à Aix-les-Bains;5.903425817;45.705821994;73;le sierroz;SAVOIE
V132502001;Le Sierroz à Aix-les-Bains - Laffin;5.905108099;45.70650851;73;le sierroz;SAVOIE
V132502501;Le Sierroz à Grésy-sur-Aix - CISALB;5.927562204;45.723967339;73;le sierroz;SAVOIE
V130521001;Le Tillet à Aix-les-Bains;5.905883361;45.667628545;73;Le Tillet;SAVOIE
V131823301;Le Varon au Bourget-du-Lac - la Plaisse - CISALB;5.859046953;45.641476003;73;Le Varon;SAVOIE
V131823801;Le Varon au Bourget-du-Lac [Captage de la Roche];5.839235505;45.624379889;73;Le Varon;SAVOIE
W030000101;Le ruisseau Bridan à la Léchère [Source de Pont Botto] - Sources de Pont Botto;6.409013798;45.477491927;73;Ruisseau Bridan;SAVOIE
V131823601;Le ruisseau Forezan à Cognin - Au parking du parc - CISALB;5.889732357;45.557729636;73;Ruisseau Forezan;SAVOIE
V131823501;Le ruisseau Nant Bruyant à la Motte-Servolex - Parc du Noiton;5.86980537;45.587326932;73;Ruisseau Nant Bruyant;SAVOIE
V130503001;Le ruisseau de Belle Eau à Voglans;5.892354317;45.633073665;73;Ruisseau de Belle Eau;SAVOIE
V130503002;Le ruisseau de Belle Eau à Voglans - CISALB;5.89159277;45.632565929;73;Ruisseau de Belle Eau;SAVOIE
V125841501;Le ruisseau de Cherel à Jarsy [Source de la Touvière] - Source de la Touvière;6.198986475;45.67056256;73;Ruisseau de Cherel;SAVOIE
W010000201;Le ruisseau de Macot à Mâcot-la-Plagne [Source des Frasses] - Source des Frasses;6.693742725;45.530396848;73;Ruisseau de Macot;SAVOIE
V123741401;Le ruisseau de Tami à Plancherine [Source du Bonté] - Source du Bonté;6.300997993;45.675196897;73;Ruisseau de Tami;SAVOIE
V131824101;Le ruisseau de Ternèze à Curienne - CISALB;6.024607532;45.560029416;73;Ruisseau de Ternèze;SAVOIE
W050000602;Le ruisseau de Verrens à Frontenex - Pont du Boulodrome;6.317940595;45.631687235;73;Ruisseau de Verrens;SAVOIE
W111001301;Le ruisseau de la Crouza à Arbin [Source du Ruisseau] - Source du Ruisseau;6.068836667;45.512274889;73;Ruisseau de la Crouza;SAVOIE
V151501201;Le ruisseau de la Glière à Entremont-le-Vieux [Source de la Plagne] - Source de la Plagne;5.903976183;45.442988779;73;Ruisseau de la Glière;SAVOIE
V153521001;Le ruisseau de la Leysse à Nances [Novalaise];5.796255054;45.577593133;73;Ruisseau de Pra Long;SAVOIE
V131823701;Le ruisseau des Combes au Bourget-du-Lac - la Plaisse - CISALB;5.859767421;45.63925908;73;Ruisseau des Combes;SAVOIE
V131824001;Le ruisseau du Marais à la Motte-Servolex - Exutoire de l'Erier /Ru du marais en aval de la zone de Bissy et en amont de la confluence avec le Merderet -CISALB;5.889050371;45.593781759;73;Ruisseau du Marais;SAVOIE
V131824201;Le ruisseau du Marais à la Motte-Servolex - Pont de la Rue Denis Papin - CISALB;5.882268457;45.602216132;73;Ruisseau du Marais;SAVOIE
W041401201;Le torrent Nant du Moulin à Crest-Voland [Source des Moulins] - Source des Moulins;6.503821853;45.785045963;73;Torrent Nant du Moulin;SAVOIE
W100000201;Le torrent d'Avérole à Bessans [Avérole EDF - QNR];7.06729894;45.302880188;73;Torrent d'Avérole;SAVOIE
W106000201;Le torrent des Roches à Saint-Colomban-des-Villards [Source des Roches] - Source des Roches;6.209665929;45.294256698;73;Torrent des Roches;SAVOIE
V126402701;[Canal de Savières] à Chanaz - Station partenaire CNR;5.797688943;45.81185407;73;;SAVOIE
V132502701;[Captage Bermond] à Trévignin;5.97487329;45.708030893;73;;SAVOIE
V132502801;[Captage Le Coutens] à Montcel;6.004516898;45.713173654;73;;SAVOIE
V131822401;[La source de Lovettaz] à Saint-Jean-d'Arvey;5.984453263;45.603373101;73;;SAVOIE
V132503801;[Le captage Bollon-Berthet] à Pugny-Chatenod;5.959485481;45.685349557;73;;SAVOIE
V130521501;[Le captage Fresenex] à Drumettaz-Clarafond;5.947524295;45.669821742;73;;SAVOIE
V133001401;[Le captage de Gerle] à Bourdeau;5.849776908;45.67600585;73;;SAVOIE
V130521301;[Le captage de Saint Victor] à Mouxy [1];5.962934178;45.673165862;73;;SAVOIE
V130521401;[Le captage de Saint Victor] à Mouxy [2];5.960197773;45.67535547;73;;SAVOIE
V132503501;[Le captage de Viplane] à Montcel;5.991677068;45.748317123;73;;SAVOIE
V133001301;[Le captage de la Carrière] à Bourdeau;5.850102897;45.676844605;73;;SAVOIE
V130521601;[Le captage de la Croze] à Méry;5.936449826;45.633823665;73;;SAVOIE
V132503201;[Le captage de la Peysse] à Saint-Offenge-Dessous;6.014683831;45.743459833;73;;SAVOIE
V132503701;[Le captage des Biolettes] à Pugny-Chatenod;5.955254092;45.694706131;73;;SAVOIE
V132503301;[Le captage des Fontanettes] à Grésy-sur-Aix [1];5.975804493;45.699283406;73;;SAVOIE
V132503401;[Le captage des Fontanettes] à Grésy-sur-Aix [2];5.981150508;45.703746797;73;;SAVOIE
V132503402;[Le captage des Fontanettes] à Grésy-sur-Aix [2];5.981150508;45.703746797;73;;SAVOIE
V133001201;[Le captage des Grandes Eaux] à Bourdeau;5.851384543;45.679515369;73;;SAVOIE
V132503901;[Le captage des deux Reines] à Pugny-Chatenod;5.953070879;45.683679687;73;;SAVOIE
V133001001;[Le lac du Bourget] à Aix-les-Bains;5.88575359;45.705059619;73;;SAVOIE
V132503601;[Les captages de Pré Bérard] à Pugny-Chatenod;5.962862579;45.689351829;73;;SAVOIE
W050000501;[Ruisseau du Cachon] à Monthion [Source de Planchamp] - Source de Planchamp;6.361958159;45.629607716;73;;SAVOIE
V024561001;L'Aire à Saint-Julien-en-Genevois [Thairy];6.066228032;46.140069194;74;L'Aire;HAUTE-SAVOIE
V020542201;L'Arve à Bonneville;6.405936393;46.076794353;74;L'Arve;HAUTE-SAVOIE
V000201201;L'Arve à Chamonix-Mont-Blanc [Pont de l'Aiguille] - Station amont;6.868145305;45.919904553;74;L'Arve;HAUTE-SAVOIE
V000201202;L'Arve à Chamonix-Mont-Blanc [Pont de l'Aiguille] - Station aval;6.868145305;45.919904553;74;L'Arve;HAUTE-SAVOIE
V000201203;L'Arve à Chamonix-Mont-Blanc [Pont de l'Aiguille] - Vitesse;6.868145305;45.919904553;74;L'Arve;HAUTE-SAVOIE
V000201001;L'Arve à Chamonix-Mont-Blanc [Pont des Favrands];6.859323241;45.915860508;74;L'Arve;HAUTE-SAVOIE
V005651101;L'Arve à Cluses - Pont-Vieux;6.579664648;46.056415908;74;L'Arve;HAUTE-SAVOIE
V003201201;L'Arve à Passy - Pont de la Carabote;6.673404974;45.920242599;74;L'Arve;HAUTE-SAVOIE
V022000202;L'Arve à Reignier-Ésery [Arthaz] - DREAL;6.271047706;46.150604321;74;L'Arve;HAUTE-SAVOIE
V022000201;L'Arve à Reignier-Ésery [Arthaz] - EDF;6.27091436;46.150977679;74;L'Arve;HAUTE-SAVOIE
V022000301;L'Arve à Reignier-Ésery [QNR Arthaz - EDF];6.271047706;46.150604321;74;L'Arve;HAUTE-SAVOIE
V003201001;L'Arve à Sallanches;6.641934883;45.940461634;74;L'Arve;HAUTE-SAVOIE
V123561001;L'Eau Morte à Doussard;6.231537396;45.787695415;74;L'Eau Morte;HAUTE-SAVOIE
V123521001;L'Ire à Doussard;6.224642713;45.783017003;74;L'Ire;HAUTE-SAVOIE
V031661001;L'Ugine à Saint-Paul-en-Chablais;6.641790924;46.353525693;74;L'Ugine;HAUTE-SAVOIE
V001000101;La Diosaz aux Houches;6.769210673;45.930846156;74;La Diosaz;HAUTE-SAVOIE
V032501001;La Dranse de Morzine à la Baume [Pont de Couvaloup];6.620492166;46.265107873;74;La Dranse de Morzine;HAUTE-SAVOIE
V033401001;La Dranse à Reyvroz [Bioge];6.585798102;46.326297496;74;La Dranse;HAUTE-SAVOIE
V031401001;La Dranse à Vacheresse;6.674328701;46.315260447;74;La Dranse;HAUTE-SAVOIE
V031401002;La Dranse à Vacheresse;6.666920757;46.326623059;74;La Dranse;HAUTE-SAVOIE
V122501001;La Fillière à Argonay;6.166284129;45.955838256;74;La Fillière;HAUTE-SAVOIE
V122502001;La Fillière à Thorens-Glières;6.269763021;45.984836012;74;La Fillière;HAUTE-SAVOIE
V023502001;La Menoge à Bonne [Pont D 198];6.320774188;46.165726497;74;La Menoge;HAUTE-SAVOIE
V023501001;La Menoge à Vétraz-Monthoux;6.272951834;46.169692218;74;La Menoge;HAUTE-SAVOIE
V125841001;La Néphaz à Rumilly;5.943905972;45.863692106;74;La Néphaz;HAUTE-SAVOIE
V002000201;Le Bon Nant à Saint-Gervais-les-Bains;6.702736638;45.906871143;74;Le Bon Nant;HAUTE-SAVOIE
V002000202;Le Bon Nant à Saint-Gervais-les-Bains - Débit;6.702727622;45.906860342;74;Le Bon Nant;HAUTE-SAVOIE
V020542001;Le Borne à Saint-Jean-de-Sixt;6.418470415;45.936304423;74;Le Borne;HAUTE-SAVOIE
V020501002;Le Bronze à Bonneville - Pont;6.455069475;46.068079004;74;Le Bronze;HAUTE-SAVOIE
V020501001;Le Bronze à Bonneville - Thuet;6.456175611;46.064872523;74;Le Bronze;HAUTE-SAVOIE
V125501001;Le Chéran à Allèves [La Charniaz];6.103395254;45.720649533;74;Le Chéran;HAUTE-SAVOIE
V121401001;Le Fier à Dingy-Saint-Clair;6.206701506;45.905041931;74;Le Fier;HAUTE-SAVOIE
V126402301;Le Fier à Vallières [EDF];5.920634224;45.902097655;74;Le Fier;HAUTE-SAVOIE
V035501001;Le Foron à Sciez;6.381285809;46.330403257;74;Le Foron;HAUTE-SAVOIE
V015401001;Le Giffre à Marignier [Plan séraphin];6.497386575;46.118276897;74;Le Giffre;HAUTE-SAVOIE
V015401002;Le Giffre à Marignier [Plan séraphin] - Pont Amont;6.492433145;46.122559536;74;Le Giffre;HAUTE-SAVOIE
V014000202;Le Giffre à Mieussy - DREAL;6.551947242;46.114139306;74;Le Giffre;HAUTE-SAVOIE
V014000201;Le Giffre à Mieussy - Taninges-Pressy EDF;6.552017739;46.11422724;74;Le Giffre;HAUTE-SAVOIE
V014000301;Le Giffre à Mieussy [EDF - Taninges-Pressy-QNR];6.552017739;46.11422724;74;Le Giffre;HAUTE-SAVOIE
V012000202;Le Giffre à Samoëns - DREAL;6.718719133;46.076179604;74;Le Giffre;HAUTE-SAVOIE
V012000201;Le Giffre à Samoëns - Pont du Giffre - EDF;6.718719133;46.076179604;74;Le Giffre;HAUTE-SAVOIE
V123741001;Le Laudon à Saint-Jorioz;6.16489329;45.835015066;74;Le Laudon;HAUTE-SAVOIE
V034521001;Le Redon à Margencel;6.415931155;46.339302142;74;Le Redon;HAUTE-SAVOIE
V015501001;Le Risse à Saint-Jeoire [Pont du Risse] - 1;6.475756168;46.136555707;74;Le Risse;HAUTE-SAVOIE
V015501002;Le Risse à Saint-Jeoire [Pont du Risse] - 2;6.475824015;46.136461936;74;Le Risse;HAUTE-SAVOIE
V123541001;Le ruisseau de Bornette à Doussard;6.204494971;45.77388493;74;Ruisseau de Bornette;HAUTE-SAVOIE
V123542001;Le ruisseau de Bornette à Lathuile;6.209140233;45.785784311;74;Ruisseau de Bornette;HAUTE-SAVOIE
V125781001;Le ruisseau des Eparis à Alby-sur-Chéran;6.030500321;45.823932233;74;Ruisseau des Eparis;HAUTE-SAVOIE
V110000201;Les Usses à Cruseilles;6.07449801;46.026545355;74;Les Usses;HAUTE-SAVOIE
V111403001;Les Usses à Frangy;5.933723519;46.017038302;74;Les Usses;HAUTE-SAVOIE
V111401001;Les Usses à Musièges [Pont des Douattes];5.96461272;46.006495832;74;Les Usses;HAUTE-SAVOIE
V111401002;Les Usses à Musièges [Pont des Douattes] - Pont Serrasson;5.958177538;46.005417672;74;Les Usses;HAUTE-SAVOIE
V112000101;Les Usses à Usinens - Pont-Rouge - Station partenaire CNR;5.869246027;46.017238919;74;Les Usses;HAUTE-SAVOIE
V005641001;[Le Nant d'Orlier] à Magland [chez Party];6.617518191;46.03076706;74;;HAUTE-SAVOIE
V125731001;[Le Nant de la Combe] à Allèves;6.098708731;45.735278515;74;;HAUTE-SAVOIE
V005651001;[Le Nant du Crêt] à Magland [chez Gaudy];6.617410104;46.028534947;74;;HAUTE-SAVOIE
F700000109;La Seine à Paris - Austerlitz - historique - avant 1966;2.365515502;48.845409133;75;La Seine;PARIS
F700000110;La Seine à Paris - Austerlitz - historique - de 1966 à 1973;2.365510635;48.84468962;75;La Seine;PARIS
F700000111;La Seine à Paris - Austerlitz - historique - de 1974 à 1989;2.365510635;48.84468962;75;La Seine;PARIS
F700000102;La Seine à Paris - Austerlitz - station limni - secours CT;2.365510635;48.84468962;75;La Seine;PARIS
F700000103;La Seine à Paris - Austerlitz [>2006] - Station débitmétrique;2.365510635;48.84468962;75;La Seine;PARIS
F700000101;La Seine à Paris - Pont National - Observateur;2.385781272;48.827779434;75;La Seine;PARIS
F700000105;La Seine à Paris - Pont Royal - observateur;2.33030745;48.860056607;75;La Seine;PARIS
F700000112;La Seine à Paris - Pont des Invalides [VNF];2.310558403;48.864133958;75;La Seine;PARIS
H511903020;L'Ambion à Caudebec-en-Caux;0.722275375;49.525535034;76;L'Ambion;SEINE-MARITIME
H323041010;L'Andelle à Rouvray-Catillon;1.493094544;49.582853392;76;L'Andelle;SEINE-MARITIME
H502301401;L'Aubette à Darnétal;1.148745049;49.436888773;76;L'Aubette;SEINE-MARITIME
H506062010;L'Austreberthe à Duclair [Bas Aulnay];0.895933901;49.499057672;76;L'Austreberthe;SEINE-MARITIME
H506061010;L'Austreberthe à Saint-Paër;0.92170892;49.518786829;76;L'Austreberthe;SEINE-MARITIME
G223041101;L'Eaulne à Ancourt;1.173192013;49.908448068;76;L'Eaulne;SEINE-MARITIME
G223041102;L'Eaulne à Ancourt - Chemin de l'Abreuvoir;1.171596597;49.907255258;76;L'Eaulne;SEINE-MARITIME
G223041010;L'Eaulne à Martin-Église;1.141639641;49.89906789;76;L'Eaulne;SEINE-MARITIME
H311041010;L'Epte à Gournay-en-Bray - Aval;1.728617929;49.473095262;76;L'Epte;SEINE-MARITIME
H311041011;L'Epte à Gournay-en-Bray - Centre-ville;1.729467985;49.480007579;76;L'Epte;SEINE-MARITIME
H311041012;L'Epte à Gournay-en-Bray - observateur;1.728617929;49.473095262;76;L'Epte;SEINE-MARITIME
H311334101;L'Epte à Gournay-en-Bray [observateur];1.729546965;49.480161216;76;L'Epte;SEINE-MARITIME
H310041010;L'Epte à Saumont-la-Poterie [La Bellière];1.592960231;49.600445523;76;L'Epte;SEINE-MARITIME
H310042010;L'Epte à Saumont-la-Poterie [Pont de Viogne];1.632593746;49.581718081;76;L'Epte;SEINE-MARITIME
G111041010;L'Yères à Touffreville-sur-Eu;1.339146471;49.999780637;76;L'Yeres;SEINE-MARITIME
G017042101;La Bresle à Longroy;1.53906049;49.990321445;76;La Bresle;SEINE-MARITIME
G017042010;La Bresle à Ponts-et-Marais;1.447744409;50.046068813;76;La Bresle;SEINE-MARITIME
G201000101;La Béthune à Mesnil-Mauger - Syndicat Mixte du Bassin de l'Arques;1.545290944;49.676453868;76;L'Arques;SEINE-MARITIME
G206021010;La Béthune à Saint-Aubin-le-Cauf;1.185400205;49.863980019;76;L'Arques;SEINE-MARITIME
G600061010;La Durdent à Vittefleur;0.635322584;49.818849011;76;La Durdent;SEINE-MARITIME
G710061010;La Ganzeville à Ganzeville;0.412165235;49.734520499;76;Ruisseau de Ganzeville;SEINE-MARITIME
H733041010;La Lézarde à Montivilliers;0.186444044;49.543394722;76;La Lezarde;SEINE-MARITIME
H731041010;La Lézarde à Notre-Dame-du-Bec;0.209209143;49.59011433;76;La Lezarde;SEINE-MARITIME
H511902010;La Sainte-Gertrude [partielle] à Caudebec-en-Caux;0.726201742;49.525761562;76;Bras de Sainte-Gertrude;SEINE-MARITIME
H511904010;La Sainte-Gertrude à Maulévrier-Sainte-Gertrude;0.701638907;49.546256208;76;Rivière Sainte-Gertrude;SEINE-MARITIME
G400022101;La Saâne à Biville-la-Rivière;0.933394466;49.778992304;76;La Saane;SEINE-MARITIME
G400021010;La Saâne à Bourdainville;0.961599263;49.680427974;76;La Saane;SEINE-MARITIME
G420000101;La Saâne à Longueil;0.954086314;49.882806762;76;La Saane;SEINE-MARITIME
G400022010;La Saâne à Val-de-Saâne;0.963870976;49.703431459;76;La Saane;SEINE-MARITIME
G310061301;La Scie à Hautot-sur-Mer;1.053089422;49.902876874;76;La Scie;SEINE-MARITIME
G310061201;La Scie à Notre-Dame-du-Parc - Station partenaire SBVSVS;1.11392686;49.746769706;76;La Scie;SEINE-MARITIME
H722011001;La Seine au Havre [Embouchure de la Seine] - Station partenaire HAROPA;0.109763689;49.432266076;76;La Seine;SEINE-MARITIME
H722011101;La Seine au Havre [Port] - Station partenaire HAROPA;0.114612432;49.483781485;76;La Seine;SEINE-MARITIME
H510011001;La Seine au Mesnil-sous-Jumièges - Station partenaire HAROPA;0.866920489;49.413143882;76;La Seine;SEINE-MARITIME
H512011001;La Seine à Caudebec-en-Caux - Station partenaire HAROPA;0.714335675;49.523623425;76;La Seine;SEINE-MARITIME
H505104001;La Seine à Duclair - Station partenaire HAROPA;0.874162641;49.480417535;76;La Seine;SEINE-MARITIME
H501011001;La Seine à Elbeuf - Station partenaire HAROPA;1.013129229;49.292510095;76;La Seine;SEINE-MARITIME
H510012001;La Seine à Heurteauville - Station partenaire HAROPA;0.815662417;49.44805162;76;La Seine;SEINE-MARITIME
H505013001;La Seine à Mauny [Val-des-Leux] - Station partenaire HAROPA;0.921635025;49.402452203;76;La Seine;SEINE-MARITIME
H501012001;La Seine à Oissel - Station partenaire HAROPA;1.103415254;49.338471815;76;La Seine;SEINE-MARITIME
H505011001;La Seine à Petit-Couronne - Station partenaire HAROPA;1.01184828;49.385761125;76;La Seine;SEINE-MARITIME
H512014001;La Seine à Petiville [St-Léonard] - Station partenaire HAROPA;0.54972265;49.46025345;76;La Seine;SEINE-MARITIME
H503011001;La Seine à Rouen - Station partenaire HAROPA;1.071962329;49.443323326;76;La Seine;SEINE-MARITIME
H514011001;La Seine à Tancarville - Station partenaire HAROPA;0.467192821;49.476890837;76;La Seine;SEINE-MARITIME
H512012001;La Seine à Vatteville-la-Rue - Station partenaire HAROPA;0.66924225;49.480353085;76;La Seine;SEINE-MARITIME
H505012001;La Seine à la Bouille - Station partenaire HAROPA;0.928107796;49.353873234;76;La Seine;SEINE-MARITIME
G700021010;La Valmont à Colleville;0.448067419;49.747450038;76;Rivière de Valmont;SEINE-MARITIME
G711000101;La Valmont à Fécamp;0.400582447;49.753944654;76;Rivière de Valmont;SEINE-MARITIME
G210061201;La Varenne à Martigny;1.165550321;49.854487242;76;La Varenne;SEINE-MARITIME
G210061301;La Varenne à Torcy-le-Grand;1.173124022;49.79301005;76;La Varenne;SEINE-MARITIME
G210061401;La Varenne à Torcy-le-Petit;1.177256126;49.807987216;76;La Varenne;SEINE-MARITIME
G410000201;La Vienne à Gueures;0.974433502;49.842788679;76;La Vienne;SEINE-MARITIME
G410000301;La Vienne à Hermanville - La Vienne à Hermanville;0.985339434;49.819701749;76;La Vienne;SEINE-MARITIME
H504061010;Le Cailly à Cailly;1.222488609;49.57917109;76;Le Cailly;SEINE-MARITIME
H504062010;Le Cailly à Fontaine-le-Bourg [Grand-Tendos];1.127045462;49.561182595;76;Le Cailly;SEINE-MARITIME
H504063010;Le Cailly à Notre-Dame-de-Bondeville;1.047183811;49.488418107;76;Le Cailly;SEINE-MARITIME
H504063011;Le Cailly à Notre-Dame-de-Bondeville - Echelle aval;1.047116336;49.488387071;76;Le Cailly;SEINE-MARITIME
H513061010;Le Commerce à Gruchet-le-Valasse;0.487740267;49.551779887;76;Rivière du Commerce;SEINE-MARITIME
H513062010;Le Commerce à Lillebonne;0.532851018;49.516353138;76;Rivière du Commerce;SEINE-MARITIME
H513062012;Le Commerce à Lillebonne - Manoir;0.536385658;49.509677196;76;Rivière du Commerce;SEINE-MARITIME
H513062011;Le Commerce à Lillebonne - Pont D173;0.536185766;49.504675589;76;Rivière du Commerce;SEINE-MARITIME
G510061201;Le Dun au Bourg-Dun [Centre];0.88722305;49.865321904;76;Le Dun;SEINE-MARITIME
G510061010;Le Dun au Bourg-Dun [Le Pont Blanc];0.893431815;49.877428009;76;Le Dun;SEINE-MARITIME
H502301301;Le Robec à Darnétal;1.146773223;49.440346913;76;Le Robec;SEINE-MARITIME
H730601010;Le Rogerval à Rogerville;0.277731619;49.500182449;76;Le Rogerval;SEINE-MARITIME
G202000201;Le Sorson à Mesnil-Mauger - Syndicat Mixte du Bassin de l'Arques;1.504229884;49.678818557;76;Le Sorson;SEINE-MARITIME
H740382101;Le canal de Tancarville au Havre [canal];0.090720298;49.48446019;76;Canal de Tancarville;SEINE-MARITIME
H311334301;Le ruisseau d'Auchy à Gournay-en-Bray - INRAe;1.734781383;49.48087929;76;Ruisseau d'Auchy;SEINE-MARITIME
H310042301;Le ruisseau de Mesangueville à Dampierre-en-Bray - INRAe;1.670736147;49.52511587;76;Ruisseau de Mesangueville;SEINE-MARITIME
G224000102;[L'Arques] à Dieppe - L'Arques à Dieppe;1.091445822;49.921882768;76;;SEINE-MARITIME
G224000101;[L'Arques] à Rouxmesnil-Bouteilles - L'Arques à Rouxmesnil-Bouteilles;1.105834802;49.908763332;76;;SEINE-MARITIME
G510061301;[La vallée sèche] à Bourville;0.823633083;49.795615881;76;;SEINE-MARITIME
G510061401;[La vallée sèche] à Canville-les-Deux-Églises - FTDL;0.827152572;49.766236279;76;;SEINE-MARITIME
H506901010;[La vallée sèche] à Saint-Paër [Le Paulu];0.914052706;49.516551619;76;;SEINE-MARITIME
F446000201;L'Almont à Melun;2.678280711;48.549439244;77;L'Almont;SEINE-ET-MARNE
F657000401;L'Aubetin à Amillis;3.14175006;48.736930062;77;L'Aubetin;SEINE-ET-MARNE
F656000501;L'Aubetin à Beton-Bazoches - le fortail;3.267876112;48.698052375;77;L'Aubetin;SEINE-ET-MARNE
F657000201;L'Aubetin à Pommeuse - Le Poncet;3.015872966;48.796601083;77;L'Aubetin;SEINE-ET-MARNE
H402203001;L'Essonne à Boulancourt;2.427537525;48.257724337;77;L'Essonne;SEINE-ET-MARNE
F439000201;L'Orvanne à Blennes;3.021962234;48.256696651;77;L'Orvanne;SEINE-ET-MARNE
F439000301;L'Orvanne à Diant [Lavoir de Cornoy];3.002048568;48.271004715;77;L'Orvanne;SEINE-ET-MARNE
F483000301;L'Yerres à Brie-Comte-Robert - SR56 [SYAGE];2.58315885;48.671243743;77;L'Yerres;SEINE-ET-MARNE
F474000301;L'Yerres à Chaumes-en-Brie - SR54 [SYAGE];2.842828152;48.663095319;77;L'Yerres;SEINE-ET-MARNE
F474000101;L'Yerres à Courtomer;2.903547015;48.651278892;77;L'Yerres;SEINE-ET-MARNE
F474000102;L'Yerres à Courtomer - Paradis;2.901109198;48.648236641;77;L'Yerres;SEINE-ET-MARNE
F481000301;L'Yerres à Solers - SR61 [SYAGE];2.720621036;48.655874653;77;L'Yerres;SEINE-ET-MARNE
F470000101;L'Yerres à Touquin - SR50 [SYAGE];3.019447253;48.737297567;77;L'Yerres;SEINE-ET-MARNE
F483000101;L'Yerres à Évry-Grégy-sur-Yerre - Pont de Brie;2.612057917;48.671059821;77;L'Yerres;SEINE-ET-MARNE
F473000201;L'Yvron à Courpalay - SR57 [SYAGE];2.938658006;48.651359215;77;L'Yvron;SEINE-ET-MARNE
F481000201;La Barbanconne à Grisy-Suisnes - SR55 [SYAGE];2.646138942;48.681333616;77;La Barbanconne;SEINE-ET-MARNE
F661000201;La Beuvronne à Annet-sur-Marne;2.72926657;48.930326404;77;La Beuvronne;SEINE-ET-MARNE
F661000101;La Beuvronne à Compans;2.673023424;48.9769689;77;La Beuvronne;SEINE-ET-MARNE
F663000101;La Gondoire à Gouvernes - Deuil;2.700953994;48.861520805;77;La Gondoire;SEINE-ET-MARNE
F662000101;La Marne à Chalifert;2.769584347;48.898004575;77;La Marne;SEINE-ET-MARNE
F643000101;La Marne à Meaux;2.881159734;48.950720384;77;La Marne;SEINE-ET-MARNE
F643000102;La Marne à Meaux - Barrage ancien de Meaux (amont) [VNF];2.875323195;48.952574314;77;La Marne;SEINE-ET-MARNE
F643000103;La Marne à Meaux - Barrage ancien de Meaux (aval) [VNF];2.875565105;48.952299793;77;La Marne;SEINE-ET-MARNE
F664000103;La Marne à Noisiel - Après grands lacs [>1973];2.616420652;48.85945408;77;La Marne;SEINE-ET-MARNE
F664000102;La Marne à Noisiel - Avant grands lacs [<1973];2.623595978;48.858613508;77;La Marne;SEINE-ET-MARNE
F664000107;La Marne à Noisiel - Barrage de Noisiel (amont) [VNF];2.623892354;48.858620091;77;La Marne;SEINE-ET-MARNE
F664000108;La Marne à Noisiel - Barrage de Noisiel (aval) [VNF];2.575131143;48.86507032;77;La Marne;SEINE-ET-MARNE
F622000402;La Marne à la Ferté-sous-Jouarre - Station débitmétrique;3.130206111;48.947705098;77;La Marne;SEINE-ET-MARNE
F477000301;La Marsange à Neufmoutiers-en-Brie - SR65 [SYAGE];2.846684339;48.779694467;77;La Marsange;SEINE-ET-MARNE
F477000201;La Marsange à Ozouer-le-Voulgis - SR59 [SYAGE];2.784432071;48.67137344;77;La Marsange;SEINE-ET-MARNE
F477000401;La Marsange à Tournan-en-Brie - SR40 [SYAGE];2.761869407;48.737030818;77;La Marsange;SEINE-ET-MARNE
F240000104;La Seine à Bazoches-lès-Bray - Barrage de la Grande Bosse (amont);3.19661597;48.424680807;77;La Seine;SEINE-ET-MARNE
F240000105;La Seine à Bazoches-lès-Bray - Barrage de la Grande Bosse (aval);3.186909379;48.424264666;77;La Seine;SEINE-ET-MARNE
F240000101;La Seine à Bazoches-lès-Bray - Historique;3.089732416;48.389606226;77;La Seine;SEINE-ET-MARNE
F240000106;La Seine à Bazoches-lès-Bray - Station débitmétrique (depuis 2015);3.189641827;48.424836103;77;La Seine;SEINE-ET-MARNE
F240000103;La Seine à Bazoches-lès-Bray - Station débitmétrique - barrage (avant 2015);3.189736444;48.424835952;77;La Seine;SEINE-ET-MARNE
F443000101;La Seine à Bois-le-Roi - Barrage de La Cave (amont);2.708215566;48.482394126;77;La Seine;SEINE-ET-MARNE
F443000102;La Seine à Bois-le-Roi - Barrage de La Cave (aval);2.705337174;48.481703316;77;La Seine;SEINE-ET-MARNE
F447000201;La Seine à Boissise-la-Bertrand - Barrage de Vives-Eaux (amont);2.586148293;48.521452114;77;La Seine;SEINE-ET-MARNE
F447000202;La Seine à Boissise-la-Bertrand - Barrage de Vives-Eaux (aval) [VNF];2.58439309;48.524207724;77;La Seine;SEINE-ET-MARNE
F447000204;La Seine à Boissise-la-Bertrand - Dernier bassin Passe à Poisson;2.587047118;48.522765295;77;La Seine;SEINE-ET-MARNE
F447000203;La Seine à Boissise-la-Bertrand - Vives-eaux amont [VNF];2.587303008;48.520988342;77;La Seine;SEINE-ET-MARNE
F221000201;La Seine à Bray-sur-Seine;3.233729202;48.417677189;77;La Seine;SEINE-ET-MARNE
F440000101;La Seine à Champagne-sur-Seine - Barrage (amont) [VNF];2.792979973;48.399661671;77;La Seine;SEINE-ET-MARNE
F440000102;La Seine à Champagne-sur-Seine - Barrage (aval) [VNF];2.79448719;48.401184725;77;La Seine;SEINE-ET-MARNE
F221000101;La Seine à Jaulnes - Barrage (amont);3.269087325;48.420832005;77;La Seine;SEINE-ET-MARNE
F221000102;La Seine à Jaulnes - Barrage (aval);3.268675092;48.41951045;77;La Seine;SEINE-ET-MARNE
F221000103;La Seine à Jaulnes - Dernier bassin Passe à Poisson;3.26976496;48.419546021;77;La Seine;SEINE-ET-MARNE
F240000301;La Seine à Marolles-sur-Seine - Barrage (amont);3.033093192;48.388097132;77;La Seine;SEINE-ET-MARNE
F240000302;La Seine à Marolles-sur-Seine - Barrage (aval);3.032161179;48.388097389;77;La Seine;SEINE-ET-MARNE
F243000101;La Seine à Marolles-sur-Seine - Pont de St Germain Laval [VNF];2.996863834;48.393926995;77;La Seine;SEINE-ET-MARNE
F447000101;La Seine à Melun;2.658004633;48.535543099;77;La Seine;SEINE-ET-MARNE
F400000102;La Seine à Montereau-Fault-Yonne - Station débitmétrique;2.954789305;48.389658554;77;La Seine;SEINE-ET-MARNE
F400000101;La Seine à Montereau-Fault-Yonne - Station limni - Secours CT;2.954789305;48.389658554;77;La Seine;SEINE-ET-MARNE
F220000101;La Seine à Noyen-sur-Seine - Barrage du Vezoult (amont);3.322806423;48.451075625;77;La Seine;SEINE-ET-MARNE
F220000102;La Seine à Noyen-sur-Seine - Barrage du Vezoult (aval);3.322496449;48.448515853;77;La Seine;SEINE-ET-MARNE
F447000302;La Seine à Saint-Fargeau-Ponthierry - Sainte-Assise - Station débitmétrique;2.547772811;48.536875139;77;La Seine;SEINE-ET-MARNE
F400000301;La Seine à Saint-Mammès;2.807689598;48.389466217;77;La Seine;SEINE-ET-MARNE
F400000201;La Seine à Varennes-sur-Seine - Barrage (amont) DRIEAT;2.916757516;48.377168485;77;La Seine;SEINE-ET-MARNE
F400000205;La Seine à Varennes-sur-Seine - Barrage (amont) [VNF];2.916757516;48.377168485;77;La Seine;SEINE-ET-MARNE
F400000202;La Seine à Varennes-sur-Seine - Barrage (aval) [VNF];2.914099708;48.375574159;77;La Seine;SEINE-ET-MARNE
F240000201;La Seine à la Tombe - Pont de la Tombe;3.090356118;48.389242974;77;La Seine;SEINE-ET-MARNE
F641000101;La Thérouanne à Congis-sur-Thérouanne - Le Gué à Tresmes;2.963317921;49.021164126;77;La Therouanne;SEINE-ET-MARNE
F641000102;La Thérouanne à Congis-sur-Thérouanne - Le Gué à Tresmes (aval);2.963633392;49.019716535;77;La Therouanne;SEINE-ET-MARNE
F232000101;La Voulzie à Jutigny;3.235082932;48.48767463;77;La Voulzie;SEINE-ET-MARNE
F232000102;La Voulzie à Jutigny - Nouvelle station - Rive droite;3.234956193;48.487974384;77;La Voulzie;SEINE-ET-MARNE
F230000101;La Voulzie à Saint-Brice - Moulin de l'étang;3.324726714;48.555534908;77;La Voulzie;SEINE-ET-MARNE
F429000102;Le Betz à Bransles;2.823451135;48.141433054;77;Le Betz;SEINE-ET-MARNE
F429000101;Le Betz à Bransles - DREAL Bourgogne;2.823528025;48.141717277;77;Le Betz;SEINE-ET-MARNE
F658000202;Le Grand Morin [un seul bras] à Couilly-Pont-aux-Dames - Station débitmétrique;2.854749609;48.883776412;77;Le Grand Morin;SEINE-ET-MARNE
F658000401;Le Grand Morin à Condé-Sainte-Libiaire;2.829831551;48.899967868;77;Le Grand Morin;SEINE-ET-MARNE
F658000101;Le Grand Morin à Crécy-la-Chapelle - Serbonne;2.913065044;48.846322546;77;Le Grand Morin;SEINE-ET-MARNE
F652000101;Le Grand Morin à Meilleray;3.422093063;48.788292974;77;Le Grand Morin;SEINE-ET-MARNE
F658000301;Le Grand Morin à Montry;2.853984912;48.884162181;77;Le Grand Morin;SEINE-ET-MARNE
F655000101;Le Grand Morin à Pommeuse;3.013999995;48.817646356;77;Le Grand Morin;SEINE-ET-MARNE
F655000102;Le Grand Morin à Pommeuse - Rive droite provisoire;3.013873663;48.817953012;77;Le Grand Morin;SEINE-ET-MARNE
F437000201;Le Loing à Nemours;2.694227761;48.272597946;77;Le Loing;SEINE-ET-MARNE
F439000101;Le Loing à Épisy;2.78724959;48.336700511;77;Le Loing;SEINE-ET-MARNE
F438000101;Le Lunain à Paley;2.860090738;48.245647836;77;Le Lunain;SEINE-ET-MARNE
F438000201;Le Lunain à Épisy;2.774665338;48.329011708;77;Le Lunain;SEINE-ET-MARNE
F625000101;Le Petit Morin à Jouarre - Vanry;3.151509033;48.930549265;77;Le Petit Morin;SEINE-ET-MARNE
F484000101;Le Reveillon à Chevry-Cossigny - SR63 [SYAGE];2.66183506;48.727878656;77;Le Reveillon;SEINE-ET-MARNE
F486000101;Le Reveillon à Férolles-Attilly - La Jonchère;2.609493015;48.729012339;77;Le Reveillon;SEINE-ET-MARNE
F486000102;Le Reveillon à Férolles-Attilly - La Jonchère - Aval;2.609304025;48.728831834;77;Le Reveillon;SEINE-ET-MARNE
F211000202;Le canal de dérivation de Beaulieu à Villiers-sur-Seine à Melz-sur-Seine - (Ecluse de Melz Aval);3.418898513;48.48688441;77;Canal de Derivation de Beaulieu a Villiers-sur-Seine;SEINE-ET-MARNE
F211000201;Le canal de dérivation de Beaulieu à Villiers-sur-Seine à Melz-sur-Seine - Ecluse de Melz (Amont);3.42060159;48.487519808;77;Canal de Derivation de Beaulieu a Villiers-sur-Seine;SEINE-ET-MARNE
F214000101;Le canal de dérivation de Beaulieu à Villiers-sur-Seine à Villiers-sur-Seine - Ecluse Villiers (Amont);3.365921044;48.4663065;77;Canal de Derivation de Beaulieu a Villiers-sur-Seine;SEINE-ET-MARNE
F214000102;Le canal de dérivation de Beaulieu à Villiers-sur-Seine à Villiers-sur-Seine - Ecluse Villiers (aval);3.363850986;48.46555546;77;Canal de Derivation de Beaulieu a Villiers-sur-Seine;SEINE-ET-MARNE
F445000101;Le ru d'Ancoeur à Blandy;2.785544776;48.569682884;77;Ru d'Ancoeur;SEINE-ET-MARNE
F480000201;Le ru d'Avon à Guignes - SR60 [SYAGE];2.792236265;48.64114276;77;Ru d'Avon;SEINE-ET-MARNE
F449000201;Le ru de Balory à Cesson;2.592110285;48.568016558;77;Ru de Balory;SEINE-ET-MARNE
F449000401;Le ru de Balory à Savigny-le-Temple - Noisement;2.567596422;48.564088879;77;Ru de Balory;SEINE-ET-MARNE
F449000101;Le ru de Balory à Vert-Saint-Denis - La Fontaine Ronde;2.615918967;48.576182759;77;Ru de Balory;SEINE-ET-MARNE
F475000101;Le ru de Breon à Chaumes-en-Brie - SR58 [SYAGE];2.824234132;48.670125856;77;Ru de Breon;SEINE-ET-MARNE
F654000501;Le ru de Fosse-Rognon à Doue [Mélarchez];3.190120787;48.86728321;77;Ru de Fosse-Rognon;SEINE-ET-MARNE
F470000201;Le ru de l'Etang de Beuvron à Touquin;3.0364794;48.731280345;77;Ru de l'Etang de Beuvron;SEINE-ET-MARNE
F654000401;Le ru de l'Orgeval à Boissy-le-Châtel [Les Avenelles];3.118060416;48.829721101;77;Ru de l'Orgeval;SEINE-ET-MARNE
F654001201;Le ru de l'Orgeval à Saint-Germain-sous-Doue [La Gouge];3.150201463;48.855828686;77;Ru de l'Orgeval;SEINE-ET-MARNE
F663000201;Le ru de la Brosse à Bussy-Saint-Martin;2.683161317;48.848929379;77;Ru de la Brosse;SEINE-ET-MARNE
F485000101;Le ru de la Ménagerie à Ozoir-la-Ferrière - SR64 [SYAGE];2.680917734;48.77023789;77;Ru de la Menagerie;SEINE-ET-MARNE
F441000201;Le ru de la Vallée Javot à Valence-en-Brie;2.887425012;48.448386467;77;Ru de la Vallee Javot;SEINE-ET-MARNE
F472000101;Le ru des Fontaines Blanches à Rozay-en-Brie - SR53 [SYAGE];2.965642215;48.674441753;77;Ru des Fontaines Blanches;SEINE-ET-MARNE
F359000401;Le ru des Prés Hauts à Barbey;3.055327509;48.363455665;77;Ru des Pres Hauts;SEINE-ET-MARNE
F654000301;Le ru du Rognon à Boissy-le-Châtel [Le Theil];3.112141024;48.826228346;77;Ru du Rognon;SEINE-ET-MARNE
F471000201;Le ruisseau de la Visandre à Voinsles - SR52 [SYAGE];3.010339251;48.698571479;77;Ruisseau de la Visandre;SEINE-ET-MARNE
F654001001;[Collecteur de drain] à Boissy-le-Châtel - Le drain (parcelle 620m²) à Boissy-le-Châtel;3.139567339;48.823897153;77;;SEINE-ET-MARNE
F654001101;[Collecteur de drain] à Doue [Butheil] - Butheil;3.183058379;48.866943487;77;;SEINE-ET-MARNE
F449000701;[Le ru de Savigny] à Savigny-le-Temple;2.582800896;48.574551015;77;;SEINE-ET-MARNE
F654000701;[Ru de Choqueuse (intermittent)] à Jouarre [Choqueuse];3.12848917;48.882725405;77;;SEINE-ET-MARNE
F654000601;[Ru de Choqueuse (intermittent)] à Saint-Cyr-sur-Morin [Goins];3.139460677;48.885860678;77;;SEINE-ET-MARNE
F654000801;[Ru de Choqueuse] à Saint-Germain-sous-Doue [La Loge];3.134210992;48.859552892;77;;SEINE-ET-MARNE
F654000901;[Ru des Quatre Cents (intermittent)] à Doue;3.124011502;48.874834238;77;;SEINE-ET-MARNE
F465000101;L'Yvette à Lévis-Saint-Nom;1.958742326;48.719343199;78;;YVELINES
F701000201;La Bievre aux Loges-en-Josas;2.144788075;48.76930257;78;La Bievre;YVELINES
H303000201;La Guyonne à Mareil-le-Guyon;1.849978793;48.791374725;78;La Guyonne;YVELINES
H305000401;La Mauldre à Aulnay-sur-Mauldre - Centre ville;1.84204711;48.928530825;78;La Mauldre;YVELINES
H305000402;La Mauldre à Aulnay-sur-Mauldre - Usine;1.837233142;48.936893187;78;La Mauldre;YVELINES
H305000103;La Mauldre à Beynes - Aval;1.871658289;48.866567277;78;La Mauldre;YVELINES
H305000101;La Mauldre à Beynes - Mairie;1.876434368;48.856242036;78;La Mauldre;YVELINES
F712000102;La Seine à Chatou - Barrage (aval);2.164283713;48.892702188;78;La Seine;YVELINES
H308000101;La Seine à Limay [Mantes];1.725413792;48.993152596;78;La Seine;YVELINES
H308000201;La Seine à Méricourt;1.611999858;49.02364966;78;La Seine;YVELINES
H308000203;La Seine à Méricourt - Barrage (amont) [VNF];1.611852868;49.0236205;78;La Seine;YVELINES
H308000204;La Seine à Méricourt - Barrage (aval) [VNF];1.619841791;49.03164505;78;La Seine;YVELINES
H300000201;La Seine à Poissy;2.038134962;48.936992151;78;La Seine;YVELINES
H307000301;La Vaucouleurs à Mantes-la-Ville - A13;1.718439404;48.977199631;78;La Vaucouleurs;YVELINES
H307000501;La Vaucouleurs à Villette - Mairie;1.692191312;48.927534381;78;La Vaucouleurs;YVELINES
H307000401;Le bras de la Vaucouleurs à Mantes-la-Ville - Stade;1.717608341;48.978524101;78;Bras de la Vaucouleurs;YVELINES
H307000601;Le bras de la Vaucouleurs à Villette - Eglise;1.690992732;48.928298254;78;Bras de la Vaucouleurs;YVELINES
H304000201;Le ru Maldroit à Beynes - Les Chênes;1.88471383;48.85086905;78;Ru Maldroit;YVELINES
H304000101;Le ru Maldroit à Thiverval-Grignon;1.907136799;48.837692647;78;Ru Maldroit;YVELINES
H303000101;Le ru d'Elancourt à Jouars-Pontchartrain - Chennevières;1.908513673;48.794064413;78;Ru d'Elancourt;YVELINES
H305000301;Le ru de Gally à Thiverval-Grignon - Les Quatre Pignons;1.913268598;48.859235483;78;Ru de Gally;YVELINES
H305000201;Le ru de Gally à Villepreux;2.009672035;48.840941969;78;Ru de Gally;YVELINES
H303000401;Le ruisseau du Lieutel à Neauphle-le-Vieux;1.860680212;48.813127188;78;Ruisseau du Lieutel;YVELINES
H303000301;Le ruisseau du Lieutel à Vicq;1.836771845;48.814057247;78;Ruisseau du Lieutel;YVELINES
L834301001;L'Argenton à Massais [Moulin Bernard];-0.356461584;46.997660056;79;l'Argenton;DEUX-SEVRES
N412001001;L'Egray à Sainte-Ouenne;-0.456009821;46.414165711;79;l'Egray;DEUX-SEVRES
N401521001;L'Hermitain à Romans [Les Fontenelles];-0.233457641;46.376772966;79;l'Hermitain;DEUX-SEVRES
M704401010;L'Ouin à Mauléon [La Voie Moulins];-0.799789011;46.964207278;79;l'Ouin;DEUX-SEVRES
M700561010;L'Ouine au Breuil-Bernard [Les Alleuds];-0.555234501;46.701244389;79;l'Ouine;DEUX-SEVRES
L211401002;La Bouleure à Caunay [Les Planches] - Pont de Moquerat;0.077513911;46.189133593;79;la Bouleure;DEUX-SEVRES
R608001002;La Boutonne au Vert [Pont du Vert];-0.392644296;46.093497737;79;La Boutonne;DEUX-SEVRES
R608001001;La Boutonne au Vert [Pont du Vert] - Ancienne;-0.392922252;46.09317396;79;La Boutonne;DEUX-SEVRES
N601401401;La Courance à Granzay-Gript;-0.488142601;46.223771784;79;;DEUX-SEVRES
L850301001;La Dive [du Nord] à Marnes [Moulin de Retournay];-0.014762845;46.865222184;79;;DEUX-SEVRES
N430521001;La Guirande à Frontenay-Rohan-Rohan [L'Illeau];-0.548478189;46.281582504;79;la Guirande;DEUX-SEVRES
L830731001;La Scie à Nueil-les-Aubiers;-0.592457151;46.943395476;79;la Scie;DEUX-SEVRES
M700561301;La Sèvre Nantaise à l'Absie - La Chapelle Seguin;-0.532366256;46.660868806;79;la Sèvre Nantaise;DEUX-SEVRES
N401061001;La Sèvre niortaise à Azay-le-Brûlé - Pont de Ricou;-0.243385661;46.386521642;79;;DEUX-SEVRES
N430001001;La Sèvre niortaise à Coulon;-0.584437876;46.321262157;79;;DEUX-SEVRES
N430002001;La Sèvre niortaise à Magné;-0.541855028;46.315230075;79;;DEUX-SEVRES
N430062401;La Sèvre niortaise à Niort [Centre ville];-0.464392922;46.327176036;79;;DEUX-SEVRES
N430062101;La Sèvre niortaise à Niort [La Tiffardière - Bief capteur];-0.517659868;46.331618712;79;;DEUX-SEVRES
N430062201;La Sèvre niortaise à Niort [La Tiffardière - Bras principal];-0.516439252;46.330646868;79;;DEUX-SEVRES
N430062002;La Sèvre niortaise à Niort [La Tiffardière - Pont];-0.519994695;46.328472928;79;;DEUX-SEVRES
N430062001;La Sèvre niortaise à Niort [La Tiffardière - Pont] - Ancienne;-0.519994695;46.328472928;79;;DEUX-SEVRES
N430062003;La Sèvre niortaise à Niort [La Tiffardière - Pont] - Très ancienne;-0.519994695;46.328472928;79;;DEUX-SEVRES
N401061002;La Sèvre niortaise à Saint-Maixent-l'École;-0.200805195;46.409506766;79;;DEUX-SEVRES
N430521201;La Sèvre niortaise à Saint-Maxire;-0.474915203;46.396591768;79;;DEUX-SEVRES
N400061001;La Sèvre niortaise à Sainte-Eanne [Pont de Mounée];-0.168908514;46.392625684;79;;DEUX-SEVRES
N411062001;La Sèvre niortaise à Échiré [Château Salbart];-0.427853463;46.405938909;79;;DEUX-SEVRES
N411062002;La Sèvre niortaise à Échiré [Château Salbart];-0.427853463;46.405938909;79;;DEUX-SEVRES
L811401001;La Viette à Beaulieu-sous-Parthenay [Pont de la Borde];-0.257403785;46.588130131;79;la Viette;DEUX-SEVRES
L811402001;La Viette à Parthenay;-0.263193443;46.623418501;79;la Viette;DEUX-SEVRES
L221301001;La Vonne à Ménigoute [Pont de la Barre];-0.081981751;46.496863864;79;la Vonne;DEUX-SEVRES
N410403001;Le Chambon à Azay-le-Brûlé - Pont de Bedane;-0.301323246;46.404326182;79;le Chambon;DEUX-SEVRES
N410402001;Le Chambon à Saint-Georges-de-Noisné [Moulin des Isles];-0.234100498;46.505943754;79;le Chambon;DEUX-SEVRES
N410401001;Le Chambon à Saivres [Donia Maunay];-0.215549917;46.440850716;79;le Chambon;DEUX-SEVRES
N410403002;Le Chambon à la Crèche - Loubigné;-0.32722866;46.387954642;79;le Chambon;DEUX-SEVRES
L813401001;Le Cébron à Gourgé [Le Champ des Balastières];-0.219231593;46.728585067;79;le Cébron;DEUX-SEVRES
L813401002;Le Cébron à Gourgé [Le Champ des Balastières] - Orfeuille;-0.211198356;46.752951926;79;le Cébron;DEUX-SEVRES
L813402001;Le Cébron à Saint-Loup-Lamairé [Puy Terrier];-0.19111622;46.77429523;79;le Cébron;DEUX-SEVRES
N420401001;Le Lambon à Fressines [Vaumoreau];-0.320105982;46.326713951;79;le Lambon;DEUX-SEVRES
N420001001;Le Lambon à Mougon;-0.259529815;46.306139587;79;le Lambon;DEUX-SEVRES
N600302002;Le Mignon à Mauzé-sur-le-Mignon;-0.684547729;46.210144599;79;;DEUX-SEVRES
N600302001;Le Mignon à Mauzé-sur-le-Mignon - Moulin-Neuf;-0.683607474;46.208327077;79;;DEUX-SEVRES
N600301001;Le Mignon à Usseau [Madrid];-0.573431266;46.16879325;79;;DEUX-SEVRES
L811641001;Le Palais au Tallud [Boisseau];-0.285745826;46.649206178;79;le Palais;DEUX-SEVRES
N400061601;Le Pamproux à Sainte-Eanne - La Villedieu de Comblé;-0.123181618;46.377036147;79;le Pamproux;DEUX-SEVRES
L820301001;Le Thouaret à Faye-l'Abbesse [La Rochette];-0.347789199;46.823805383;79;le Thouaret;DEUX-SEVRES
L821301001;Le Thouaret à Luzay [La Planche];-0.186866203;46.922966639;79;le Thouaret;DEUX-SEVRES
L810211001;Le Thouet au Tallud [La Pèchellerie];-0.299662895;46.626456218;79;le Thouet;DEUX-SEVRES
L812211003;Le Thouet à Châtillon-sur-Thouet;-0.239345489;46.657403162;79;le Thouet;DEUX-SEVRES
L822211001;Le Thouet à Missé [Missé];-0.191248779;46.952492153;79;le Thouet;DEUX-SEVRES
L812211002;Le Thouet à Parthenay - Passerelle Saint-Jacques;-0.251120808;46.653176631;79;le Thouet;DEUX-SEVRES
L812211001;Le Thouet à Parthenay - Pompairin;-0.23206401;46.657329357;79;le Thouet;DEUX-SEVRES
L812211004;Le Thouet à Parthenay - passerelle Godineau;-0.247095768;46.653298941;79;le Thouet;DEUX-SEVRES
L814211001;Le Thouet à Saint-Généroux [Pont de Saint-Généroux];-0.139912183;46.883600346;79;le Thouet;DEUX-SEVRES
L812212001;Le Thouet à Saint-Loup-Lamairé [Pont de Saint-Loup];-0.166850805;46.786083352;79;le Thouet;DEUX-SEVRES
L812212004;Le Thouet à Saint-Loup-Lamairé [Pont de Saint-Loup] - Boussin;-0.172030814;46.763977532;79;le Thouet;DEUX-SEVRES
L812212003;Le Thouet à Saint-Loup-Lamairé [Pont de Saint-Loup] - Moulin de Remue;-0.167852353;46.76977247;79;le Thouet;DEUX-SEVRES
L823211001;Le Thouet à Sainte-Radegonde [Vrines];-0.246205042;46.997211202;79;le Thouet;DEUX-SEVRES
L810210501;Le Thouet à Secondigny [Frécul];-0.399397341;46.60323422;79;le Thouet;DEUX-SEVRES
L830301001;[L'Argent] à Nueil-les-Aubiers [La Touche au Port];-0.647991139;46.914700999;79;;DEUX-SEVRES
L830301002;[L'Argent] à Nueil-les-Aubiers [La Touche au Port] - Pont Féron;-0.653968808;46.907976839;79;;DEUX-SEVRES
E645651701;L'Airaines à Longpré-les-Corps-Saints;1.994758437;50.014721031;80;Rivière d'Airaines;SOMME
E638607001;L'Ancre à Bonnay;2.513474346;49.936083687;80;Ancre;SOMME
E550572501;L'Authie à Authieule - - Fermée;2.371995368;50.140945439;80;Authie;SOMME
E550572001;L'Authie à Dompierre-sur-Authie;1.918440248;50.304503446;80;Authie;SOMME
E550572601;L'Authie à Occoches;2.266534698;50.171784401;80;Authie;SOMME
E550572701;L'Authie à Villers-sur-Authie;1.690236694;50.338442634;80;Authie;SOMME
E640600202;L'Avre à Longueau - débit;2.34431748;49.876399529;80;Avre;SOMME
E640600201;L'Avre à Longueau - fermé;2.344251595;49.876390688;80;Avre;SOMME
E640601001;L'Avre à Moreuil;2.486282645;49.769372144;80;Avre;SOMME
E640603501;L'Avre à Saint-Mard;2.768249883;49.693970843;80;Avre;SOMME
E640603001;L'Avre à l'Échelle-Saint-Aurin;2.726546412;49.695754276;80;Avre;SOMME
E639701001;L'Hallue à Bavelincourt;2.457839129;49.98952943;80;Rivière d'Hallue;SOMME
E639703002;L'Hallue à Querrieu;2.434890904;49.937731173;80;Rivière d'Hallue;SOMME
E639703001;L'Hallue à Querrieu - ancienne;2.434795076;49.937587002;80;Rivière d'Hallue;SOMME
E649831501;La Maye à Arry;1.725030517;50.276008772;80;Maye;SOMME
E645651601;La Nièvre à Flixecourt - Pont SNCF;2.066759638;50.011503063;80;Nièvre;SOMME
E645651001;La Nièvre à l'Étoile;2.048427676;50.009314884;80;Nièvre;SOMME
E640754001;La Noye à Dommartin;2.3881279;49.796122064;80;Noye;SOMME
E642601001;La Selle à Plachy-Buyon;2.215512139;49.816530425;80;Selle ou Somme;SOMME
E647091001;La Somme canalisée à Abbeville - Epagne-Epagnette - Fermée;1.830539295;50.099791278;80;La Somme Canalisée;SOMME
E647091003;La Somme canalisée à Abbeville - Pont ferroviaire;1.827565705;50.09200724;80;La Somme Canalisée;SOMME
E647091002;La Somme canalisée à Abbeville - Station ultrason - Fermée;1.82974807;50.094496148;80;La Somme Canalisée;SOMME
E648093001;La Somme canalisée à Boismont;1.688184142;50.160605402;80;La Somme Canalisée;SOMME
E640091001;La Somme canalisée à Lamotte-Brebière;2.401625626;49.884784733;80;La Somme Canalisée;SOMME
E633095001;La Somme canalisée à Éclusier-Vaux;2.786970186;49.937426495;80;La Somme Canalisée;SOMME
E635142602;La Somme à Biaches - Amont siphon de Halles;2.900864145;49.937406181;80;La Somme Rivière;SOMME
E635142601;La Somme à Biaches - Aval;2.900056365;49.937672682;80;La Somme Rivière;SOMME
E635140201;La Somme à Bray-sur-Somme;2.718267065;49.936717727;80;La Somme Rivière;SOMME
E635142001;La Somme à Ham - Centre [Ancienne];3.08597417;49.750283216;80;La Somme Rivière;SOMME
E635142002;La Somme à Ham - Estouilly;3.084837078;49.750275028;80;La Somme Rivière;SOMME
E644000101;La Somme à Hangest-sur-Somme;2.067637902;49.982681016;80;;SOMME
E635142501;La Somme à Péronne;2.899962298;49.935977182;80;;SOMME
E649563001;Le Canal d'Abbeville [Contre fossé rive gauche] à Boismont;1.687890346;50.16007236;80;Contre Fossé Rg Canal Maritime d'Abbeville à Saint Valéry sur Somme;SOMME
E648093401;Le Scardon à Abbeville;1.827061308;50.114203242;80;Scardon;SOMME
O405000101;L'Agout à Anglès [La Raviège];2.595897064;43.595197095;81;L'Agout;TARN
O414252001;L'Agout à Anglès [Raviège] - Les Cabannes;2.603951988;43.595185989;81;L'Agout;TARN
O415251001;L'Agout à Brassac;2.497166878;43.629836035;81;L'Agout;TARN
O416251001;L'Agout à Castelnau-de-Brassac [Saint-Agnan];2.479984764;43.639446095;81;L'Agout;TARN
O422251001;L'Agout à Castres - Ancien;2.243030608;43.60639891;81;L'Agout;TARN
O422251003;L'Agout à Castres - HE;2.24247922;43.60501836;81;L'Agout;TARN
O422251002;L'Agout à Castres - Tutelle;2.261718874;43.614868726;81;L'Agout;TARN
O425251001;L'Agout à Castres [Clot];2.222054099;43.593599465;81;L'Agout;TARN
O414252002;L'Agout à Lamontélarié [Raviège] - Aval;2.591273645;43.596456612;81;L'Agout;TARN
O469251002;L'Agout à Lavaur - Bel Air [Ancienne];1.80797828;43.711997094;81;L'Agout;TARN
O469251003;L'Agout à Lavaur - Pont de Lavaur;1.822910163;43.701405443;81;L'Agout;TARN
O469251001;L'Agout à Saint-Jean-de-Rives - Amont [Ancienne];1.788311199;43.72384815;81;L'Agout;TARN
O480252002;L'Agout à Saint-Lieux-lès-Lavaur [Le Port];1.769755999;43.76039436;81;L'Agout;TARN
O480252001;L'Agout à Saint-Lieux-lès-Lavaur [Le Port] - aval;1.764009012;43.765468145;81;L'Agout;TARN
O460251001;L'Agout à Vielmur-sur-Agout;2.092531936;43.618597244;81;L'Agout;TARN
O415521001;L'Agrès à Castelnau-de-Brassac [Jaladieu];2.56154339;43.628477122;81;Ruisseau des Agrès;TARN
O435000101;L'Arn au Vintrou [EDF - Saints-Peyres];2.49129604;43.53833416;81;L'Arn;TARN
O436432001;L'Arn à Anglès [Bourcavala];2.490863585;43.537508056;81;L'Arn;TARN
O434000101;L'Arn à Anglès [EDF -Les Taillades];2.577137554;43.534585424;81;L'Arn;TARN
O433501001;L'Arnette à Mazamet - Hautpoul;2.398186812;43.448249207;81;L'Arnette;TARN
O433501002;L'Arnette à Mazamet - Moulin de l'Oule;2.378169895;43.477925418;81;L'Arnette;TARN
O433503001;L'Arnette à Mazamet [aval];2.382108892;43.499982102;81;L'Arnette;TARN
O476000201;L'Assou à Laboutarie [Escribe] - Escribe;2.125471169;43.788074489;81;L'Assou;TARN
O437521001;Le Bouyssou à Pont-de-Larn;2.454494753;43.529188686;81;Ruisseau du Bouyssou;TARN
O566401001;Le Cérou à Milhars;1.88256676;44.127639306;81;Le Cérou;TARN
O563000101;Le Cérou à Monestiés - Canitrot;2.127885313;44.061732334;81;Le Cérou;TARN
O562403001;Le Cérou à Monestiés - Côte du Parc;2.125012734;44.062509653;81;Le Cérou;TARN
O562403002;Le Cérou à Rosières - Rosières;2.177517959;44.045761332;81;Le Cérou;TARN
O562402001;Le Cérou à Valderiès [Maux];2.24697274;44.041085818;81;Le Cérou;TARN
O477402001;Le Dadou à Graulhet;1.990275576;43.762787417;81;Le Dadou;TARN
O479404001;Le Dadou à Graulhet [La Jonquière];1.960869032;43.773184216;81;Le Dadou;TARN
O477401001;Le Dadou à Montdragon;2.091662296;43.778366681;81;Le Dadou;TARN
O470403001;Le Dadou à Rayssac [Saint-Jean-de-Jeanne];2.440723322;43.822188068;81;Le Dadou;TARN
O475401001;Le Dadou à Vénès;2.19213675;43.76118658;81;Le Dadou;TARN
O424401001;Le Durenque à Boissezon;2.377586155;43.575229541;81;La Durenque;TARN
O431641001;Le Galinas [Ravaille] à Albine;2.547866713;43.446340937;81;Ruisseau de Galinas;TARN
O419433002;Le Gijou à Vabre - HE;2.426336402;43.694002798;81;Le Gijou;TARN
O419433004;Le Gijou à Vabre - HG;2.419238142;43.692003487;81;Le Gijou;TARN
O419433003;Le Gijou à Vabre - Rocalé;2.416703311;43.682748557;81;Le Gijou;TARN
O419433001;Le Gijou à Vabre - ancien;2.426089194;43.693920509;81;Le Gijou;TARN
O230402001;Le Girou à Maurens-Scopont;1.807960761;43.582897924;81;Le Girou;TARN
O421000201;Le Lignon à Burlats;2.319301335;43.642277119;81;Le Lignon;TARN
O474561001;Le Lézert à Roumégoux [La Bancalié];2.283005184;43.804388242;81;Le Lézert;TARN
O553401001;Le Lézert à Saint-Julien-du-Puy [Port de la Besse];2.197464064;44.164046166;81;Le Lézert;TARN
O377401001;Le Rance à Curvalle;2.535661184;43.927509266;81;Le Rance;TARN
O413541001;Le Rieufrech à Nages [Les Crozes];2.703628386;43.659019577;81;Le Rieufrech;TARN
O454402001;Le Sor à Cambounet-sur-le-Sor;2.114605913;43.576733274;81;Le Sor;TARN
O451403001;Le Sor à Garrevaques;1.966930264;43.495985588;81;Le Sor;TARN
O452401001;Le Sor à Poudis;1.990778147;43.520270215;81;Le Sor;TARN
O400101001;Le Tarn à Albi;2.144080228;43.931686232;81;Le Tarn;TARN
O402101001;Le Tarn à Albi [Mas Lasborde];2.121113406;43.943150076;81;Le Tarn;TARN
O384000201;Le Tarn à Ambialet - (Pécotte - DREAL);2.325431465;43.932488397;81;Le Tarn;TARN
O384000202;Le Tarn à Ambialet - Le Tarn à Marsal [Pécotte - EDF];2.324339432;43.932591328;81;Le Tarn;TARN
O408101001;Le Tarn à Rabastens [Saint-Sulpice];1.684401767;43.786225759;81;Le Tarn;TARN
O438401001;Le Thoré à Aussillon [Pont de Rigautou];2.371994311;43.516209203;81;Le Thoré;TARN
O439402001;Le Thoré à Caucalières;2.305483205;43.522039094;81;Le Thoré;TARN
O439401001;Le Thoré à Labruguière;2.295747965;43.534491931;81;Le Thoré;TARN
O439403001;Le Thoré à Labruguière;2.265071352;43.5397591;81;Le Thoré;TARN
O432401001;Le Thoré à Saint-Amans-Valtoret [Parc Cabrol];2.463484214;43.488205952;81;Le Thoré;TARN
O431401001;Le Thoré à Sauveterre [La Bourgade];2.547156854;43.473539268;81;Le Thoré;TARN
O548291001;Le Viaur à Pampelonne [Thuries];2.261293131;44.126033214;81;Le Viaur;TARN
O557291001;Le Viaur à Saint-Martin-Laguépie [2];1.969076275;44.142784319;81;Le Viaur;TARN
O413401001;Le Vèbre à Nages [Laouzas];2.756669915;43.636575262;81;La Vèbre;TARN
O478000201;Le ruisseau d'Agros à Graulhet - La Mozelle;2.000977233;43.772146417;81;Ruisseau d'Agros;TARN
O431671001;Le ruisseau d'Enbarthe [Sourque] à Albine;2.52766982;43.445777963;81;Ruisseau d'Enbarthe;TARN
O464000201;Le ruisseau d'en Guibaud à Guitalens-L'Albarède [Camp-Redon] - Camp-Redon;2.023670576;43.64312681;81;Ruisseau d'en Guibaud;TARN
O462000101;Le ruisseau de Bagas à Cuq [La Mouline];2.102658872;43.647424793;81;Ruisseau de Bagas;TARN
O431691001;Le ruisseau de la Resse [Moulina] à Albine;2.518551605;43.447897077;81;Ruisseau de la Resse;TARN
O455000201;Le ruisseau du Bernazobre à Soual;2.135047819;43.570455419;81;Ruisseau du Bernazobre;TARN
O576251001;L'Aveyron à Bruniquel [Montricoux];1.616703654;44.072980581;82;L'Aveyron;TARN-ET-GARONNE
O529251001;L'Aveyron à Laguépie [1];1.973581508;44.151828008;82;L'Aveyron;TARN-ET-GARONNE
O560251001;L'Aveyron à Laguépie [3];1.953743056;44.150686358;82;L'Aveyron;TARN-ET-GARONNE
O588251001;L'Aveyron à Montauban [Loubéjac];1.340482605;44.091553707;82;L'Aveyron;TARN-ET-GARONNE
O588251002;L'Aveyron à Montauban [Loubéjac] - Origine;1.340482605;44.091553707;82;L'Aveyron;TARN-ET-GARONNE
O578251001;L'Aveyron à Nègrepelisse;1.517301032;44.082279057;82;L'Aveyron;TARN-ET-GARONNE
O560252001;L'Aveyron à Varen;1.895957753;44.158042484;82;L'Aveyron;TARN-ET-GARONNE
O613401001;La Barguelonne à Castelsagrat [Fourquet];0.997542607;44.169760163;82;La Barguelonne;TARN-ET-GARONNE
O568501001;La Bonnette à Saint-Antonin-Noble-Val;1.748068909;44.172250995;82;La Bonnette;TARN-ET-GARONNE
O568501002;La Bonnette à Saint-Antonin-Noble-Val;1.754513751;44.161243077;82;La Bonnette;TARN-ET-GARONNE
O614001001;La Garonne à Lamagistère;0.831075405;44.121025182;82;La Garonne;TARN-ET-GARONNE
O614001002;La Garonne à Lamagistère - Origine;0.831298504;44.121074616;82;La Garonne;TARN-ET-GARONNE
O600001001;La Garonne à Malause;0.984613465;44.083909338;82;La Garonne;TARN-ET-GARONNE
O264001001;La Garonne à Mas-Grenier;1.20375087;43.887982249;82;La Garonne;TARN-ET-GARONNE
O290002001;La Garonne à Saint-Aignan [Tres Casses];1.078559631;44.022640858;82;La Garonne;TARN-ET-GARONNE
O262002001;La Garonne à Verdun-sur-Garonne - HE;1.241709906;43.850859247;82;La Garonne;TARN-ET-GARONNE
O262002002;La Garonne à Verdun-sur-Garonne - HG;1.242405507;43.854487001;82;La Garonne;TARN-ET-GARONNE
O286331001;La Gimone à Beaumont-de-Lomagne;0.992065003;43.879468398;82;La Gimone;TARN-ET-GARONNE
O288000101;La Gimone à Cordes-Tolosannes [Castelferrus];1.110591544;43.997667505;82;La Gimone;TARN-ET-GARONNE
O585401001;La Lère à Réalville;1.480728196;44.127004402;82;Rivière la Lère;TARN-ET-GARONNE
O567000101;La Seye à Varen - Seye;1.859917174;44.147446647;82;La Seye;TARN-ET-GARONNE
O575402001;La Vère à Bruniquel [La Gauterie];1.67293211;44.024127486;82;La Vère;TARN-ET-GARONNE
O575401001;La Vère à Nègrepelisse [Larroque];1.692083676;44.002278104;82;La Vère;TARN-ET-GARONNE
O582000101;Le Cande à Puylaroque - Cande;1.5956798;44.254695176;82;Bras du Cande;TARN-ET-GARONNE
O596402001;Le Lemboulas à Lafrançaise [Lunel];1.203286249;44.136924094;82;Le Lemboulas;TARN-ET-GARONNE
O590101001;Le Tarn aux Barthes - Rouby [Ancienne];1.15478792;44.102060287;82;Le Tarn;TARN-ET-GARONNE
O590101002;Le Tarn à Lizac - Sainte-Livrade;1.165945876;44.117138416;82;Le Tarn;TARN-ET-GARONNE
O598101001;Le Tarn à Moissac [aval];1.082774527;44.097960765;82;Le Tarn;TARN-ET-GARONNE
O494101001;Le Tarn à Montauban;1.348811713;44.01692151;82;Le Tarn;TARN-ET-GARONNE
O499103001;Le Tarn à Villemade;1.270731767;44.084826239;82;Le Tarn;TARN-ET-GARONNE
O498431001;Le Tescou à Montauban;1.360782443;44.003449831;82;Le Tescou;TARN-ET-GARONNE
O498432001;Le Tescou à Saint-Nauphary;1.431956993;43.966039725;82;Le Tescou;TARN-ET-GARONNE
O284000101;Le bras de la Gimone à Maubec [Moulin de Maubec];0.912271602;43.815234649;82;Bras de la Gimone;TARN-ET-GARONNE
O568501101;Le ruisseau de la Gourgue à Saint-Antonin-Noble-Val - Gourgue;1.740117469;44.187904356;82;Ruisseau de la Gourgue;TARN-ET-GARONNE
O498432101;Le ruisseau des Marios [Les Marres] à Saint-Nauphary;1.469387885;43.955371232;82;Ruisseau des Marios;TARN-ET-GARONNE
Y550541001;L'Agay [Le Grenouiller] à Saint-Raphaël;6.849333487;43.443214258;83;L'Agay;VAR
Y521501001;L'Aille au Cannet-des-Maures [Reillanne];6.374524792;43.353919335;83;L'Aille;VAR
Y521502001;L'Aille à Vidauban [Le Baou];6.453774595;43.395388;83;L'Aille;VAR
Y521502002;L'Aille à Vidauban [Le Baou] - Aval (Pont Rouge);6.455849953;43.397174752;83;L'Aille;VAR
Y400201002;L'Arc à Pourrières - D 23;5.726685392;43.487215824;83;L'Arc;VAR
Y400201001;L'Arc à Pourrières - Feyssac;5.726685392;43.487215824;83;L'Arc;VAR
Y500202001;L'Argens [source] à Seillons-Source-d'Argens;5.908039265;43.503079877;83;L'Argens;VAR
Y520201001;L'Argens aux Arcs - RN 7;6.471459034;43.446606703;83;L'Argens;VAR
Y500201001;L'Argens à Bras [Clos-d'Auran];5.937186444;43.494338845;83;L'Argens;VAR
Y503202001;L'Argens à Carcès [amont];6.166256588;43.468981513;83;L'Argens;VAR
Y511201001;L'Argens à Carcès [aval];6.196413503;43.477786448;83;L'Argens;VAR
Y503201001;L'Argens à Châteauvert;6.026203441;43.499943988;83;L'Argens;VAR
Y531201001;L'Argens à Roquebrune-sur-Argens;6.633085405;43.449731009;83;L'Argens;VAR
X241404001;L'Artuby à Bargème [Moulin];6.537394936;43.742200014;83;L'Artuby;VAR
X242401001;L'Artuby à Comps-sur-Artuby [Guent];6.503413408;43.670962686;83;L'Artuby;VAR
X241402001;L'Artuby à Comps-sur-Artuby [Le Colombier];6.534673721;43.718265561;83;L'Artuby;VAR
X241403001;L'Artuby à la Bastide [Taulane];6.62193106;43.763890338;83;L'Artuby;VAR
X241401001;L'Artuby à la Martre [Plan d'Anelle];6.566971013;43.763024465;83;L'Artuby;VAR
Y502000201;L'Eau Salée à Barjols [Bas Pirioux - D554- SMA];6.010390406;43.533862335;83;L'Eau Salée;VAR
Y530501501;L'Endre au Muy;6.589605714;43.5033105;83;L'Endre;VAR
Y530501001;L'Endre au Muy [La Combe];6.595051816;43.472073277;83;L'Endre;VAR
Y530503001;L'Endre à Callas [Gandy];6.608341981;43.552176464;83;L'Endre;VAR
Y530502001;L'Endre à la Motte [Les Petits Esclans];6.578733131;43.527155377;83;L'Endre;VAR
Y441401001;L'Huveaune à Saint-Zacharie;5.738103326;43.381982866;83;L'Huveaune;VAR
Y441401501;L'Huveaune à Saint-Zacharie [Le Moulin blanc];5.699750735;43.380390306;83;L'Huveaune;VAR
Y510661001;L'Issole à Cabasse [Pont des Fées];6.222379191;43.443354545;83;L'Issole;VAR
Y510661801;L'Issole à Forcalqueiret [Pont de la D43 - SMA];6.088788627;43.342055684;83;L'Issole;VAR
Y511502101;La Bresque à Entrecasteaux [Pimaquet - D562 - SMA];6.238287653;43.487815134;83;La Bresque;VAR
Y511502002;La Bresque à Salernes [Les Vingalières];6.231291457;43.562732261;83;La Bresque;VAR
Y511502001;La Bresque à Salernes [Les Vingalières] - Boulodrome;6.233832443;43.560399977;83;La Bresque;VAR
Y503202101;La Cassole à Cotignac [Chemin de Peyrane - SMA];6.163090142;43.504529131;83;La Cassole;VAR
Y523581001;La Foux à Trans-en-Provence;6.478203283;43.512873616;83;La Foux;VAR
Y544501001;La Garde à Grimaud;6.52008037;43.277124489;83;La Garde;VAR
Y544501201;La Garde à Grimaud - Pont de Calade;6.538197611;43.273719947;83;La Garde;VAR
Y545000601;La Garonnette à Roquebrune-sur-Argens;6.676929289;43.343408284;83;La Garonnette;VAR
Y544501101;La Giscle [Pont de bois RD 14] à Grimaud [Pont de bois];6.502970144;43.272179151;83;La Giscle;VAR
Y542401001;La Giscle à Cogolin;6.532038221;43.256701597;83;La Giscle;VAR
Y544401001;La Giscle à Cogolin [Les Ajusts];6.552562047;43.254450483;83;La Giscle;VAR
Y543501001;La Môle au Lavandou [Destel];6.440887014;43.206097893;83;La Môle;VAR
Y543621201;La Môle à la Môle - RD27 - Pont de l'Aéroport;6.474097719;43.20303532;83;La Môle;VAR
Y523563001;La Nartuby d'Ampus [source] à Châteaudouble;6.424117101;43.589055089;83;La Nartuby d'Ampus;VAR
Y523562001;La Nartuby d'Ampus à Ampus [Notre-Dame du Plan];6.367611187;43.622487136;83;La Nartuby d'Ampus;VAR
Y523561001;La Nartuby d'Ampus à Châteaudouble;6.424132127;43.589306784;83;La Nartuby d'Ampus;VAR
Y523503001;La Nartuby à Châteaudouble [Rebouillon];6.423513865;43.576249578;83;La Nartuby;VAR
Y523581101;La Nartuby à Draguignan - La Clape;6.425676491;43.5591723;83;La Nartuby;VAR
Y523501001;La Nartuby à Trans-en-Provence [CD 555] - Décathlon;6.482789143;43.505032143;83;La Nartuby;VAR
Y523501002;La Nartuby à Trans-en-Provence [CD 555] - Pont des Écoles;6.483990449;43.50451462;83;La Nartuby;VAR
Y451542001;La Reppe à Ollioules [Le Grand Plan];5.837099498;43.125490732;83;La Reppe;VAR
Y451541001;La Reppe à Sanary-sur-Mer;5.81593806;43.120512808;83;La Reppe;VAR
Y551601001;La Siagne [source] à Montauroux - Source des Tuves;6.790580148;43.642049875;83;La Siagne;VAR
Y551404001;La Siagne à Callian [Ajustadoux];6.762054734;43.664602751;83;La Siagne;VAR
Y551552001;La Siagnole [sources] à Mons [canal Jourdan];6.708578361;43.682316847;83;La Siagnole;VAR
Y551553001;La Siagnole [surverse] à Mons;6.705710763;43.681928187;83;La Siagnole;VAR
Y551541001;La Siagnole à Mons [Le Moulin];6.717098486;43.67723358;83;La Siagnole;VAR
Y551551001;La Siagnole à Mons [canal romain];6.706000441;43.681801209;83;La Siagnole;VAR
Y543621001;La Verne à la Môle [Les Cabris];6.463787978;43.220139605;83;La Verne;VAR
Y540521001;Le Batailler à Bormes-les-Mimosas [La Verrerie];6.311551852;43.154706121;83;Le Batailler;VAR
Y541000101;Le Bourrian [lit mineur Bourrian] à Gassin [CTM Gassin];6.571890238;43.24528499;83;Le Bourrian;VAR
Y510661601;Le Caramy [Caramy aval Barrage] à Carcès - Station Chapelle;6.206817562;43.466698831;83;Le Caramy;VAR
Y510504001;Le Caramy [source] à Mazaugues;5.924059183;43.34550177;83;Le Caramy;VAR
Y510661701;Le Caramy à Brignoles [Les Censiés - Pont de la D5 - SMA];6.005846347;43.402288796;83;Le Caramy;VAR
Y510502001;Le Caramy à Mazaugues [Vallon d'Agas];5.920317012;43.36024944;83;Le Caramy;VAR
Y510501001;Le Caramy à Vins-sur-Caramy [Les Marcounious];6.17347747;43.441010999;83;Le Caramy;VAR
Y500521201;Le Cauron à Bras - Amont du Pont des Allées;5.95017454;43.472418594;83;Le Cauron;VAR
Y500521001;Le Cauron à Bras [Pont de l'Avocade];5.952797816;43.494184863;83;Le Cauron;VAR
Y462401001;Le Gapeau à Hyères [Sainte-Eulalie];6.149729619;43.147115398;83;Le Gapeau;VAR
Y460402201;Le Gapeau à Signes - Cancérilles;5.923113095;43.275330516;83;Le Gapeau;VAR
Y460402001;Le Gapeau à Solliès-Pont;6.038024246;43.19256667;83;Le Gapeau;VAR
Y460402301;Le Gapeau à la Crau - RD 554B;6.078853046;43.155113209;83;Le Gapeau;VAR
Y451501001;Le Grand Vallat au Castellet;5.771621113;43.173799544;83;Le Grand Vallat;VAR
X230501001;Le Jabron à Comps-sur-Artuby [Pont de l'Evescat];6.513243131;43.755407107;83;Le Jabron;VAR
Y452000102;Le Las [Le Las] au Revest-les-Eaux - Mesure du débit réservé - Barrage de Dardennes;5.930455437;43.173831793;83;Le Las;VAR
Y545000201;Le Préconil au Plan-de-la-Tour [RD 44];6.544418472;43.329618609;83;Le Préconil;VAR
Y545000401;Le Préconil à Sainte-Maxime [Virgiles] - Pont Virgiles;6.624498936;43.321739895;83;Le Préconil;VAR
Y545000301;Le Préconil à Sainte-Maxime [ZA Camp ferrat] - STACO;6.602290598;43.326363639;83;Le Préconil;VAR
Y532501001;Le Reyran à Fréjus [Sainte-Brigitte];6.742475905;43.47290936;83;Le Reyran;VAR
Y532501002;Le Reyran à Fréjus [Sainte-Brigitte] - Aval;6.74185071;43.472670157;83;Le Reyran;VAR
Y461502801;Le Réal Collobrier à Collobrières;6.312503127;43.237359003;83;Le Réal Collobrier;VAR
Y461502701;Le Réal Collobrier à Pierrefeu-du-Var [Pont de Fer];6.218963638;43.23624225;83;Le Réal Collobrier;VAR
Y461502702;Le Réal Collobrier à Pierrefeu-du-Var [Pont de Fer] - Station amont pont;6.218997347;43.23627369;83;Le Réal Collobrier;VAR
Y461502901;Le Réal Martin à Pierrefeu-du-Var - Portanière;6.169644056;43.246469105;83;Le Réal Martin;VAR
Y461501001;Le Réal Martin à Puget-Ville [Les Jacarels];6.184375674;43.263388379;83;Le Réal Martin;VAR
Y461502001;Le Réal Martin à la Crau [Decapris];6.111718636;43.18656239;83;Le Réal Martin;VAR
Y501000301;Le Vallon de Font Taillade à Brue-Auriac [Aval Brue - SMA];5.953929601;43.525589546;83;Vallon de Font Taillade;VAR
Y461112001;Le Vallon de Rouves Gavot à Collobrières;6.342657801;43.278124234;83;Vallon de Rouves Gavot;VAR
Y512561001;Le Vallon de Saint-Peyre à Lorgues;6.328592928;43.503692625;83;Vallon de Saint-Peyre;VAR
Y470541001;Le Vallon du Jus du Péou à la Londe-les-Maures [Valcros];6.304135422;43.188864619;83;Vallon du Jus du Péou;VAR
X281121002;Le Verdon [Aval de la confluence d'un canal ouvrage EDF et du cours d'eau naturel] à Vinon-sur-Verdon [Le Hameau];5.813477005;43.727793087;83;Le Verdon;VAR
X281121001;Le Verdon [Aval de la confluence d'un canal ouvrage EDF et du cours d'eau naturel] à Vinon-sur-Verdon [Le Hameau] - Pont;5.812986788;43.727784815;83;Le Verdon;VAR
X281121101;Le Verdon à Vinon-sur-Verdon [Vinon-Gréoux - EDF];5.927716915;43.750244355;83;Le Verdon;VAR
Y552000201;Le riou Blanc à Tourrettes [La Camandre à Tourrettes];6.714288172;43.604900804;83;Riou Blanc;VAR
Y520201201;Le ruisseau Florièye à Lorgues [St Barthélémy - D562 - SMA];6.399789874;43.496238598;83;Ruisseau Florièye;VAR
Y542401201;Le ruisseau de Grenouille à Cogolin;6.517636605;43.258613391;83;Ruisseau de Grenouille;VAR
Y545000501;Vallon de Bouillonnet à Sainte-Maxime [Bouillonnet] - Pont chemin du Bouillonnet;6.636315946;43.319823543;83;Vallon de Bouillonnet;VAR
Y545000701;Vallon du Couloubrier à Sainte-Maxime;6.607459247;43.330066239;83;Vallon du Couloubrier;VAR
Y552000301;[Camiole] à Callian;6.73800922;43.620572319;83;;VAR
Y453701001;[La Garonne] à Hyères [Ile de Porquerolles];6.202323157;43.000039799;83;;VAR
V535401001;L'Aigue à Orange;4.801245766;44.159504248;84;L'Aigue;VAUCLUSE
V535401002;L'Aigue à Orange - Pont de Camaret;4.856425772;44.174807638;84;L'Aigue;VAUCLUSE
V521402701;L'Aulière à Richerenches;4.892831159;44.363217066;84;L'Aulière;VAUCLUSE
V612501301;L'Auzon à Carpentras - SOMV;5.032887966;44.055657818;84;L'Auzon;VAUCLUSE
V612501001;L'Auzon à Mormoiron;5.186379453;44.058671207;84;L'Auzon;VAUCLUSE
V620201001;L'Ouvèze à Bédarrides [Village];4.895777409;44.039545403;84;L'Ouvèze;VAUCLUSE
V604201001;L'Ouvèze à Entrechaux [Pont Saint Michel];5.136772597;44.229141391;84;L'Ouvèze;VAUCLUSE
V605101001;L'Ouvèze à Roaix;5.015413508;44.242970248;84;L'Ouvèze;VAUCLUSE
V605101002;L'Ouvèze à Roaix - Au seuil;5.011503128;44.24037847;84;L'Ouvèze;VAUCLUSE
V605201001;L'Ouvèze à Vaison-la-Romaine;5.069038529;44.239855846;84;L'Ouvèze;VAUCLUSE
V605201002;L'Ouvèze à Vaison-la-Romaine - Au seuil;5.056784798;44.236010621;84;L'Ouvèze;VAUCLUSE
V605201003;L'Ouvèze à Vaison-la-Romaine - Echelle Annonce de Crues (EAC);5.068223846;44.240060819;84;L'Ouvèze;VAUCLUSE
V605201201;L'Ouvèze à Violès - SMOP;4.966491751;44.168121693;84;L'Ouvèze;VAUCLUSE
V521402501;La Coronne à Valréas;4.980780134;44.387620107;84;La Coronne;VAUCLUSE
X350001001;La Durance à Caumont-sur-Durance [Bonpas] - Barrage;4.923197308;43.888799124;84;La Durance;VAUCLUSE
X350001002;La Durance à Caumont-sur-Durance [Bonpas] - Pont de Bonpas;4.916563795;43.888784849;84;La Durance;VAUCLUSE
X350001004;La Durance à Caumont-sur-Durance [Bonpas] - SMAVD;4.916704494;43.888710586;84;La Durance;VAUCLUSE
X331001001;La Durance à Cavaillon;5.032432216;43.82748691;84;La Durance;VAUCLUSE
V613000501;La Nesque à Monieux;5.35470755;44.056487469;84;La Nesque;VAUCLUSE
V614000201;La Nesque à Pernes-les-Fontaines - La cascade;5.074210074;44.012459624;84;La Nesque;VAUCLUSE
V614000301;La Nesque à Venasque;5.145130786;44.001204033;84;La Nesque;VAUCLUSE
V620201101;La Seille à Courthézon - SMOP;4.884806189;44.08505322;84;La Seille;VAUCLUSE
V615502001;La Sorgue de Velleron [Résurgence] à Fontaine-de-Vaucluse - Moulin;5.130509253;43.921336549;84;La Sorgue de Velleron;VAUCLUSE
V615502002;La Sorgue de Velleron [Résurgence] à Fontaine-de-Vaucluse - Sorgomètre;5.132688417;43.917916376;84;La Sorgue de Velleron;VAUCLUSE
V615562101;La Sorgue de Velleron à Bédarrides;4.899617135;44.038070644;84;La Sorgue de Velleron;VAUCLUSE
V611000601;Le Brégoux à Caromb - SOMV;5.077834719;44.103639471;84;Le Brégoux;VAUCLUSE
V610561001;Le Brégoux à Carpentras [Château de la plane] - Château de la Plane;5.078955949;44.094659691;84;Le Brégoux;VAUCLUSE
V615562001;Le Brégoux à Sarrians [Bas Malencon];4.993396968;44.095484783;84;Le Brégoux;VAUCLUSE
X345401001;Le Coulon à Apt;5.396465587;43.877366499;84;Le Coulon;VAUCLUSE
X348402101;Le Coulon à Beaumettes;5.203260245;43.857108617;84;Le Coulon;VAUCLUSE
X348402001;Le Coulon à Oppède [La Garrigue];5.161415531;43.85803672;84;Le Coulon;VAUCLUSE
X343401001;Le Coulon à Saint-Martin-de-Castillon [Coste Raste];5.485941686;43.850681426;84;Le Coulon;VAUCLUSE
X343401201;Le Coulon à Saint-Martin-de-Castillon [La Bègude] - Pont de la Bégude au Boisset;5.518115331;43.849971895;84;Le Coulon;VAUCLUSE
V523401001;Le Lez à Bollène;4.750682108;44.282355011;84;Le lez;VAUCLUSE
V523401002;Le Lez à Bollène - Bollene SMBVL;4.750679425;44.282097318;84;Le lez;VAUCLUSE
X320000201;Le Marderic à Villelaure - Pont RD37;5.437726733;43.723374828;84;Le Marderic;VAUCLUSE
V621501001;Le Rhône à Avignon [Pont Daladier];4.799149386;43.951549084;84;Le Rhône;VAUCLUSE
V603501001;Le Toulourenc à Malaucène [Veaux];5.213816493;44.214974221;84;Le Toulourenc;VAUCLUSE
V611000501;Le ruisseau de Salette à Beaumes-de-Venise - SOMV;5.027702444;44.118624147;84;Ruisseau de Salette;VAUCLUSE
V615542001;Le vallon des Paillasses [La Grande-Levadé] à Bédarrides [La Palud];4.922934489;44.03696496;84;la grande levadé;VAUCLUSE
V615541001;Le vallon des Paillasses [La Mède] à Aubignan [Meyras];5.020680668;44.087377091;84;la grande levadé;VAUCLUSE
V615561001;Le vallon des Paillasses [Le Brégoux] à Aubignan;5.025825507;44.097509843;84;la grande levadé;VAUCLUSE
V611000402;Le vallon des Paillasses à Saint-Pierre-de-Vassols - DIREN PACA;5.138402544;44.097774054;84;la grande levadé;VAUCLUSE
V611000401;Le vallon des Paillasses à Saint-Pierre-de-Vassols - SOMV;5.138402544;44.097774054;84;la grande levadé;VAUCLUSE
N520171001;L'Autise à Nieul-sur-l'Autise;-0.684344373;46.419099239;85;;VENDEE
N510171001;L'Autise à Saint-Hilaire-des-Loges;-0.656920947;46.463457219;85;;VENDEE
N201301010;L'Auzance à Vairé [Petit Besson];-1.73907858;46.58025743;85;l'Auzance;VENDEE
M812401010;L'Issoire à Saint-Philbert-de-Bouaine [La Tribouille];-1.54091661;46.990969908;85;l'Issoire;VENDEE
N342301021;L'Yon à Chaillé-sous-les-Ormeaux - Rassouillet;-1.354795655;46.576601347;85;l'Yon;VENDEE
N340301010;L'Yon à Dompierre-sur-Yon;-1.384235586;46.735954271;85;l'Yon;VENDEE
N342301010;L'Yon à Nesmy - Brancaire;-1.412272113;46.617533857;85;l'Yon;VENDEE
N342301020;L'Yon à Nesmy - Moulin de Rambourg;-1.394085669;46.606275137;85;l'Yon;VENDEE
M811261010;La Boulogne à Rocheservière - La Vacherie;-1.530453591;46.945431346;85;la Boulogne;VENDEE
M811261020;La Boulogne à Saint-Philbert-de-Bouaine - Le Petit Roquet;-1.548078225;46.994533222;85;la Boulogne;VENDEE
N202401010;La Ciboule à la Chapelle-Achard [La Renelière];-1.666986818;46.575174705;85;la Ciboule;VENDEE
N330821010;La Doulaye à Moutiers-sur-le-Lay;-1.195967139;46.57379035;85;la Doulaye;VENDEE
N712181201;La Longèves à Fontenay-le-Comte - pont du Gué Migné;-0.840001706;46.462900847;85;la Longèves;VENDEE
M741301010;La Maine à Saint-Fulgent [Plessis des Landes];-1.157150664;46.903571666;85;la Maine;VENDEE
N711401010;La Mère à Antigny [Moulin-Texier];-0.77551338;46.60038982;85;la Mère;VENDEE
N101401010;La Petite Boulogne à la Chapelle-Palluau [La Birochère];-1.653430651;46.789276479;85;la Petite Boulogne;VENDEE
M743311010;La Petite Maine à Saint-Georges-de-Montaigu [Fromage];-1.273250678;46.922745447;85;la Petite Maine;VENDEE
N322201010;La Smagne à Sainte-Pexine [Les Mottes];-1.120899374;46.528018274;85;la Smagne;VENDEE
M703243010;La Sèvre Nantaise à Saint-Laurent-sur-Sèvre;-0.888085069;46.958935747;85;la Sèvre Nantaise;VENDEE
M702241010;La Sèvre Nantaise à Saint-Mesmin [La Branle];-0.700056248;46.810942065;85;la Sèvre Nantaise;VENDEE
M711241020;La Sèvre Nantaise à Tiffauges;-1.113383445;47.017456988;85;la Sèvre Nantaise;VENDEE
M711241010;La Sèvre Nantaise à Tiffauges - Ancienne Station;-1.114538039;47.01881824;85;la Sèvre Nantaise;VENDEE
N602000101;La Sèvre niortaise à Maillé [Bazoin];-0.775855295;46.3189271;85;;VENDEE
N710181010;La Vendée à Foussais-Payré [Pont d'Izard];-0.669262722;46.500695817;85;;VENDEE
N712181010;La Vendée à Pissotte [Pont de Crochet];-0.798495757;46.495760402;85;;VENDEE
N100151010;La Vie à la Chapelle-Palluau;-1.618007718;46.776983892;85;la Vie;VENDEE
N011301010;Le Falleron à Falleron;-1.703512563;46.88757979;85;;VENDEE
N350421010;Le Graon au Champ-Saint-Père;-1.353640394;46.504978185;85;le Graon;VENDEE
N120301010;Le Jaunay à Landevieille [Savarière];-1.78698696;46.658728503;85;le Jaunay;VENDEE
N120302010;Le Jaunay à la Chapelle-Hermier [Reveillère];-1.717126525;46.671688165;85;le Jaunay;VENDEE
N120302020;Le Jaunay à la Chapelle-Hermier [Reveillère] - Lavaud;-1.712179601;46.671725492;85;le Jaunay;VENDEE
N352000101;Le Lay [Estuaire] à l'Aiguillon-sur-Mer - Le Lay à l'Aiguillon-sur-Mer;-1.316252802;46.33494516;85;le Lay;VENDEE
N300161010;Le Lay [Grand] à Saint-Prouant [Monsireigne];-0.951655224;46.75019569;85;le Lay;VENDEE
N303161010;Le Lay à Chantonnay [St-Philbert du Pont Charraud];-1.03868157;46.655249154;85;le Lay;VENDEE
N330161010;Le Lay à Mareuil-sur-Lay-Dissais;-1.219646354;46.535677965;85;le Lay;VENDEE
N302401010;Le Loing à Chantonnay [St-Philbert du Pont Charrault];-0.971700126;46.669473081;85;le Loing;VENDEE
N330411010;Le Marillet à Château-Guibert [Barilleraie];-1.238642693;46.566689384;85;le Marillet;VENDEE
N330413010;Le Marillet à Mareuil-sur-Lay-Dissais [Moulin Fleury];-1.219873605;46.544460626;85;le Marillet;VENDEE
N330412010;Le Marillet à Saint-Florent-des-Bois [La Clopinière];-1.286244016;46.603492886;85;le Marillet;VENDEE
N311301010;Le Petit Lay à Saint-Hilaire-le-Vouhis;-1.113289456;46.687028668;85;le Petit Lay;VENDEE
N020421010;Le Pont Abert à la Coudrie à Challans;-1.882539211;46.865323099;85;le Pont Abert à la Coudrie;VENDEE
L574192002;L'Anglin à Angles-sur-l'Anglin - Pont d'Angles;0.881691748;46.693665062;86;l'Anglin;VIENNE
L574192001;L'Anglin à Angles-sur-l'Anglin - Remerle;0.878433744;46.703052277;86;l'Anglin;VIENNE
L565000201;L'Asse à Brigueil-le-Chantre;1.085831271;46.393195397;86;l'Asse;VIENNE
L242401501;L'Auxance [bras principal] à Latillé [pont de Latillé];0.077793845;46.621955545;86;l'Auxance;VIENNE
L244301001;L'Auxance à Quinçay [Rochecourbe];0.256897837;46.62353702;86;l'Auxance;VIENNE
L312301001;L'Envigne à Thuré [Pont de Besse];0.494829912;46.8122795;86;l'Envigne;VIENNE
L303301001;L'Ozon à Châtellerault [Moulin des Halles];0.581398763;46.77430808;86;;VIENNE
L567000301;La Benaize à la Trimouille;1.042932532;46.466809603;86;la Benaize;VIENNE
L240402001;La Boivre à Béruges;0.21027011;46.566837598;86;la Boivre;VIENNE
L240401001;La Boivre à Montreuil-Bonnin;0.139769799;46.549076902;86;la Boivre;VIENNE
L240404001;La Boivre à Poitiers [Gare SNCF poste 4];0.330208511;46.579706231;86;la Boivre;VIENNE
L240403001;La Boivre à Vouneuil-sous-Biard [La Ribalière];0.273531014;46.579993776;86;la Boivre;VIENNE
L211401001;La Bouleure à Chaunay [Les Planches];0.128951598;46.203113899;86;la Bouleure;VIENNE
R011002001;La Charente à Charroux [Pont de Rochemeaux];0.378519125;46.146731739;86;La Charente;VIENNE
R011001001;La Charente à Saint-Saviol - Pont Bridé;0.241907744;46.136017315;86;La Charente;VIENNE
R011001002;La Charente à Voulême - Gué de Chambe;0.242596223;46.086981531;86;La Charente;VIENNE
L230301001;La Clouère à Availles-Limouzine [Le Poux];0.597066411;46.146620004;86;la Clouère;VIENNE
L231301001;La Clouère à Château-Larcher [Le Rozeau];0.286126121;46.4343162;86;la Clouère;VIENNE
L231301101;La Clouère à Gençay;0.403447088;46.376509921;86;la Clouère;VIENNE
L231301401;La Clouère à Marnay;0.364329025;46.389757763;86;la Clouère;VIENNE
L602071001;La Creuse à Leugny;0.703836088;46.909534837;86;la Creuse;VIENNE
L600071001;La Creuse à la Roche-Posay;0.81505229;46.787929492;86;;VIENNE
L210300501;La Dive [du Sud] à Couhé [Abbaye de Valence];0.172076987;46.311979299;86;la Dive;VIENNE
L210301001;La Dive [du Sud] à Voulon [Neuil];0.23287124;46.356072861;86;la Dive;VIENNE
L143000402;La Dive à Valdivienne - Dive de Morthemer;0.638453658;46.486471468;86;la Dive;VIENNE
L143000401;La Dive à Valdivienne - Dive à Valdivienne;0.63845634;46.48649363;86;la Dive;VIENNE
L540181001;La Gartempe à Lathus-Saint-Rémy [Pont de Massugeon];0.933009198;46.283917051;86;la Gartempe;VIENNE
L541181001;La Gartempe à Montmorillon;0.869246825;46.423275063;86;la Gartempe;VIENNE
L541182301;La Gartempe à Saint-Savin;0.867482566;46.565141833;86;la Gartempe;VIENNE
L580181001;La Gartempe à Vicq-sur-Gartempe - Vicq Bourg;0.863658376;46.720856023;86;la Gartempe;VIENNE
L580181002;La Gartempe à la Roche-Posay - La Merci-Dieu [Ancienne];0.838309455;46.76934577;86;la Gartempe;VIENNE
L252301001;La Palu à Vendeuvre-du-Poitou [Chincé];0.349460479;46.712832093;86;la Palu;VIENNE
L132000402;La Petite Blourde à Persac;0.718915966;46.345985941;86;la Petite Blourde;VIENNE
L132000401;La Petite Blourde à Persac - Petite Blourde à Persac;0.718915966;46.345985941;86;la Petite Blourde;VIENNE
L242401002;La Vendelogne à Ayron [Pont d'Ayron];0.07665561;46.657724951;86;la Vendelogne;VIENNE
L242401001;La Vendelogne à Ayron [Pont d'Ayron] - ancien;0.07665561;46.657724951;86;la Vendelogne;VIENNE
L144061001;La Vienne à Chauvigny;0.641975591;46.569492017;86;la Vienne;VIENNE
L320061001;La Vienne à Châtellerault;0.540205146;46.816426628;86;la Vienne;VIENNE
L320062001;La Vienne à Ingrandes;0.563578102;46.877071273;86;la Vienne;VIENNE
L140061001;La Vienne à Lussac-les-Châteaux - Pont de Mazerolles;0.701432011;46.40462385;86;la Vienne;VIENNE
L120000301;La Vienne à Millac [Barrage de Jousseau];0.672388347;46.169764669;86;la Vienne;VIENNE
L225301001;La Vonne à Cloué [Pont de Cloué];0.155734523;46.434904877;86;la Vonne;VIENNE
L250161001;Le Clain à Dissay;0.422729082;46.702576614;86;le Clain;VIENNE
L234161001;Le Clain à Poitiers - Pont Saint-Cyprien;0.345825869;46.575458276;86;le Clain;VIENNE
L234161002;Le Clain à Poitiers - Pont-Neuf;0.351308827;46.577963775;86;le Clain;VIENNE
L232161001;Le Clain à Vivonne [Danlot];0.285916881;46.440095588;86;le Clain;VIENNE
L220161001;Le Clain à Vivonne [Petit Allier];0.256285578;46.377253953;86;le Clain;VIENNE
L220161002;Le Clain à Voulon [Petit Allier];0.251314033;46.378323481;86;le Clain;VIENNE
L233401001;Le Miosson à Smarves [La Bertandinière];0.372224451;46.52340739;86;la Miosson;VIENNE
L573301001;Le Salleron à Journet [Tervannes];0.988621981;46.489889263;86;le Salleron;VIENNE
L852301001;Le canal de la Dive à Pouançay [La Motte Bourbon];-0.089537599;47.097307002;86;;VIENNE
L131000101;[La Grande Blourde] à Persac - Pont de Kiel;0.706056117;46.313110393;86;;VIENNE
L062401001;L'Aixette à Aixe-sur-Vienne;1.12936812;45.772358195;87;l'Aixette;HAUTE-VIENNE
L503401001;L'Ardour à Folles [Forgefer] - Forgefer;1.495526403;46.096621336;87;l'Ardour;HAUTE-VIENNE
L061402001;L'Aurence à Isle;1.189813571;45.811134229;87;l'Aurence;HAUTE-VIENNE
L061401001;L'Aurence à Limoges [Moulin Pinard];1.269012452;45.86340593;87;l'Aurence;HAUTE-VIENNE
P600151001;L'Isle à Saint-Yrieix-la-Perche;1.171056986;45.570612945;87;L'Isle;HAUTE-VIENNE
L562301001;La Benaize à Jouac;1.25865153;46.355028236;87;la Benaize;HAUTE-VIENNE
L532301001;La Brame à Oradour-Saint-Genest;0.998966983;46.251703809;87;la Brame;HAUTE-VIENNE
L056301001;La Briance à Condat-sur-Vienne [Chambon Veyrinas];1.240447273;45.756927243;87;la Briance;HAUTE-VIENNE
L040061101;La Cane au Palais-sur-Vienne - Ruisseau du Palais;1.323621642;45.867912915;87;la Cane;HAUTE-VIENNE
L040061102;La Cane au Palais-sur-Vienne - Ruisseau du Palais;1.323621642;45.867912915;87;la Cane;HAUTE-VIENNE
R000000101;La Charente [FRFR19C] à Videix - Videix;0.740701688;45.796217972;87;La Charente;HAUTE-VIENNE
L009302002;La Combade à Masléon;1.553838338;45.766663901;87;la Combade;HAUTE-VIENNE
L009302001;La Combade à Roziers-Saint-Georges;1.566694741;45.748283866;87;la Combade;HAUTE-VIENNE
L511401001;La Couze à Saint-Léger-la-Montagne [Le Mazeaud];1.387454999;46.034810238;87;la Couze;HAUTE-VIENNE
L511401101;La Couze à Saint-Pardoux;1.255566667;46.063210572;87;la Couze;HAUTE-VIENNE
L502181001;La Gartempe à Folles [Mazéras];1.462986671;46.126988338;87;la Gartempe;HAUTE-VIENNE
L510181001;La Gartempe à Folles [Pont Gibus] - Pont Gibus;1.433215153;46.113844745;87;la Gartempe;HAUTE-VIENNE
L530181001;La Gartempe à Saint-Bonnet-de-Bellac;0.948680822;46.184006175;87;la Gartempe;HAUTE-VIENNE
L081301001;La Glane à Saint-Junien [Le Dérot];0.915506861;45.91297327;87;la Glane;HAUTE-VIENNE
L091402001;La Gorre à Chaillac-sur-Vienne;0.88786559;45.843105397;87;la Gorre;HAUTE-VIENNE
L091402002;La Gorre à Rochechouart;0.863233895;45.853046849;87;la Gorre;HAUTE-VIENNE
L012303001;La Maulde à Peyrat-le-Château;1.768425437;45.822354935;87;la Maulde;HAUTE-VIENNE
L051301001;La Roselle à Saint-Hilaire-Bonneval;1.34252043;45.733493859;87;la Roselle;HAUTE-VIENNE
L513401001;La Semme à Droux;1.142102007;46.150780507;87;la Semme;HAUTE-VIENNE
R103001001;La Tardoire à Maisonnais-sur-Tardoire;0.691370397;45.727137381;87;La Tardoire;HAUTE-VIENNE
L040061001;La Vienne au Palais-sur-Vienne;1.326285349;45.860224591;87;la Vienne;HAUTE-VIENNE
L062061001;La Vienne à Aixe-sur-Vienne;1.143410174;45.797657712;87;la Vienne;HAUTE-VIENNE
L005063001;La Vienne à Eymoutiers;1.743024741;45.740291259;87;la Vienne;HAUTE-VIENNE
L040061002;La Vienne à Limoges - Pont-Neuf;1.269512095;45.825700944;87;la Vienne;HAUTE-VIENNE
L014061101;La Vienne à Saint-Léonard-de-Noblat [EDF - Sempinet];1.447754872;45.861451465;87;la Vienne;HAUTE-VIENNE
L014061001;La Vienne à Saint-Priest-Taurion;1.404587064;45.885144089;87;la Vienne;HAUTE-VIENNE
L070061001;La Vienne à Verneuil-sur-Vienne [Pont de La Gabie];1.098527428;45.841560764;87;la Vienne;HAUTE-VIENNE
L061581001;Le Coyol à Couzeix [La Lande];1.214120972;45.881205726;87;;HAUTE-VIENNE
L032151001;Le Taurion à Saint-Priest-Taurion [Le Chauvan];1.409803703;45.904600116;87;le Taurion;HAUTE-VIENNE
L522301001;Le Vincou à Bellac [1];1.051275403;46.11539899;87;le Vincou;HAUTE-VIENNE
L522302001;Le Vincou à Bellac [2];1.021059156;46.134334106;87;le Vincou;HAUTE-VIENNE
A664031002;L'Arentèle à Saint-Gorgon;6.645963649;48.324168904;88;Ruisseau l'Arentele;VOSGES
A664031003;L'Arentèle à Saint-Gorgon - Aval;6.647179853;48.325250956;88;Ruisseau l'Arentele;VOSGES
A664031001;L'Arentèle à Sainte-Hélène - Pont Rouge;6.641836883;48.30864227;88;Ruisseau l'Arentele;VOSGES
B201201001;L'Aroffe à Aroffe;5.899431971;48.401196004;88;Ruisseau l'Aroffe;VOSGES
A463201001;L'Avière à Frizon;6.367099557;48.292520452;88;L'Aviere;VOSGES
A417301001;La Cleurie à Cleurie;6.690262579;48.053182554;88;Ruisseau de la Cleurie;VOSGES
U045501001;La Combeauté au Val-d'Ajol;6.479161481;47.922951144;88;La Combeauté;VOSGES
A524201001;La Gitte à Velotte-et-Tatignécourt;6.174694523;48.259607832;88;Ruisseau la Gitte;VOSGES
A600101001;La Meurthe à Fraize;7.002528782;48.184729703;88;La Meurthe;VOSGES
A600101101;La Meurthe à Plainfaing - La Meurthe à Plainfaing;7.039077267;48.115311728;88;La Meurthe;VOSGES
A615103001;La Meurthe à Raon-l'Étape;6.845062409;48.402032182;88;La Meurthe;VOSGES
A605102001;La Meurthe à Saint-Dié-des-Vosges;6.956897222;48.284422012;88;La Meurthe;VOSGES
A605102003;La Meurthe à Saint-Dié-des-Vosges - Aval;6.956285542;48.284383028;88;La Meurthe;VOSGES
A605102002;La Meurthe à Saint-Dié-des-Vosges - Historique;6.948962633;48.28486391;88;La Meurthe;VOSGES
B115001001;La Meuse à Domrémy-la-Pucelle;5.676028819;48.439998867;88;La Meuse;VOSGES
B130001001;La Meuse à Maxey-sur-Meuse;5.693563084;48.452420212;88;La Meuse;VOSGES
B110000001;La Meuse à Neufchâteau;5.683329781;48.358619594;88;La Meuse;VOSGES
A662121201;La Mortagne à Autrey - Gare;6.686053148;48.295896649;88;La Mortagne;VOSGES
A670121001;La Mortagne à Roville-aux-Chênes;6.613858407;48.368762829;88;La Mortagne;VOSGES
A662121202;La Mortagne à Sainte-Hélène;6.68683839;48.2947733;88;La Mortagne;VOSGES
A455000201;La Moselle à Châtel-sur-Moselle;6.391243047;48.312435289;88;La Moselle;VOSGES
A402061001;La Moselle à Fresse-sur-Moselle;6.796285291;47.866921289;88;La Moselle;VOSGES
A420063002;La Moselle à Remiremont;6.597121367;48.019771926;88;La Moselle;VOSGES
A420063003;La Moselle à Remiremont - Pont Prieur;6.599352229;48.019010034;88;La Moselle;VOSGES
A420063004;La Moselle à Remiremont - Pont Prieur;6.611130574;48.0670775;88;La Moselle;VOSGES
A405062001;La Moselle à Rupt-sur-Moselle;6.685918446;47.909444585;88;La Moselle;VOSGES
A420063001;La Moselle à Saint-Nabord - Noirgueux;6.611130574;48.0670775;88;La Moselle;VOSGES
A443064001;La Moselle à Épinal;6.45298063;48.165666233;88;La Moselle;VOSGES
A443064002;La Moselle à Épinal - Pont de Pierre;6.449268646;48.175203106;88;La Moselle;VOSGES
A414020201;La Moselotte à Vagney [Zainvillers];6.715932814;47.993393232;88;La Moselotte;VOSGES
A414020202;La Moselotte à Vagney [Zainvillers] - Ancienne;6.712742978;47.995755306;88;La Moselotte;VOSGES
A410000201;La Moselotte à la Bresse - Station de la Moselotte à La Bresse [Pont de Bramont];6.929248423;48.003584272;88;La Moselotte;VOSGES
A623201001;La Plaine à Raon-l'Étape [La Trouche];6.877878865;48.416320357;88;La Plaine;VOSGES
U002001001;La Saône à Monthureux-sur-Saône;5.978724637;48.038004749;88;La Saône;VOSGES
A436203001;La Vologne à Cheniménil;6.603384721;48.13289237;88;La Vologne;VOSGES
A436203002;La Vologne à Cheniménil - Ancienne;6.60451241;48.133839733;88;La Vologne;VOSGES
A430000101;La Vologne à Xonrupt-Longemer [longemer1];6.979568272;48.05911653;88;La Vologne;VOSGES
A430000301;La Vologne à Xonrupt-Longemer [longemer2];6.941613372;48.077882081;88;La Vologne;VOSGES
A530301001;Le Colon à Xaronval;6.192201569;48.374970432;88;Le Colon;VOSGES
U012401001;Le Coney à Fontenoy-le-Château;6.195832969;47.972608789;88;Le Coney;VOSGES
U010401001;Le Coney à Xertigny [Forges d'Uzemain];6.301363343;48.081511419;88;Le Coney;VOSGES
A444201001;Le Durbion à Vaxoncourt;6.409176894;48.303967877;88;Le Durbion;VOSGES
A523011001;Le Madon à Begnécourt [Moulin d'Heucheloup];6.149771693;48.213998759;88;Le Madon;VOSGES
A526102003;Le Madon à Mirecourt - Ancienne;6.137338372;48.305330668;88;Le Madon;VOSGES
A526102001;Le Madon à Mirecourt - Crues;6.136364634;48.303258474;88;Le Madon;VOSGES
A526102002;Le Madon à Mirecourt - Essai;6.136368819;48.302195849;88;Le Madon;VOSGES
B109201001;Le Mouzon à Circourt-sur-Mouzon [Villars];5.710074637;48.317446134;88;Le Mouzon;VOSGES
A433301001;Le Neune à Laveline-devant-Bruyères;6.751787233;48.185384011;88;Ruisseau le Neune;VOSGES
A614201001;Le Rabodeau à Moyenmoutier;6.884612131;48.381673137;88;Le Rabodeau;VOSGES
B122201001;Le Vair à Belmont-sur-Vair;5.902062956;48.253938727;88;Le Vair;VOSGES
B128201001;Le Vair à Soulosse-sous-Saint-Élophe;5.733156323;48.402742968;88;Le Vair;VOSGES
A410000301;Le ruisseau de la Goutte de Machey à la Bresse - Station de la Moselotte à La Bresse [Pont de Bramont];6.95628694;48.010029929;88;Ruisseau de la Goutte de Machey;VOSGES
A430000201;Le ruisseau du Pheny à Gérardmer;6.852029607;48.064377844;88;;VOSGES
A430000601;Le ruisseau du Pheny à Gérardmer - Le Pheny à Gérardmer [aval];6.851949486;48.064059467;88;Ruisseau du Pheny;VOSGES
A440000201;Le ruisseau la Niche à Arches [Aneumenil];6.534353065;48.100474818;88;Ruisseau la Niche;VOSGES
A444201101;Le ruisseau le Saint-Oger à Deyvillers;6.521628104;48.198304599;88;Ruisseau le St-Oger;VOSGES
B200381001;Le ruisseau le Vicherey à Vicherey;5.938524302;48.381957384;88;Ruisseau le Vicherey;VOSGES
A430000501;[ruisseau de la rochotte] à Gérardmer;6.864081353;48.067073087;88;;VOSGES
A430000401;[ruisseau de xettes] à Gérardmer;6.861647627;48.072216278;88;;VOSGES
H245202001;L'Armançon à Aisy-sur-Armançon - aval;4.232507159;47.667949164;89;L'Armancon;YONNE
H245201001;L'Armançon à Aisy-sur-Armançon [amont];4.232659967;47.667641487;89;L'Armancon;YONNE
H248201001;L'Armançon à Brienon-sur-Armançon;3.613182369;47.985735836;89;L'Armançon;YONNE
H248201002;L'Armançon à Brienon-sur-Armançon - Brienon-sur-Armançon [aval];3.610200281;47.986064196;89;L'Armançon;YONNE
H248202001;L'Armançon à Jaulges;3.793574195;47.969949412;89;L'Armancon;YONNE
H246201001;L'Armançon à Tonnerre;3.964542405;47.866194484;89;L'Armancon;YONNE
H246202001;L'Armançon à Tronchoy;3.938921914;47.913537126;89;L'Armancon;YONNE
F415000101;L'Ouanne à Charny;3.091289064;47.885566632;89;L'Ouanne;YONNE
F413000101;L'Ouanne à Toucy;3.292400559;47.732810586;89;L'Ouanne;YONNE
H220101001;L'Yonne à Auxerre;3.577946104;47.795392224;89;L'Yonne;YONNE
F353000101;L'Yonne à Cézy;3.344105431;47.994136083;89;L'Yonne;YONNE
H222101001;L'Yonne à Gurgy;3.544090774;47.879508224;89;L'Yonne;YONNE
F351000109;L'Yonne à Joigny - Passerelle;3.364960113;47.995090146;89;L'Yonne;YONNE
F351000105;L'Yonne à Joigny - Pont;3.393528112;47.982021082;89;L'Yonne;YONNE
F351000104;L'Yonne à Joigny - Station débitmétrique;3.399453418;47.978554362;89;L'Yonne;YONNE
F358000402;L'Yonne à Pont-sur-Yonne - Station débitmétrique;3.206873886;48.286965234;89;L'Yonne;YONNE
H208102001;L'Yonne à Prégilbert;3.663626743;47.642777969;89;L'Yonne;YONNE
F358000101;L'Yonne à Sens;3.275768786;48.197576493;89;L'Yonne;YONNE
H218201001;La Cure à Arcy-sur-Cure;3.756718674;47.602641687;89;La Cure;YONNE
F312000201;La Cure à Domecy-sur-Cure [EDF - Crescent Bois de Cure - QNR];3.905222941;47.39047406;89;La Cure;YONNE
H214203002;La Cure à Foissy-lès-Vézelay;3.779440905;47.444184222;89;La Cure;YONNE
H214203001;La Cure à Pierre-Perthuis;3.788123369;47.430919369;89;La Cure;YONNE
H214202001;La Cure à Saint-Père;3.765869474;47.461153476;89;La Cure;YONNE
H216301001;La Romanée à Bussières;4.068582748;47.432012767;89;La Romanee;YONNE
F357000101;La Vanne à Pont-sur-Vanne;3.441134628;48.184378273;89;La Vanne;YONNE
H232381001;Le Borsin à Savigny-en-Terre-Plaine;4.091738879;47.503188389;89;Ru de Borsin;YONNE
H311301001;Le Branlin à Champignelles;3.107126986;47.790936286;89;Le Branlin;YONNE
F414000401;Le Branlin à Mézilles;3.204375621;47.677427135;89;Le Branlin;YONNE
H217232001;Le Cousin à Avallon;3.894376437;47.482526922;89;Le Cousin;YONNE
H217231001;Le Cousin à Cussy-les-Forges;4.010813632;47.462822528;89;Le Cousin;YONNE
H215231001;Le Cousin à Saint-Léger-Vauban;4.057413339;47.356815048;89;Le Cousin;YONNE
H215231002;Le Cousin à Saint-Léger-Vauban - Avant le barrage de Saint-Aignan;4.052247865;47.358923622;89;Le Cousin;YONNE
F410000101;Le Loing à Saint-Martin-des-Champs - Le Moulin de la Prairie;3.021300876;47.674155447;89;Le Loing;YONNE
F410000201;Le Loing à Saint-Privé;3.000239927;47.684932391;89;Le Loing;YONNE
H234203001;Le Serein à Beaumont;3.556993154;47.923421105;89;Le Serein;YONNE
H234202001;Le Serein à Chablis - Ancienne;3.798136013;47.822496262;89;Le Serein;YONNE
H234202002;Le Serein à Chablis - Pont de la déviation;3.786570913;47.82306945;89;Le Serein;YONNE
H234204001;Le Serein à Chablis [Crue];3.802318825;47.815393278;89;Le Serein;YONNE
H233202001;Le Serein à Dissangis;3.984726979;47.605676077;89;Le Serein;YONNE
H232202001;Le Serein à Guillon [Courterolles];4.080030618;47.527342839;89;Le Serein;YONNE
H233203001;Le Serein à Noyers;4.003924417;47.692243528;89;Le Serein;YONNE
F352000201;Le Tholon à Champvallon;3.355291342;47.9387836;89;Le Tholon;YONNE
F352000101;Le Tholon à Senan;3.363111013;47.924801344;89;Le Tholon;YONNE
H218311001;Le Vau de Bouche à Lucy-le-Bois;3.889318193;47.559335364;89;Ru du Vau de Bouche;YONNE
H251341001;Le Vrin à Précy-sur-Vrin;3.267759764;47.977110084;89;Le Vrin;YONNE
H311332001;Le ru de Septfonds à Saint-Fargeau [Les Perriaux];3.127816412;47.646887908;89;Ru de Septfonds;YONNE
H311333001;Le ru de Septfonds à Saint-Fargeau [Montréal];3.107920808;47.662101514;89;Ru de Septfonds;YONNE
H311331001;Le ru de Septfonds à Saint-Fargeau [Ronchères];3.11249917;47.659756968;89;Ru de Septfonds;YONNE
H311334001;Le ru de Septfonds à Saint-Fargeau [chambre de mesures];3.124339583;47.646729643;89;Ru de Septfonds;YONNE
H246371001;[La fosse Dionne] à Tonnerre;3.971355119;47.857115558;89;;YONNE
F359000103;[Yonne] à Courlon-sur-Yonne;3.156597199;48.330975963;89;;YONNE
U233402001;L'Allan à Joncherey;6.997992431;47.526285674;90;L'Allan;TERRITOIRE DE BELFORT
U233403001;L'Allan à Morvillars [Graviers Rançon];6.944746547;47.544044474;90;L'Allan;TERRITOIRE DE BELFORT
U231522001;L'Autruche à Fontenelle [Puits];6.956731508;47.621569597;90;L'Autruche;TERRITOIRE DE BELFORT
U231522002;L'Autruche à Fontenelle [Puits] - 2;6.954806113;47.621490667;90;L'Autruche;TERRITOIRE DE BELFORT
U231523001;L'Autruche à Roppe;6.917358184;47.669535186;90;L'Autruche;TERRITOIRE DE BELFORT
U230524001;La Bourbeuse [Le Saint-Nicolas] à Foussemagne;6.999001815;47.636087562;90;La Bourbeuse;TERRITOIRE DE BELFORT
U230521001;La Bourbeuse [Le Saint-Nicolas] à Rougemont-le-Château;6.949659513;47.738488182;90;La Bourbeuse;TERRITOIRE DE BELFORT
U230521002;La Bourbeuse [Le Saint-Nicolas] à Rougemont-le-Château;6.949967296;47.738607806;90;La Bourbeuse;TERRITOIRE DE BELFORT
U230522001;La Bourbeuse à Fontaine [Les grands champs];6.990450091;47.658715445;90;La Bourbeuse;TERRITOIRE DE BELFORT
U232421001;La Bourbeuse à Froidefontaine;6.943461371;47.566304017;90;La Bourbeuse;TERRITOIRE DE BELFORT
U230523001;La Bourbeuse à Montreux-Château [La petite fin];7.002521497;47.603451709;90;La Bourbeuse;TERRITOIRE DE BELFORT
U234641001;La Douce à Bermont;6.856292397;47.581197052;90;La Douce;TERRITOIRE DE BELFORT
U231501001;La Madeleine à Étueffont;6.920736526;47.725739168;90;La Madeleine;TERRITOIRE DE BELFORT
U234582001;La Rosemontoise à Chaux;6.862947166;47.706776356;90;La Rosemontoise;TERRITOIRE DE BELFORT
U234581001;La Rosemontoise à Riervescemont [Rosemont];6.862081199;47.761913235;90;La Rosemontoise;TERRITOIRE DE BELFORT
U234583001;La Rosemontoise à Rougegoutte;6.845502918;47.7287305;90;La Rosemontoise;TERRITOIRE DE BELFORT
U234503001;La Savoureuse à Belfort;6.859141322;47.640689255;90;La Savoureuse;TERRITOIRE DE BELFORT
U234502001;La Savoureuse à Giromagny;6.827373801;47.741291978;90;La Savoureuse;TERRITOIRE DE BELFORT
U234542001;Le Rhôme à Lachapelle-sous-Chaux;6.816337244;47.705121606;90;Le Rhôme;TERRITOIRE DE BELFORT
U234542002;Le Rhôme à Lachapelle-sous-Chaux - ancienne;6.81643413;47.704983275;90;Le Rhôme;TERRITOIRE DE BELFORT
F448000601;L'Ecole à Dannemois;2.484443736;48.455682664;91;L'Ecole;ESSONNE
F459000101;L'Essonne à Ballancourt-sur-Essonne - Secours CT;2.373665983;48.537947619;91;L'Essonne;ESSONNE
F459000102;L'Essonne à Ballancourt-sur-Essonne - Station débitmétrique;2.373665983;48.537947619;91;L'Essonne;ESSONNE
F459000201;L'Essonne à Corbeil-Essonnes - Villabé;2.463064332;48.596919543;91;L'Essonne;ESSONNE
F453000101;L'Essonne à Guigneville-sur-Essonne - La Mothe;2.34759693;48.464362339;91;L'Essonne;ESSONNE
F453000102;L'Essonne à la Ferté-Alais;2.345317347;48.480111521;91;L'Essonne;ESSONNE
F467000101;L'Orge à Morsang-sur-Orge;2.342410199;48.667889528;91;L'Orge;ESSONNE
F467000103;L'Orge à Morsang-sur-Orge - Pont;2.339037105;48.66753083;91;L'Orge;ESSONNE
F461000401;L'Orge à Roinville - SYORP;2.046199431;48.529861043;91;L'Orge;ESSONNE
F461000102;L'Orge à Saint-Chéron - Saint-Évroult;2.11439995;48.544971524;91;L'Orge;ESSONNE
F464000101;L'Orge à Saint-Germain-lès-Arpajon;2.260153798;48.595003777;91;L'Orge;ESSONNE
F464000102;L'Orge à Saint-Germain-lès-Arpajon - SYORP;2.26035854;48.595174431;91;L'Orge;ESSONNE
F461000101;L'Orge à Sermaise;2.079405237;48.538705275;91;L'Orge;ESSONNE
F464000201;L'Orge à Épinay-sur-Orge - Le Breuil;2.318862061;48.665814379;91;L'Orge;ESSONNE
F464000203;L'Orge à Épinay-sur-Orge - SYORP;2.318862061;48.665814379;91;L'Orge;ESSONNE
F483000601;L'Yerres à Boussy-Saint-Antoine - SR8 - Rochopt - Barrage amont [SYAGE];2.531679757;48.696465531;91;L'Yerres;ESSONNE
F483000602;L'Yerres à Boussy-Saint-Antoine - SR8 - Rochopt - Barrage aval [SYAGE];2.531679757;48.696465531;91;L'Yerres;ESSONNE
F483000202;L'Yerres à Boussy-Saint-Antoine - Station débitmétrique;2.527184887;48.686881045;91;L'Yerres;ESSONNE
F483000502;L'Yerres à Brunoy - SR3 - Vannes rouges - Barrage aval [SYAGE];2.511634751;48.696640613;91;L'Yerres;ESSONNE
F483000401;L'Yerres à Brunoy - SR6 - Brunoy - Barrage amont [SYAGE];2.502518541;48.696397034;91;L'Yerres;ESSONNE
F483000402;L'Yerres à Brunoy - SR6 - Brunoy - Barrage aval [SYAGE];2.502518541;48.696397034;91;L'Yerres;ESSONNE
F483000501;L'Yerres à Brunoy - SR7 - Vannes rouges - Barrage amont [SYAGE];2.511634751;48.696640613;91;L'Yerres;ESSONNE
F487000502;L'Yerres à Crosne - SR1 -VSG - Barrage amont [SYAGE];2.448040208;48.719804443;91;L'Yerres;ESSONNE
F487000503;L'Yerres à Crosne - SR1 -VSG - Barrage aval [SYAGE];2.448002657;48.7199407;91;L'Yerres;ESSONNE
F487000601;L'Yerres à Crosne - SR2 - Suzanne- Barrage amont [SYAGE];2.460103893;48.711393584;91;L'Yerres;ESSONNE
F487000602;L'Yerres à Crosne - SR2 - Suzanne- Barrage aval [SYAGE];2.460190059;48.71131394;91;L'Yerres;ESSONNE
F487000501;L'Yerres à Crosne - Yerres aval - DRIEAT;2.448002657;48.719954856;91;L'Yerres;ESSONNE
F487000701;L'Yerres à Montgeron - SR3 - Chalandray - Barrage amont [SYAGE];2.468989588;48.711942914;91;L'Yerres;ESSONNE
F487000702;L'Yerres à Montgeron - SR3 - Chalandray - Barrage aval [SYAGE];2.468667991;48.711873713;91;L'Yerres;ESSONNE
F487000101;L'Yerres à Yerres - Pont Massat - historique [DRIEAT];2.478730006;48.715255035;91;L'Yerres;ESSONNE
F487000102;L'Yerres à Yerres - Pont de Soweto- SR62 [SYAGE];2.478730006;48.715255035;91;L'Yerres;ESSONNE
F487000801;L'Yerres à Yerres - SR4 - Céravennes - Barrage amont [SYAGE];2.494815619;48.711686836;91;L'Yerres;ESSONNE
F487000802;L'Yerres à Yerres - SR4 - Céravennes - Barrage aval [SYAGE];2.494632863;48.712033251;91;L'Yerres;ESSONNE
F487001001;L'Yerres à Yerres - SR5 - Abbaye - Barrage amont [SYAGE];2.497053365;48.707885407;91;L'Yerres;ESSONNE
F487001002;L'Yerres à Yerres - SR5 - Abbaye - Barrage aval [SYAGE];2.497053365;48.707885407;91;L'Yerres;ESSONNE
F466000101;L'Yvette à Villebon-sur-Yvette;2.233959907;48.701171043;91;L'Yvette;ESSONNE
F702000101;La Bievre à Verrières-le-Buisson;2.268239225;48.73753794;91;La Bievre;ESSONNE
F458000201;La Juine à Morigny-Champigny;2.186534754;48.46160567;91;La Juine;ESSONNE
H403301001;La Juine à Méréville [Ancienne] - Ancienne;2.101759969;48.332963246;91;La Juine;ESSONNE
F456042001;La Juine à Saclas;2.125812278;48.361872314;91;La Juine;ESSONNE
F458000101;La Juine à Saint-Vrain - Bouray-sur-Juine;2.29928161;48.523795549;91;La Juine;ESSONNE
F461000501;La Renarde à Breux-Jouy - SYORP;2.180583897;48.564112707;91;La Renarde;ESSONNE
F463000101;La Rémarde à Breuillet - La Boissière - SYORP;2.153817957;48.577401227;91;La Rémarde;ESSONNE
F462000101;La Rémarde à Saint-Cyr-sous-Dourdan;2.032985888;48.569184799;91;La Rémarde;ESSONNE
F449000501;La Seine au Coudray-Montceaux - Barrage (amont) [VNF];2.483580928;48.572371644;91;La Seine;ESSONNE
F449000502;La Seine au Coudray-Montceaux - Barrage (aval) [VNF];2.482014093;48.574550759;91;La Seine;ESSONNE
F449000503;La Seine au Coudray-Montceaux - Dernier bassin Passe à Poisson;2.481133186;48.573209237;91;La Seine;ESSONNE
F449000601;La Seine à Corbeil-Essonnes;2.484841533;48.613738123;91;La Seine;ESSONNE
F460000301;La Seine à Évry - Barrage (amont) [VNF];2.445826233;48.640620554;91;La Seine;ESSONNE
F460000302;La Seine à Évry - Barrage (aval) [VNF];2.44333417;48.642668816;91;La Seine;ESSONNE
F486000501;Le Reveillon à Brunoy - SR25 [SYAGE];2.50134227;48.709326476;91;Le Reveillon;ESSONNE
F486000701;Le Reveillon à Yerres - SR16 Abbaye [SYAGE];2.498139743;48.707765795;91;Le Reveillon;ESSONNE
F462000401;Le ruisseau de Predecelle à Saint-Maurice-Montcouronne - Le Marais - SYORP;2.106081319;48.575945687;91;Ruisseau de Predecelle;ESSONNE
F460000201;Le ruisseau des Hauldres à Tigery [Pont des Vignes];2.50018074;48.643982254;91;Ruisseau des Hauldres;ESSONNE
F704000101;La Seine à Suresnes - Barrage (amont);2.232197144;48.870178682;92;La Seine;HAUTS-DE-SEINE
F704000102;La Seine à Suresnes - Barrage (aval) [VNF];2.234056906;48.871647547;92;La Seine;HAUTS-DE-SEINE
F704000103;La Seine à Suresnes - Suresnes Amont [VNF];2.232207064;48.870430564;92;La Seine;HAUTS-DE-SEINE
F664000104;La Marne à Gournay-sur-Marne - Pont;2.575131143;48.86507032;93;La Marne;SEINE-SAINT-DENIS
F487000901;L'Yerres à Villeneuve-Saint-Georges - SR10_PY [SYAGE];2.445549063;48.725112141;94;L'Yerres;VAL-DE-MARNE
F664000401;La Marne à Créteil - Barrage (amont) [VNF];2.470549495;48.796877454;94;La Marne;VAL-DE-MARNE
F664000402;La Marne à Créteil - Barrage (aval) [VNF];2.469978246;48.799057468;94;La Marne;VAL-DE-MARNE
F664000404;La Marne à Créteil - Passerelle - Station débitmétrique;2.466897339;48.805234503;94;La Marne;VAL-DE-MARNE
F664000301;La Marne à Joinville-le-Pont - Barrage (amont) [VNF];2.47647795;48.815214971;94;La Marne;VAL-DE-MARNE
F664000601;La Marne à Saint-Maurice - Barrage (amont) [VNF];2.426523525;48.816658646;94;La Marne;VAL-DE-MARNE
F664000602;La Marne à Saint-Maurice - Barrage (aval) [VNF];2.422647517;48.816896291;94;La Marne;VAL-DE-MARNE
F664000603;La Marne à Saint-Maurice - Dernier bassin Passe à Poisson;2.42423461;48.815868117;94;La Marne;VAL-DE-MARNE
F468000101;La Seine à Ablon-sur-Seine - Barrage (amont) [VNF];2.416139463;48.717501657;94;La Seine;VAL-DE-MARNE
F468000102;La Seine à Ablon-sur-Seine - Barrage (aval) [VNF];2.419300946;48.719235042;94;La Seine;VAL-DE-MARNE
F490000105;La Seine à Alfortville - Barrage de Port à l'Anglais (amont) [VNF];2.419361449;48.798186693;94;La Seine;VAL-DE-MARNE
F490000106;La Seine à Alfortville - Barrage de Port à l'Anglais (aval) [VNF];2.417356239;48.799759864;94;La Seine;VAL-DE-MARNE
F490000107;La Seine à Alfortville - Historique [1966-1990];2.418257412;48.78047654;94;La Seine;VAL-DE-MARNE
F490000101;La Seine à Alfortville - Historique [avant 1966];2.417891519;48.780640435;94;La Seine;VAL-DE-MARNE
F490000104;La Seine à Alfortville - Station débitmétrique [>1997];2.418295494;48.780238495;94;La Seine;VAL-DE-MARNE
F490000103;La Seine à Alfortville - historique [1990-1997];2.418295494;48.780238495;94;La Seine;VAL-DE-MARNE
F486000401;Le Reveillon à Villecresnes - SR13 [SYAGE];2.542126466;48.719499687;94;Le Reveillon;VAL-DE-MARNE
F486000601;Le fossé 02 de la Commune de Santeny à Santeny - SR24 [SYAGE];2.582321535;48.732550824;94;Fossé 02 de la Commune de Santeny;VAL-DE-MARNE
H317061010;L'Aubette à Ambleville;1.68956453;49.150901899;95;L'Aubette;VAL-D'OISE
H225000301;L'Oise à Persan;2.285146315;49.145810587;95;L'Oise;VAL-D'OISE
H227000102;L'Oise à Pontoise - Barrage (aval);2.095934564;49.034116605;95;L'Oise;VAL-D'OISE
H226000101;L'Oise à l'Isle-Adam - Barrage (amont);2.213238429;49.120748375;95;L'Oise;VAL-D'OISE
H226000102;L'Oise à l'Isle-Adam - Barrage (aval) [VNF];2.213168248;49.117250249;95;L'Oise;VAL-D'OISE
H226000103;L'Oise à l'Isle-Adam - Isle-Adam Amont [VNF];2.213659631;49.120999294;95;L'Oise;VAL-D'OISE
H224000801;L'Ysieux à Lassy;2.446714719;49.098856257;95;L'Ysieux;VAL-D'OISE
H224000501;L'Ysieux à Luzarches - Bertinval;2.415803309;49.132871793;95;L'Ysieux;VAL-D'OISE
H224000401;L'Ysieux à Luzarches - Brassay;2.444365854;49.114251496;95;L'Ysieux;VAL-D'OISE
H224000502;L'Ysieux à Viarmes - Moulin de Giez;2.400182259;49.136499276;95;L'Ysieux;VAL-D'OISE
H224000101;La Thève à Asnières-sur-Oise [Partielle] - Baillon;2.402655312;49.151382726;95;La Theve;VAL-D'OISE
H228000402;La Viosne à Ableiges;1.985536775;49.088251013;95;La Viosne;VAL-D'OISE
H228000401;La Viosne à Ableiges - SRAE;1.985536775;49.088251013;95;La Viosne;VAL-D'OISE
H228000301;La Viosne à Pontoise - Bassin des Patis;2.081542405;49.053337435;95;;VAL-D'OISE
H226000201;Le Sausseron à Nesles-la-Vallée;2.171138168;49.126085324;95;Le Sausseron;VAL-D'OISE
H227000301;Le ru de Liesse à Saint-Ouen-l'Aumône - Débit de liesse;2.133284414;49.034676831;95;;VAL-D'OISE
H224000201;[Le ru de Baillon] à Asnières-sur-Oise;2.401078634;49.149046232;95;;VAL-D'OISE
1120000101;La Grande Rivière de Capesterre à Capesterre-Belle-Eau [Prise d'eau La Digue];-61.609380634;16.071665156;971;Grande Rivière de Capesterre;GUADELOUPE
1120000301;La Grande Rivière de Capesterre à Capesterre-Belle-Eau [cote 95];-61.585446667;16.066805019;971;Grande Rivière de Capesterre;GUADELOUPE
1120000201;La Grande Rivière de Capesterre à Capesterre-Belle-Eau [pont RN];-61.56608824;16.057036348;971;Grande Rivière de Capesterre;GUADELOUPE
1221000201;La Grande Rivière de Vieux-Habitants à Vieux-Habitants [Pont RN];-61.759929533;16.059657043;971;Grande Rivière de Vieux-habitants;GUADELOUPE
1221000101;La Grande Rivière de Vieux-Habitants à Vieux-Habitants [Prise d'eau Barthole];-61.72516397;16.086609095;971;Grande Rivière de Vieux-habitants;GUADELOUPE
1220000201;La Grande Rivière de Vieux-Habitants à Vieux-Habitants [cote 325];-61.717583131;16.101603762;971;Grande Rivière de Vieux-habitants;GUADELOUPE
1220000101;La Grande Rivière de Vieux-Habitants à Vieux-Habitants [cote 570];-61.695519784;16.110056606;971;Grande Rivière de Vieux-habitants;GUADELOUPE
1011000101;La Grande Rivière à Goyaves à Petit-Bourg [Barbotteau];-61.658989597;16.189402471;971;Grande Rivière à Goyaves;GUADELOUPE
1011000401;La Grande Rivière à Goyaves à Petit-Bourg [Vernou];-61.672778414;16.158271038;971;Grande Rivière à Goyaves;GUADELOUPE
1025000201;La Grande Rivière à Goyaves à Sainte-Rose [Bonne Mère] - Bonne Mère;-61.667993471;16.271941152;971;Grande Rivière à Goyaves;GUADELOUPE
1025000101;La Grande Rivière à Goyaves à Sainte-Rose [La Boucan];-61.668130065;16.27971171;971;Grande Rivière à Goyaves;GUADELOUPE
1113000101;La Lézarde à Petit-Bourg [cote 85];-61.647192928;16.180126943;971;Rivière la Lézarde;GUADELOUPE
1040000201;La Rivière Moustique (Sainte-Rose) à Sainte-Rose [Forêt de Marolles];-61.715113667;16.296798381;971;Rivière Moustique (sainte-rose);GUADELOUPE
1040000101;La Rivière Moustique (Sainte-Rose) à Sainte-Rose [Ravine Bleue];-61.717770023;16.293870123;971;Rivière Moustique (sainte-rose);GUADELOUPE
1311000101;La ravine Bacadore aux Abymes;-61.508468286;16.255793409;971;Ravine Bacadore;GUADELOUPE
1530000101;La ravine Bombo à Sainte-Anne;-61.3790885;16.252520424;971;Ravine Bombo;GUADELOUPE
1362000101;La ravine Cassis à Port-Louis [Pont voie ferrée];-61.508933348;16.441174358;971;Ravine Cassis;GUADELOUPE
1350000101;La ravine Gaschet à Petit-Canal [Duval];-61.441215057;16.40045727;971;Ravine Gaschet;GUADELOUPE
1355000101;La ravine Gaschet à Port-Louis [Pont RN 6];-61.49924553;16.403970454;971;Ravine Gaschet;GUADELOUPE
1355000201;La ravine Gaschet à Port-Louis [Retenue Gachet];-61.488267384;16.415513864;971;Ravine Gaschet;GUADELOUPE
1332000101;La ravine des Coudes à Morne-à-l'Eau;-61.440836092;16.329290583;971;Ravine des Coudes;GUADELOUPE
1224000101;La rivière Beaugendre à Vieux-Habitants [cote 77];-61.74909047;16.098599964;971;Rivière Beaugendre;GUADELOUPE
1016000301;La rivière Bras David [Petit-Bourg [cote 130]] à Petit-Bourg [cote 130];-61.673385354;16.193433429;971;Rivière Bras David;GUADELOUPE
1015000101;La rivière Bras David à Petit-Bourg [Maison Forêt];-61.69319975;16.175997699;971;Rivière Bras David;GUADELOUPE
1016000101;La rivière Bras David à Petit-Bourg [Prise d'eau Duclos];-61.666435864;16.199136863;971;Rivière Bras David;GUADELOUPE
1236000101;La rivière Deshaies à Deshaies;-61.782752138;16.296690263;971;Rivière Deshaies;GUADELOUPE
1235000101;La rivière Ferry à Deshaies [cote 35];-61.79058361;16.285746742;971;Rivière Ferry;GUADELOUPE
1131000101;La rivière Grande Anse à Trois-Rivières [Pont RD];-61.659512131;15.963211632;971;Rivière Grande Anse;GUADELOUPE
1227000301;La rivière Lostau à Bouillante [Déversoir];-61.750553449;16.162022446;971;Rivière Lostau;GUADELOUPE
1227000101;La rivière Lostau à Bouillante [Pont RD];-61.765614739;16.162251555;971;Rivière Lostau;GUADELOUPE
1227000201;La rivière Lostau à Bouillante [cote 70];-61.757070717;16.160722892;971;Rivière Lostau;GUADELOUPE
1123000101;La rivière Moreau à Goyave [cote 170];-61.615206314;16.123740687;971;Rivière Moreau;GUADELOUPE
1110000101;La rivière Moustique Petit-Bourg à Petit-Bourg [Prise d'eau Trianon];-61.627789221;16.157806841;971;Rivière Moustique Petit-Bourg;GUADELOUPE
1111000101;La rivière Moustique Petit-Bourg à Petit-Bourg [pont RN];-61.60212418;16.181951987;971;Rivière Moustique Petit-Bourg;GUADELOUPE
1641000101;La rivière Saint-Louis à Saint-Louis [Marie-Galante];-61.289587036;15.935073394;971;Rivière Saint-Louis;GUADELOUPE
1213000101;La rivière aux Herbes à Basse-Terre;-61.725152838;15.996332898;971;Rivière aux Herbes;GUADELOUPE
1021000101;La rivière de Bras de Sable à Lamentin [Ravine Chaude];-61.668681698;16.225308732;971;Rivière de Bras de Sable;GUADELOUPE
1044000101;La rivière de Nogent à Sainte-Rose;-61.745007441;16.336032497;971;Rivière de Nogent;GUADELOUPE
1232000101;La rivière de Petite-Plaine à Pointe-Noire;-61.776039409;16.224316529;971;Rivière de Petite-Plaine;GUADELOUPE
1232000102;La rivière de Petite-Plaine à Pointe-Noire - 2;-61.776039409;16.224316529;971;Rivière de Petite-Plaine;GUADELOUPE
1232000201;La rivière de Petite-Plaine à Pointe-Noire [Historique];-61.749389451;16.229505466;971;Rivière de Petite-Plaine;GUADELOUPE
1126000101;La rivière de Sainte-Marie à Capesterre-Belle-Eau;-61.562456953;16.100001781;971;Rivière de Sainte-Marie;GUADELOUPE
1212000101;La rivière des Pères à Baillif;-61.739269766;16.010759526;971;Rivière des Pères;GUADELOUPE
1134000301;La rivière du Bananier à Capesterre-Belle-Eau [Déversoir au limnigraphe];-61.615282247;16.024999945;971;Rivière du Bananier;GUADELOUPE
1134000201;La rivière du Bananier à Capesterre-Belle-Eau [Déversoir à l'échelle];-61.615413076;16.02500079;971;Rivière du Bananier;GUADELOUPE
1134000101;La rivière du Bananier à Capesterre-Belle-Eau [Pont Thévenin];-61.609276275;16.019158627;971;Rivière du Bananier;GUADELOUPE
1214000101;La rivière du Galion à Basse-Terre [Pont du Galion];-61.720413666;15.989236632;971;Rivière du Galion;GUADELOUPE
1122000101;La rivière du Grand Carbet à Capesterre-Belle-Eau [Amont prise Marquis];-61.605619672;16.039714664;971;Rivière du Grand Carbet;GUADELOUPE
1122000301;La rivière du Grand Carbet à Capesterre-Belle-Eau [Barrage];-61.623693349;16.045389917;971;Rivière du Grand Carbet;GUADELOUPE
1122000201;La rivière du Grand Carbet à Capesterre-Belle-Eau [Cote 15];-61.57502155;16.022531066;971;Rivière du Grand Carbet;GUADELOUPE
1218000101;La rivière du Plessis à Baillif;-61.718538802;16.067742559;971;Rivière du Plessis;GUADELOUPE
1121000101;La rivière du Pérou à Capesterre-Belle-Eau [cote 205];-61.603401793;16.057559475;971;Rivière du Pérou;GUADELOUPE
1112000101;La rivière la Rose à Goyave [cote 75];-61.597352472;16.149653493;971;Rivière la Rose;GUADELOUPE
1542000101;[Grande Ravine] au Gosier [Pont RN 4];-61.497841135;16.217444195;971;;GUADELOUPE
1020000101;[Grande riviere a goyave] à Petit-Bourg [Prise d'eau, cote 90];-61.653093292;16.205118648;971;;GUADELOUPE
1011000201;[Grande riviere a goyave] à Petit-Bourg [canal d'Arnouville];-61.651949755;16.19582925;971;;GUADELOUPE
1011000301;[La Grande Rivière à Goyaves à Petit-Bourg-Barboteau] à Petit-Bourg [pont de la Traversée];-61.65561032;16.193954427;971;;GUADELOUPE
1016000201;[La rivière Bras David] à Petit-Bourg [cote 110];-61.657233929;16.202822061;971;;GUADELOUPE
1124000101;[Petite Riviere A Goyave] à Goyave - cote 10;-61.587337245;16.127263578;971;;GUADELOUPE
1422000101;[ravine Gardel] au Moule;-61.322648953;16.311995675;971;;GUADELOUPE
2404000101;La Gondeau au Lamentin [Pont de Gondeau];-61.023931232;14.632474171;972;Gondeau;MARTINIQUE
2813000201;La Grande Rivière Pilote à Rivière-Pilote [lescouet];-60.890072824;14.498893027;972;Grande Rivière Pilote;MARTINIQUE
2101000101;La Grande Rivière à Grand'Rivière [Bourg Grand Rivière] - 1;-61.178256371;14.873158238;972;Grande Rivière;MARTINIQUE
2101000102;La Grande Rivière à Grand'Rivière [Bourg Grand Rivière] - 2;-61.178256371;14.873158238;972;Grande Rivière;MARTINIQUE
2414000101;La Jambette à Fort-de-France [Jambette] - favorite;-61.034979423;14.632967635;972;la Jambette;MARTINIQUE
2521000401;La Lézarde au Lamentin [Gué de la Désirade];-60.995933352;14.666436069;972;La Lézarde;MARTINIQUE
2521000101;La Lézarde au Lamentin [Pont RN1] - 1;-60.985489727;14.62517646;972;La Lézarde;MARTINIQUE
2521000102;La Lézarde au Lamentin [Pont RN1] - 2;-60.985489727;14.62517646;972;La Lézarde;MARTINIQUE
2521000201;La Lézarde au Lamentin [Pont de Mare];-60.998352278;14.651647472;972;La Lézarde;MARTINIQUE
2521000301;La Lézarde au Lamentin [Pont du Soudon];-60.993999657;14.645465054;972;La Lézarde;MARTINIQUE
2541000101;La Lézarde au Lamentin [Ressource];-60.987499011;14.611799759;972;La Lézarde;MARTINIQUE
2543000101;La Lézarde au Lamentin [pt-Spitz];-60.998224292;14.605747482;972;La Lézarde;MARTINIQUE
2503000101;La Lézarde à Gros-Morne [Lézarde 2];-61.033428439;14.709559449;972;La Lézarde;MARTINIQUE
2501000101;La Lézarde à Gros-Morne [Palourde];-61.048843648;14.716331664;972;La Lézarde;MARTINIQUE
2503000301;La Lézarde à Gros-Morne [Tronc commun];-61.022531224;14.700649554;972;La Lézarde;MARTINIQUE
2503000201;La Lézarde à Gros-Morne [rd-15-b- Lezarde];-61.026200998;14.703380604;972;La Lézarde;MARTINIQUE
2812000101;La Petite Rivière Pilote à Rivière-Pilote [Madeleine];-60.904818828;14.496114205;972;Petite Rivière Pilote;MARTINIQUE
2813000101;La Petite Rivière Pilote à Rivière-Pilote [Pomponne];-60.903969933;14.484987307;972;Petite Rivière Pilote;MARTINIQUE
2533000101;La Petite Rivière au Lamentin [Brasserie Lorraine] - 1;-60.97419328;14.625094369;972;Petite Rivière;MARTINIQUE
2533000102;La Petite Rivière au Lamentin [Brasserie Lorraine] - 2;-60.97419328;14.625094369;972;Petite Rivière;MARTINIQUE
2329000101;La Roxelane à Saint-Pierre [Bourg Saint Pierre];-61.176308059;14.749127233;972;la Roxelane;MARTINIQUE
2328000101;La Roxelane à Saint-Pierre [Pecoul];-61.163459122;14.757457549;972;la Roxelane;MARTINIQUE
2604000101;La ravine Gaschette au Robert [Gaschette];-60.940031396;14.688732455;972;Ravine Gaschette;MARTINIQUE
2805000101;La ravine de la Laugier à Rivière-Salée [Laugier];-60.977396267;14.52424337;972;Ravine de la Laugier;MARTINIQUE
2511000201;La rivière Blanche à Fort-de-France [Alma];-61.093952971;14.705769475;972;Rivière Blanche;MARTINIQUE
2511000101;La rivière Blanche à Fort-de-France [Pont de l'Alma];-61.09254523;14.704929928;972;Rivière Blanche;MARTINIQUE
2512000201;La rivière Blanche à Saint-Joseph [Bouliki aval];-61.068678697;14.69963084;972;Rivière Blanche;MARTINIQUE
2512000101;La rivière Blanche à Saint-Joseph [Bouliki];-61.073444949;14.702960368;972;Rivière Blanche;MARTINIQUE
2514000101;La rivière Blanche à Saint-Joseph [Fond Ferret];-61.022964534;14.675805438;972;Rivière Blanche;MARTINIQUE
2512000301;La rivière Blanche à Saint-Joseph [aval prise SICSM] - 1;-61.03554371;14.68061176;972;Rivière Blanche;MARTINIQUE
2512000302;La rivière Blanche à Saint-Joseph [aval prise SICSM] - 2;-61.03554371;14.68061176;972;Rivière Blanche;MARTINIQUE
2512000401;La rivière Blanche à Saint-Joseph [pt-de-riv-blanche] - pt-blanche;-61.044226351;14.685145736;972;Rivière Blanche;MARTINIQUE
2544000301;La rivière Caleçon au Lamentin [Autoroute];-61.004323585;14.599954616;972;Rivière Caleçon;MARTINIQUE
2544000101;La rivière Caleçon au Lamentin [Caleçon];-60.962681039;14.613689172;972;Rivière Caleçon;MARTINIQUE
2544000201;La rivière Caleçon au Lamentin [Gaigneron RD];-60.99753845;14.604004971;972;Rivière Caleçon;MARTINIQUE
2115000101;La rivière Capot au Lorrain [Saut Babin];-61.106495975;14.812058121;972;Rivière Capot;MARTINIQUE
2115000201;La rivière Capot au Lorrain [Vivé-capot];-61.096447645;14.831861995;972;Rivière Capot;MARTINIQUE
2113000101;La rivière Capot au Morne-Rouge [Mackintosh];-61.11098285;14.776624396;972;Rivière Capot;MARTINIQUE
2113000201;La rivière Capot au Morne-Rouge [mackintosh] - Pont de Mackintosh;-61.116639324;14.778259074;972;Rivière Capot;MARTINIQUE
2302000101;La rivière Case-Navire à Schœlcher [Anse Madame];-61.100287937;14.618484551;972;Rivière Case-Navire;MARTINIQUE
2302000201;La rivière Case-Navire à Schœlcher [Fond Rousseau];-61.097887359;14.626501082;972;Rivière Case-Navire;MARTINIQUE
2302000301;La rivière Case-Navire à Schœlcher [case navire] - Case Navire;-61.100055406;14.617853328;972;Rivière Case-Navire;MARTINIQUE
2613000101;La rivière Desroses au François [Belle-ame];-60.919731401;14.613149785;972;Rivière Desroses;MARTINIQUE
2615000101;La rivière Desroses au François [Pont- Martienne];-60.909463185;14.616384816;972;Rivière Desroses;MARTINIQUE
2616000101;La rivière Deux Courants au François [Séraphin];-60.902648296;14.61368096;972;Rivière Deux Courants;MARTINIQUE
2301000201;La rivière Dumauzé à Fort-de-France [Absalon];-61.097490855;14.676753304;972;Rivière Dumauzé;MARTINIQUE
2301000101;La rivière Dumauzé à Fort-de-France [Didier];-61.09286828;14.6616867;972;Rivière Dumauzé;MARTINIQUE
2423000101;La rivière Madame à Fort-de-France [Pont de Chaine] - 1;-61.071269419;14.61689841;972;Rivière Madame;MARTINIQUE
2423000102;La rivière Madame à Fort-de-France [Pont de Chaine] - 2;-61.071269419;14.61689841;972;Rivière Madame;MARTINIQUE
2423000201;La rivière Madame à Fort-de-France [Pont de la Cartonnerie];-61.072165027;14.615273483;972;Rivière Madame;MARTINIQUE
2715000101;La rivière Massel au Marin [Puyferrat - Pont RN 6];-60.852992932;14.501105405;972;Rivière Massel;MARTINIQUE
2824000101;La rivière Oman à Sainte-Luce [Dormante];-60.961577974;14.486141542;972;Rivière Oman;MARTINIQUE
2822000101;La rivière Oman à Sainte-Luce [Morne Lavison];-60.963652676;14.488462522;972;Rivière Oman;MARTINIQUE
2504000101;La rivière Petite Lézarde à Gros-Morne [Saint Maurice];-60.993689841;14.675951231;972;Rivière Petite Lézarde;MARTINIQUE
2116000101;La rivière Pirogue au Lorrain [Pont Desgrottes];-61.101868228;14.804790393;972;Rvière Pirogue;MARTINIQUE
2211000101;La rivière de Bezaudin à Sainte-Marie [Sainte-Marie];-61.006936513;14.773034836;972;Rivière de Bezaudin;MARTINIQUE
2701000101;La rivière de Paquemar au Vauclin [Morne Jalouse];-60.850910104;14.518406682;972;Rivière de Paquemar;MARTINIQUE
2804000101;La rivière de Trenelle à Rivière-Salée [Habitation Boulevard];-60.964644448;14.527102542;972;Rivière de Trenelle;MARTINIQUE
2014000101;La rivière de l'Anse Céron au Prêcheur;-61.225533373;14.831497784;972;Rivière de l'Anse Céron;MARTINIQUE
2322000101;La rivière du Carbet au Carbet [Fond Baise];-61.169082937;14.714960626;972;Rivière du Carbet;MARTINIQUE
2320000101;La rivière du Carbet à Fonds-Saint-Denis [fond mascret];-61.141301418;14.729517849;972;Rivière du Carbet;MARTINIQUE
2221000101;La rivière du Galion Bras Gommier Percé à Gros-Morne [Bras-Gommier];-61.037961962;14.730869121;972;Rivière du Galion Bras Gommier Percé;MARTINIQUE
2225000201;La rivière du Galion à la Trinité [Bassignac];-60.98797774;14.730483451;972;Rivière du Galion;MARTINIQUE
2225000101;La rivière du Galion à la Trinité [Grand Galion];-60.960337268;14.717007964;972;Rivière du Galion;MARTINIQUE
2225000301;La rivière du Galion à la Trinité [bassignac];-60.981706085;14.729521489;972;Rivière du Galion;MARTINIQUE
2402000201;La rivière du Longvilliers [longvilliers] au Lamentin - Long pré;-61.009013544;14.636088193;972;Rivière du Longvilliers;MARTINIQUE
2402000101;La rivière du Longvilliers au Lamentin [Balleu];-61.016305292;14.648854081;972;Rivière du Longvilliers;MARTINIQUE
2205000301;La rivière du Lorrain au Lorrain [Pont de la Pirogue];-61.057075397;14.796735688;972;Rivière du Lorrain;MARTINIQUE
2205000101;La rivière du Lorrain au Lorrain [SCNA];-61.055504668;14.788161638;972;Rivière du Lorrain;MARTINIQUE
2205000201;La rivière du Lorrain au Lorrain [confluence Pirogue];-61.059176417;14.779809287;972;Rivière du Lorrain;MARTINIQUE
2623000101;La rivière du Simon au François [Fontane2];-60.876715582;14.583676836;972;Rivière du Simon;MARTINIQUE
2623000201;La rivière du Simon au François [Fontane];-60.880462383;14.580573212;972;Rivière du Simon;MARTINIQUE
2804000201;La rivière l'Abandon à Rivière-Salée [Pont Violon - RN 5];-60.98144987;14.534648901;972;Rivière l'Abandon;MARTINIQUE
2808000101;La rivière la Manche à Ducos [Pont RN 7];-60.964891696;14.564889911;972;Rivière la Manche;MARTINIQUE
2803000101;La rivière les Coulisses à Rivière-Salée [Petit-Bourg] - 1;-60.960058505;14.547599077;972;Rivière les Coulisses;MARTINIQUE
2803000102;La rivière les Coulisses à Rivière-Salée [Petit-Bourg] - 2;-60.960058505;14.547599077;972;Rivière les Coulisses;MARTINIQUE
2802000101;La rivière les Coulisses à Saint-Esprit [pont-secours] - Rivière Cacao;-60.937987677;14.562362799;972;Rivière les Coulisses;MARTINIQUE
2723000101;Le Crêve Cœur à Sainte-Anne [cote 10];-60.853616487;14.449215372;972;Crêve coeur;MARTINIQUE
2902000101;Le fond Placide au Diamant [Petits Lézards];-61.031695201;14.487280205;972;Fond Placide;MARTINIQUE
2805000201;Le ravin Médecin à Rivière-Salée [Médecin];-60.983282868;14.524137738;972;Ravin Médecin;MARTINIQUE
2542000101;[Canal Mamin] au Lamentin;-60.994998202;14.617685939;972;;MARTINIQUE
2532000101;au Lamentin [cote 45];-60.965244359;14.643588774;972;;MARTINIQUE
8031000101;L'Approuague à Régina [Pierrette];-52.560331985;4.019507259;973;approuague, l' (fleuve);GUYANE
8032000101;L'Approuague à Régina [Saut Athanase];-52.321934053;4.187812533;973;approuague, l' (fleuve);GUYANE
8011000101;L'Approuague à Régina [Saut Grand Kanori];-52.669731887;3.616710407;973;approuague, l' (fleuve);GUYANE
9110000101;L'Orapu à Roura [Saut Bernard];-52.385968173;4.45795925;973;orapu (rivière);GUYANE
6000000101;L'Oyapock à Camopi - Camopi;-52.32699647;3.171688901;973;"oyapock, l' (fleuve); kérindioutou (rivière)";GUYANE
6000000102;L'Oyapock à Camopi - Mokata;-52.322583447;3.171667805;973;"oyapock, l' (fleuve); kérindioutou (rivière)";GUYANE
6242000101;L'Oyapock à Camopi [Alikoto];-52.330644036;3.081554738;973;"oyapock, l' (fleuve); kérindioutou (rivière)";GUYANE
6020000101;L'Oyapock à Saint-Georges [Saut Maripa];-51.884756948;3.801667815;973;"oyapock, l' (fleuve); kérindioutou (rivière)";GUYANE
6122000101;La Camopi à Camopi [Bienvenue];-52.36704657;3.178691204;973;camopi (rivière);GUYANE
6122000301;La Camopi à Camopi [Saut Chien];-52.488043995;3.176090312;973;camopi (rivière);GUYANE
6122000201;La Camopi à Camopi [Saut Mombin];-52.38324561;3.180794963;973;camopi (rivière);GUYANE
5471000101;La Malani à Maripasoula [Aloupata];-54.088677656;3.225621995;973;"malani ouest (crique); malani (rivière)";GUYANE
7022000101;La Mana à Mana [Saut Chien];-53.722771782;4.878134131;973;mana, la (fleuve);GUYANE
7050000101;La Mana à Mana [Saut Sabbat];-53.672679099;5.384362248;973;mana, la (fleuve);GUYANE
5522000101;La Tampok à Maripasoula [Degrad Roche];-53.832881668;3.405833417;973;tampok (rivière);GUYANE
5522000102;La Tampok à Maripasoula [Degrad Roche] - Cayode;-53.83303385;3.407139565;973;tampok (rivière);GUYANE
5143000101;"La Tapanahoni; Tapanahoni supérieure à Grand-Santi [Kio Konde]";-54.544087482;4.226223115;973;"tapanahoni, la (rivière); tapanahoni supérieure, la (rivière)";GUYANE
5063000101;"La crique Balaté (Branche Ouest); crique Balaté à Saint-Laurent-du-Maroni [Balaté]";-54.033891349;5.465312072;973;"balaté, branche ouest (crique); balaté (crique)";GUYANE
9120000101;La crique Bellevue [La rivière des Cascades] à Montsinéry-Tonnegrande [Cascade];-52.468595189;4.754533934;973;bellevue (crique);GUYANE
9024000201;La crique Grégoire à Sinnamary - Grande Chute (station 1);-53.071215814;5.09059564;973;grégoire (crique);GUYANE
9024000203;La crique Grégoire à Sinnamary - Petit Saut (station 2);-53.04852589;5.094754722;973;grégoire (crique);GUYANE
9024000202;La crique Grégoire à Sinnamary - Station 3;-53.053170916;5.092407374;973;grégoire (crique);GUYANE
9134000101;La crique Karouabo à Kourou [Pont ancienne RN 1 (CSG)];-52.785487428;5.227193576;973;karouabo (crique);GUYANE
9012000101;La crique Leblond à Saint-Élie [Crique Leblond];-53.152725422;4.732530656;973;"leblond (crique); petit leblond (crique); eau claire (crique)";GUYANE
9133000101;La crique Passoura à Kourou [Pont déviation RN 1];-52.699673946;5.150361699;973;passoura (crique);GUYANE
9024000301;La crique Toussaint à Sinnamary [Crique Toussaint];-53.003849668;5.35882275;973;toussaint (crique);GUYANE
9111000101;La rivière de Kounana à Roura [Degrad Lalanne];-52.262592691;4.536543916;973;kounana, de (rivière);GUYANE
9121000102;La rivière de Tonnégrande à Montsinéry-Tonnegrande - Bagne annamites;-52.521733372;4.8192369;973;tonnégrande, de (rivière);GUYANE
9121000101;La rivière de Tonnégrande à Montsinéry-Tonnegrande - Carbet ONF;-52.521056907;4.818565758;973;tonnégrande, de (rivière);GUYANE
9131000101;Le Kourou à Kourou [Roche Léodate];-52.790250953;4.89644235;973;kourou, le (fleuve);GUYANE
9131000102;Le Kourou à Kourou [Roche Léodate] - station amont;-52.792182043;4.897142476;973;kourou, le (fleuve);GUYANE
9020000101;Le Koursibo à Saint-Élie [Adieu Vat];-53.012364368;4.882972746;973;koursibo (rivière);GUYANE
9011000101;Le Koursibo à Saint-Élie [Saut l'Autel];-53.110283097;4.741412715;973;koursibo (rivière);GUYANE
9104000101;Le Mahury [La Comté] à Roura [Saut Bief];-52.510677659;4.535551791;973;"mahury, le (fleuve); oyak (rivière); brodel (crique); comté, la (rivière)";GUYANE
5424000101;Le Maroni [La Litani] à Maripasoula;-54.119527324;3.279467073;973;"maroni, le (fleuve); lawa, la (rivière); alitanie, l' (rivière)";GUYANE
5424000102;Le Maroni [La Litani] à Maripasoula;-54.071830172;3.295289409;973;"maroni, le (fleuve); lawa, la (rivière); alitanie, l' (rivière)";GUYANE
5423000101;Le Maroni [La Litani] à Maripasoula [Kalewat];-54.189616188;3.199926168;973;"maroni, le (fleuve); lawa, la (rivière); alitanie, l' (rivière)";GUYANE
5220000101;Le Maroni [Lawa] à Maripasoula [Taluen];-54.052141374;3.384284466;973;"maroni, le (fleuve); lawa, la (rivière); alitanie, l' (rivière)";GUYANE
5221000201;Le Maroni [Lawa] à Papaichton;-54.142595126;3.805435012;973;"maroni, le (fleuve); lawa, la (rivière); alitanie, l' (rivière)";GUYANE
5241000101;Le Maroni [Le Lawa] à Grand-Santi;-54.381600578;4.27152742;973;"maroni, le (fleuve); lawa, la (rivière); alitanie, l' (rivière)";GUYANE
5221000101;Le Maroni [Le Lawa] à Maripasoula;-54.024466036;3.647586494;973;"maroni, le (fleuve); lawa, la (rivière); alitanie, l' (rivière)";GUYANE
5041000101;Le Maroni à Apatou [Langa Tabiki];-54.436911882;4.986100844;973;"maroni, le (fleuve); lawa, la (rivière); alitanie, l' (rivière)";GUYANE
5061000101;Le Maroni à Saint-Laurent-du-Maroni - Au port;-54.036170715;5.493567718;973;"maroni, le (fleuve); lawa, la (rivière); alitanie, l' (rivière)";GUYANE
9003000101;Le Sinnamary à Saint-Élie [Saut Dalles];-52.886753864;4.549414056;973;sinnamary, le (fleuve);GUYANE
9023000101;Le Sinnamary à Saint-Élie [Saut Tigre];-53.03357645;4.966962885;973;sinnamary, le (fleuve);GUYANE
9024000101;Le Sinnamary à Sinnamary [Petit Saut] - amont;-53.044362163;5.066750236;973;sinnamary, le (fleuve);GUYANE
9024000102;Le Sinnamary à Sinnamary [Petit Saut] - aval;-53.058342664;5.071379993;973;sinnamary, le (fleuve);GUYANE
6201000101;[Oyapock à Trois Sauts] à Camopi - Oyapock à Trois Sauts;-52.872735355;2.25838631;973;;GUYANE
4050000101;L'étang Saint-Paul [Etang] à Saint-Paul;55.288710268;-20.989957783;974;Étang de Saint-Paul;LA REUNION
4030000201;La Grande Rivière Saint-Jean [Bras principal] à Saint-André [Grand Bras];55.605666402;-20.969053684;974;Grande Rivière Saint-Jean;LA REUNION
4030000101;La Grande Rivière Saint-Jean [Bras principal] à Sainte-Suzanne [Pont RN 2002];55.641920525;-20.932353037;974;Grande Rivière Saint-Jean;LA REUNION
4030000901;La Grande Rivière Saint-Jean à Saint-André [Amont Cascade Pichon];55.63799635;-20.94841096;974;Grande Rivière Saint-Jean;LA REUNION
4030000301;La Petite Rivière Saint-Jean [Affluent] à Sainte-Suzanne [Cascade Délice];55.633827755;-20.93620008;974;Petite Rivière Saint-Jean;LA REUNION
4050000201;La ravine Bernica [Bras Principal] à Saint-Paul;55.309595961;-21.058356126;974;Ravine Bernica;LA REUNION
4062000501;La ravine Blanche [Bras Principal] au Tampon [Plaine des Cafres];55.593253499;-21.215006669;974;Ravine Blanche;LA REUNION
4062000301;La ravine Blanche [Bras Principal] à Saint-Pierre [Abattoir ZI n°1];55.458790109;-21.333392557;974;Ravine Blanche;LA REUNION
4062000601;La ravine Blanche [Bras Principal] à Saint-Pierre [La Chatoire];55.503628871;-21.284079951;974;Ravine Blanche;LA REUNION
4062000401;La ravine Blanche [Bras Principal] à Saint-Pierre [Pont de la RD 3];55.513644261;-21.276246638;974;Ravine Blanche;LA REUNION
4062000701;La ravine Blanche [Bras principal] au Tampon [Pont de la RN 3];55.52487778;-21.265984391;974;Ravine Blanche;LA REUNION
4031000601;La ravine Mère Canal à Sainte-Marie;55.518391978;-20.975236896;974;Ravine Mère Canal;LA REUNION
4051000301;La ravine Saint-Gilles [Bras Principal] à Saint-Paul [Le Verrou];55.238226885;-21.048767947;974;Ravine Saint-Gilles;LA REUNION
4051000302;La ravine Saint-Gilles [Bras Principal] à Saint-Paul [Le Verrou] - Verrou;55.238226885;-21.048767947;974;Ravine Saint-Gilles;LA REUNION
4051000101;La ravine Saint-Gilles [Bras principal] à Saint-Paul [Pont RN 1a];55.229631108;-21.052327664;974;Ravine Saint-Gilles;LA REUNION
4062000101;La ravine des Cabris [Bras Principal] à Saint-Pierre [Pont de la RN 1];55.442894906;-21.316688854;974;Ravine des Cabris;LA REUNION
4062000201;La ravine des Cabris [Bras Principal] à Saint-Pierre [Pont de la RN 3];55.497932157;-21.277507367;974;Ravine des Cabris;LA REUNION
4032000101;La ravine des Patates à Durand [Bras principal] à Saint-Denis;55.472893068;-20.893345654;974;Ravine des Patates à Durand;LA REUNION
4032000201;La ravine du Butor [Bras principal] à Saint-Denis;55.464660969;-20.888041608;974;Ravine du Butor;LA REUNION
4051000501;La ravine du Grand Étang [Bras Principal] à Saint-Leu [Pont de la RN 1A];55.290258953;-21.168312252;974;Ravine du Grand Étang;LA REUNION
4051000401;La ravine du Grand Étang [Bras Principal] à Saint-Leu [Pont du Centre-Ville];55.287934952;-21.168595843;974;Ravine du Grand Étang;LA REUNION
4051000601;La ravine du Petit Étang [Bras Principal] à Saint-Leu [Pont du Centre-Ville];55.288075395;-21.169780518;974;Ravine du Petit Étang;LA REUNION
4013000401;La rivière Bras Panon à Bras-Panon [Aval radier Paniandy] - Aval radier Paniandy;55.663069594;-20.996786781;974;Rivière Bras Panon;LA REUNION
4013000501;La rivière Bras Panon à Bras-Panon [Libéria];55.675198473;-21.003521471;974;Rivière Bras Panon;LA REUNION
4001000301;La rivière Langevin [Bras principal] à Saint-Joseph;55.645672686;-21.381009615;974;Rivière Langevin;LA REUNION
4001000101;La rivière Langevin [Bras principal] à Saint-Joseph [Barrage];55.644621986;-21.340248013;974;Rivière Langevin;LA REUNION
4001000201;La rivière Langevin [Bras principal] à Saint-Joseph [Passerelle];55.643387787;-21.33902202;974;Rivière Langevin;LA REUNION
4032000401;La rivière Saint-Denis [Bras principal] à Saint-Denis [Amont prise d'eau Bellepierre];55.433358102;-20.908028161;974;Rivière Saint-Denis;LA REUNION
4032000301;La rivière Saint-Denis [Bras principal] à Saint-Denis [Seuil Bourbon];55.445329971;-20.883458667;974;Rivière Saint-Denis;LA REUNION
4030001001;La rivière Sainte-Suzanne [Bras Principal] à Sainte-Suzanne [En aval du bassin Ravine Creuse];55.578392671;-20.960661983;974;Rivière Sainte-Suzanne;LA REUNION
4030000401;La rivière Sainte-Suzanne [Bras principal] à Sainte-Suzanne [Amont Cascade Niagara];55.602405419;-20.921464584;974;Rivière Sainte-Suzanne;LA REUNION
4030000501;La rivière Sainte-Suzanne [Bras principal] à Sainte-Suzanne [Bassin ravine Creuse];55.578183881;-20.960814626;974;Rivière Sainte-Suzanne;LA REUNION
4030000801;La rivière Sainte-Suzanne à Sainte-Suzanne;55.564220224;-20.975421481;974;Rivière Sainte-Suzanne;LA REUNION
4030000701;La rivière Sainte-Suzanne à Sainte-Suzanne [Bassin Grondin];55.582434329;-20.951219368;974;Rivière Sainte-Suzanne;LA REUNION
4062000801;La rivière d'Abord [Bras Principal] à Saint-Pierre [Mon Caprice];55.500726674;-21.308904026;974;Rivière d'Abord;LA REUNION
4005000101;La rivière de l'Est [Bras Principal] à Sainte-Rose;55.721976963;-21.175188555;974;Rivière de l'Est;LA REUNION
4040000101;La rivière des Galets [Bras Principal] à Saint-Paul;55.403954009;-21.020994405;974;Rivière des Galets;LA REUNION
4041000201;La rivière des Galets à la Possession - îlet Flamand;55.383883783;-20.997951506;974;Rivière des Galets;LA REUNION
4012000201;La rivière des Marsouins [Bras Principal] à Saint-Benoît [Centre-Ville];55.714487228;-21.035025937;974;Rivière des Marsouins;LA REUNION
4012000101;La rivière des Marsouins [Bras principal] à Saint-Benoît [Bethléem];55.679712956;-21.04147154;974;Rivière des Marsouins;LA REUNION
4031000201;La rivière des Pluies [Bras Principal] à Saint-Denis [Piton Tanan];55.68834393;-20.971101281;974;Rivière des Pluies;LA REUNION
4031000101;La rivière des Pluies [Bras Principal] à Saint-Denis [Pont Desbassyns];55.509635427;-20.916416225;974;Rivière des Pluies;LA REUNION
4000000101;La rivière des Remparts [Bras Principal] à Saint-Joseph [Pont RN 2];55.615699903;-21.376618691;974;Rivière des Remparts;LA REUNION
4000000102;La rivière des Remparts [Bras Principal] à Saint-Joseph [Pont RN 2] - Canal Payet;55.615654868;-21.375254291;974;Rivière des Remparts;LA REUNION
4013000101;La rivière des Roches [Bras Principal] à Saint-Benoît [Abondance];55.6599349;-21.035399628;974;Rivière des Roches;LA REUNION
4013000201;La rivière des Roches [Bras Principal] à Saint-Benoît [Bassin La Paix];55.670555899;-21.023693915;974;Rivière des Roches;LA REUNION
4020000101;La rivière du Mât [Bras Principal] à Salazie [Pont de l'Escalier];55.579492877;-20.998919379;974;Rivière du Mât;LA REUNION
4020000201;La rivière du Mât [Bras Principal] à Salazie [Trou Blanc];55.493714767;-21.061325083;974;Rivière du Mât;LA REUNION
4022000101;La rivière du Mât [Bras principal] à Bras-Panon [Barrage Bengalis];55.640255699;-20.978258533;974;Rivière du Mât;LA REUNION
4030000601;Le bras Laurent [Affluent] à Sainte-Suzanne;55.568599139;-20.975142151;974;Bras Laurent;LA REUNION
4010000101;Le bras Noir à la Plaine-des-Palmistes - Bras Noir;55.585693089;-21.143904766;974;Bras Noir;LA REUNION
4041000101;Le bras Sainte-Suzanne [Affluent] à la Possession [Prise ILO];55.406119298;-20.992858769;974;Bras Sainte-Suzanne;LA REUNION
4061000101;Le bras de Sainte-Suzanne au Tampon;55.534590444;-21.181247256;974;Bras de Sainte-Suzanne;LA REUNION
4021000101;Le bras des Lianes à Bras-Panon [Amont cascade du Chien];55.61149735;-21.025986285;974;Bras des Lianes;LA REUNION
3035000101;Le Mro wa Bouyouni à Bandraboua [Bouyouni Bas];45.140670399;-12.743791491;976;Mro wa Bouyouni;MAYOTTE
3035000201;Le Mro wa Bouyouni à Tsingoni [Bouyouni Haut];45.148436832;-12.760561754;976;Mro wa Bouyouni;MAYOTTE
3051000101;Le Mro wa Chirini à Tsingoni [Soulou];45.106967053;-12.775430173;976;Mro wa Chirini;MAYOTTE
3054000101;Le Mro wa Coconi à Ouangani [Hapandzo];45.132076288;-12.834061555;976;Mro wa Coconi;MAYOTTE
3092000101;Le Mro wa Dembéni à Dembeni [Dembéni Bas];45.177033542;-12.840129963;976;Mro wa Dembéni;MAYOTTE
3013000101;Le Mro wa Gouloué à Mamoudzou [Passamainty];45.205680635;-12.800646373;976;Mro wa Gouloué;MAYOTTE
3014000101;Le Mro wa Kwalé à Mamoudzou [Kwalé Station];45.185710871;-12.797179721;976;Mro wa Kwalé;MAYOTTE
3036000101;Le Mro wa Longoni à Koungou [Longoni];45.164894403;-12.73753793;976;Mro wa Longoni;MAYOTTE
3033000601;Le Mro wa Maré [Affluent retenue Dzoumogné] à Bandraboua;45.100237019;-12.716891341;976;Mro wa Maré;MAYOTTE
3021000101;Le Mro wa Mgombani à Koungou [Mgombani];45.178368783;-12.733667893;976;Mro wa Mgombani;MAYOTTE
3033000201;Le Mro wa Mjihari à Bandraboua [Dzoumogné Ouest];45.110914892;-12.722328785;976;Mro wa Mjihari;MAYOTTE
3033000301;Le Mro wa Mjihari à Bandraboua [Mapouéra];45.099822626;-12.717956433;976;Mro wa Mjihari;MAYOTTE
3033000501;Le Mro wa Mouhogoni à Bandraboua [Mouhogoni];45.116986292;-12.724668283;976;Mro wa Mouhogoni;MAYOTTE
3053000101;Le Mro wa Ourovéni à Tsingoni [Mouala];45.146913736;-12.771350726;976;Mro wa Ourovéni;MAYOTTE
3053000201;Le Mro wa Ourovéni à Tsingoni [Ouroveni Pont];45.127685913;-12.808210302;976;Mro wa Ourovéni;MAYOTTE
3094000101;Le Mro wa Salim Bé à Dembeni [Salim Bé];45.19411718;-12.873241559;976;Mro wa Salim Bé;MAYOTTE
3094000102;Le Mro wa Salim Bé à Dembeni [Salim Bé] - Station BRGM;45.19411718;-12.873241559;976;Mro wa Salim Bé;MAYOTTE
3033000101;Le Mro wa Tanabé à Bandraboua [Dzoumogné Retenue];45.106868127;-12.715276989;976;Mro wa Tanabé;MAYOTTE
3073000101;Le Mroni Antanana à Kani-Kéli [Mronabéja];45.129723012;-12.97068984;976;Mroni Antanana;MAYOTTE
3045000101;Le Mroni Boungoumouhé à M'Tsangamouji [Boungoumouhé];45.098430035;-12.761317582;976;Mroni Boungoumouhé;MAYOTTE
3074000101;Le Mroni Bé à Bandrele [Bé Dapani];45.158037662;-12.968467768;976;Mroni Bé;MAYOTTE
3052000101;Le Mrowalé à Tsingoni [Mrowalé];45.110564284;-12.784688572;976;Mrowalé;MAYOTTE
3033000401;[La Méresse] à Bandraboua;45.135569806;-12.732029374;976;;MAYOTTE
D022000201;Hante en Belgique [Beaumont];4.233519834;50.229430551;;Hante;
D022000301;Hante en Belgique [Wiheries];4.175025;50.298971239;;Hante;
V024561301;L'Arve en Suisse - Bout-du-Monde (OFEV);6.159356112;46.18034761;;L'Arve;
E240041201;L'Escaut canalisée en Belgique [Tournai];3.39094266;50.608462521;;L'Escaut Canalisée;
E490941501;L'Yser en Belgique [Roesbrugge];2.622905902;50.920179453;;Yser;
A937203050;La Blies en Allemagne [Blieskastel];7.263564065;49.236744052;;La Blies;
A937204050;La Blies en Allemagne [Reinheim];7.183911524;49.136002009;;La Blies;
B400101101;La Chiers [La Messancy] en Belgique [Athus];5.830923294;49.565634096;;La Chiers;
B422431101;La Chiers en Belgique [Torgny];5.46588626;49.508744903;;La Chiers;
B732201101;La Houille en Belgique [Felenne];4.844659376;50.042538916;;La Houille;
E531022101;La Liane à Boulogne-sur-Mer - Barrage Marguet Amont barrage;1.6008422;50.723064771;;;
E531022102;La Liane à Boulogne-sur-Mer - Barrage Marguet Mer;1.600638891;50.723333334;;;
E381126601;La Lys [Lys] en Belgique [Menen - Menin] - Ropswalle;3.107730946;50.785558333;;La Lys;
D021000101;La Sambre canalisée en Belgique [Solre - Erquelinnes];4.14106994;50.309096225;;La Sambre Canalisée;
A940000101;La Sarre en Allemagne [Hanweiler];7.062780008;49.113597678;;La Sarre;
B610000601;La Semoy en Belgique [Bouillon];5.063449798;49.792275382;;La Semoy;
B610000401;La Semoy en Belgique [Chiny];5.350572711;49.745092549;;La Semoy;
B610000201;La Semoy en Belgique [Membre];4.902194102;49.863626647;;La Semoy;
B610000701;La Semoy en Belgique [Sainte-Marie];5.563447063;49.684881114;;La Semoy;
B610000801;La Semoy en Belgique [Straimont];5.381465466;49.793076541;;La Semoy;
B610000301;La Semoy en Belgique [Tintigny];5.518802166;49.687135146;;La Semoy;
D022000101;La Thure en Belgique [Bersillies-L'Abbaye];4.1485937;50.261092239;;rivière la thure;
A040000101;Le Rhin en Allemagne [Breisach];7.572528243;48.043104903;;Le Rhin;
A060005050;Le Rhin en Allemagne [Kehl Kronenhof];7.804630572;48.563180169;;Le Rhin;
A375005050;Le Rhin en Allemagne [Maxau];8.305047404;49.038557642;;Le Rhin;
A355005050;Le Rhin en Allemagne [Plittersdorf];8.136368679;48.885497686;;Le Rhin;
A021005050;Le Rhin en Suisse [Bâle (Rheinhalle)];7.606153158;47.556969907;;Le Rhin;
V042000101;Le Rhône [Barrage Chancy-Pougny] en Suisse - Chancy;5.96974524;46.151584574;;Le Rhône;
B423000102;Le Ton en Belgique [Harnoncourt];5.49401493;49.53749701;;Le Thon;
Y880000101;Le ruisseau de Codi à Sorbollano [EDF - Codi];9.114812619;41.743812357;;;
Y971000201;Le ruisseau de Palavesani à Porto-Vecchio;9.189781975;41.661609911;;;
E182702501;Trouille en Belgique [Givry];4.033394165;50.372639217;;Trouille;
Y653581001;[La source Marie] à Monaco;7.437010806;43.749307876;;;
V036000101;[Lac Léman] en Suisse - St-Prex;6.461636751;46.483645233;;;
V035501202;[Le Rhône] en Suisse - Halle de l'Ile - Barrage du Seujet (OFEV);6.141595329;46.204572114;;;
B713000201;[Le Viroin] en Belgique [Couvin];4.499832536;50.040909182;;;
B713000301;[Le Viroin] en Belgique [Nismes];4.556657575;50.085502549;;;
B713000101;[Le Viroin] en Belgique [Treignes];4.675952521;50.088782013;;;
Y653601001;[Le vallon de Moneghetti] à Monaco [Sainte-Devôte];7.421064012;43.737627689;;;
Y653621001;[Le vallon de Saint-Roman] à Monaco [Saint-Roman];7.438076754;43.750066541;;;
Y653622001;[Le vallon de Saint-Roman] à Monaco [Testimonio];7.438076754;43.750066541;;;
Y653661001;[Le vallon de la Noix] à Monaco;7.430625878;43.744565993;;;
Y653641001;[Le vallon de la Rousse] à Monaco;7.432469234;43.747176701;;;
